/*******************************************************************************
 * Size: 20 px
 * Bpp: 4
 * Opts: --font C:\Windows\Fonts\NotoSansTC-VF.ttf --size 20 --bpp 4 --format lvgl --range 0x20-0x7E --symbols °·€一三中二五亮今作偏停內全六冰冷出劇功勒動即四土均報境壓壤外多夜大天夾好室屋工已常幕度強排掛放新日時晴暖更月有校植機氣水法清溫澆濕烈無燈物率環用異確空窗立箱線缺羅腦自良色螢認請讀送逐週過開閱關降陣除陰離雨雪雲雷雹電需霧預風高鬆 --lv-include lvgl.h -o C:\Users\Ruanyouyi\Documents\PlatformIO\Projects\NLDeskCYD\src\font_noto_20.c
 ******************************************************************************/

#ifdef LV_LVGL_H_INCLUDE_SIMPLE
#include "lvgl.h"
#else
#include "lvgl.h"
#endif

#ifndef FONT_NOTO_20
#define FONT_NOTO_20 1
#endif

#if FONT_NOTO_20

/*-----------------
 *    BITMAPS
 *----------------*/

/*Store the image of the glyphs*/
static LV_ATTRIBUTE_LARGE_CONST const uint8_t glyph_bitmap[] = {
    /* U+0020 " " */

    /* U+0021 "!" */
    0xa, 0x20, 0x33, 0x0, 0x7f, 0xf2, 0x84, 0x41,
    0xe0, 0x7, 0x0, 0xea, 0x40, 0x71,

    /* U+0022 "\"" */
    0x2b, 0x4, 0x90, 0xe, 0x31, 0x7, 0x10, 0xd,
    0xe3, 0xe0, 0x48,

    /* U+0023 "#" */
    0x0, 0x8d, 0x80, 0x4, 0xe0, 0x19, 0x88, 0x0,
    0xc4, 0x1, 0x89, 0xc0, 0x4, 0xc0, 0x1b, 0xc8,
    0x1, 0xc2, 0x1, 0x88, 0x40, 0x4, 0x40, 0x3,
    0xd3, 0xd5, 0x4f, 0x4e, 0xf, 0x4f, 0x55, 0x3d,
    0x38, 0x4, 0x60, 0x1f, 0x8b, 0x80, 0x2, 0x40,
    0x2, 0xae, 0xba, 0xa9, 0x28, 0xca, 0xa9, 0xf5,
    0x4d, 0xfa, 0x30, 0x7, 0x10, 0x0, 0x44, 0x1,
    0x88, 0x40, 0x1c, 0x40, 0x1f, 0x8c, 0x3, 0xff,
    0x82,

    /* U+0024 "$" */
    0x0, 0xd6, 0x1, 0xff, 0xc3, 0x6b, 0x4b, 0x60,
    0x9, 0xc6, 0xfe, 0xc1, 0x80, 0x16, 0xe0, 0x13,
    0x30, 0x0, 0xe0, 0x1f, 0x9c, 0x3, 0xf5, 0x48,
    0x7, 0xcd, 0xf6, 0x60, 0x1e, 0x6a, 0xa8, 0x40,
    0x38, 0x66, 0x58, 0x40, 0x1e, 0x3e, 0x90, 0xf,
    0x8d, 0xc0, 0x3f, 0x38, 0x8, 0x7, 0x9c, 0x16,
    0x88, 0x2, 0x8a, 0x4, 0x8b, 0xb6, 0x5e, 0xb0,
    0x0, 0xa6, 0xde, 0xd4, 0x3, 0xfe,

    /* U+0025 "%" */
    0x0, 0x45, 0x51, 0xc0, 0x3d, 0x60, 0x1c, 0xfb,
    0x54, 0x6, 0x0, 0xcb, 0xc0, 0x1d, 0x8a, 0x0,
    0x7d, 0x0, 0xdc, 0xa0, 0x1c, 0x20, 0x1f, 0x9f,
    0xc0, 0x3c, 0x60, 0x1f, 0xb5, 0x0, 0x3c, 0x40,
    0x1f, 0x44, 0x80, 0x7f, 0xc2, 0x0, 0x12, 0x30,
    0x89, 0x90, 0x80, 0x3a, 0x0, 0x11, 0xe1, 0x10,
    0xa, 0xb9, 0x8a, 0x0, 0x2e, 0xcc, 0xb1, 0x8,
    0x8, 0x86, 0x60, 0x1e, 0x60, 0x2, 0xcc, 0x94,
    0x22, 0x0, 0xf8, 0x1, 0x27, 0x80, 0x78, 0xf4,
    0x40, 0xc4, 0x2, 0x13, 0x0, 0xf4, 0x38, 0x0,
    0xc4, 0x2, 0x13, 0x0, 0xe5, 0xd0, 0x9, 0xf4,
    0x2, 0x5e, 0x0, 0xee, 0x60, 0x8, 0x8c, 0x40,
    0x1e, 0xc0, 0x19, 0xb8, 0x3, 0xaa, 0xe6, 0xbc,
    0x40,

    /* U+0026 "&" */
    0x0, 0x86, 0xa9, 0x66, 0x1, 0xfa, 0xe2, 0xa9,
    0x0, 0x1f, 0x8, 0x10, 0x8, 0x7, 0xf1, 0x80,
    0x7f, 0xc2, 0x60, 0x7, 0xe0, 0xf, 0xf3, 0x8a,
    0x80, 0x7e, 0xff, 0x1b, 0x0, 0x7e, 0x2f, 0x25,
    0x0, 0xe8, 0x0, 0x14, 0x57, 0x58, 0x6, 0x4e,
    0x0, 0x4d, 0x81, 0xe3, 0x0, 0x5c, 0xc0, 0x23,
    0x0, 0x1b, 0xc, 0x8, 0xc0, 0x3f, 0x54, 0x1c,
    0x40, 0x0, 0x2c, 0x1, 0xd7, 0x80, 0x20, 0x14,
    0xd8, 0x80, 0x6, 0x60, 0x20, 0x2, 0x5f, 0xaa,
    0xae, 0x9e, 0xb2, 0xc0,

    /* U+0027 "'" */
    0x2b, 0x0, 0x18, 0x80, 0x7, 0xc0,

    /* U+0028 "(" */
    0x0, 0x84, 0x3, 0x48, 0x4, 0x5e, 0x1, 0x53,
    0x80, 0x42, 0x1, 0x26, 0x0, 0x58, 0xe0, 0x11,
    0x10, 0x3, 0xff, 0xaa, 0x60, 0x1b, 0xcc, 0x2,
    0x74, 0x0, 0x87, 0x80, 0x36, 0x18, 0x4, 0xb6,
    0x1, 0xb4, 0x40,

    /* U+0029 ")" */
    0x11, 0x0, 0x52, 0x0, 0x1f, 0x10, 0x3, 0x48,
    0x0, 0x44, 0x1, 0x79, 0x80, 0x11, 0x0, 0x2,
    0xd0, 0xf, 0xfe, 0x79, 0x80, 0xf, 0xc0, 0x16,
    0xe0, 0x1, 0x10, 0x1e, 0x0, 0x29, 0x40, 0xb4,
    0x0,

    /* U+002A "*" */
    0x0, 0xc, 0x80, 0x4, 0x8c, 0xc0, 0x41, 0x7e,
    0xb6, 0xe3, 0x2c, 0x7e, 0xa0, 0xb9, 0xbe, 0x0,
    0x47, 0x1a, 0x0,

    /* U+002B "+" */
    0x0, 0xe1, 0x0, 0xfc, 0x50, 0x1, 0xff, 0xd6,
    0x2a, 0xaa, 0x52, 0xaa, 0x72, 0xaa, 0xa5, 0x2a,
    0xa7, 0x0, 0xff, 0xeb, 0x15, 0x80, 0x60,

    /* U+002C "," */
    0x19, 0x5, 0x65, 0x49, 0x10, 0xc4, 0x89, 0x8,
    0x30,

    /* U+002D "-" */
    0x1b, 0xbc, 0xe0,

    /* U+002E "." */
    0x3a, 0x6, 0x70,

    /* U+002F "/" */
    0x0, 0xfa, 0x80, 0x3c, 0xbe, 0x1, 0xef, 0x50,
    0xe, 0x13, 0x0, 0xf3, 0xd0, 0x7, 0xb0, 0xc0,
    0x38, 0x88, 0x1, 0xea, 0xa0, 0x7, 0x88, 0x80,
    0x1c, 0x7a, 0x1, 0xea, 0x60, 0xf, 0x18, 0x80,
    0x72, 0x60, 0x7, 0xb9, 0x80, 0x3f, 0xf8, 0x2d,
    0xc0, 0x1e, 0xc4, 0x0, 0xe1, 0x30, 0xf, 0x35,
    0x0, 0x78, 0x8c, 0x3, 0xc0,

    /* U+0030 "0" */
    0x0, 0x3d, 0xd5, 0x8, 0x2, 0x80, 0xba, 0x8e,
    0x10, 0x13, 0x70, 0x1, 0x4b, 0x3, 0x70, 0x6,
    0x5b, 0xd, 0x70, 0xe, 0x70, 0x62, 0x0, 0xe3,
    0x30, 0x7, 0xde, 0xe0, 0x1f, 0x8, 0x7, 0xe1,
    0x0, 0xfd, 0xee, 0xc4, 0x1, 0xc6, 0x6d, 0x40,
    0xe, 0x70, 0x6a, 0x0, 0xcb, 0x60, 0x28, 0xe0,
    0x2, 0x96, 0x0, 0x40, 0x5d, 0x47, 0x8, 0x0,

    /* U+0031 "1" */
    0x0, 0x2d, 0x70, 0x7, 0x9, 0xe1, 0x0, 0x70,
    0xb3, 0x1c, 0x3, 0xff, 0xfe, 0x1, 0xff, 0xd0,
    0x1a, 0xa9, 0x6a, 0xa0,

    /* U+0032 "2" */
    0x0, 0x25, 0x56, 0x10, 0xa, 0x32, 0xaa, 0x8d,
    0x0, 0xb2, 0x0, 0x22, 0xa6, 0x0, 0x20, 0x7,
    0x26, 0x0, 0x7e, 0x30, 0xf, 0xe2, 0x20, 0x7,
    0xeb, 0xb0, 0x7, 0xe3, 0x30, 0x7, 0xd1, 0xe0,
    0x1f, 0x20, 0xa0, 0x7, 0x87, 0xe4, 0x3, 0xc3,
    0x54, 0x0, 0xf0, 0xd4, 0x88, 0x7, 0xd, 0x49,
    0x0, 0x7b, 0xc2, 0xe6, 0x79, 0x0,

    /* U+0033 "3" */
    0x0, 0x25, 0x52, 0xec, 0x80, 0x13, 0x1d, 0x52,
    0xeb, 0xd0, 0x0, 0xce, 0x1, 0xc, 0xf0, 0x7,
    0xe3, 0x10, 0xf, 0xcf, 0xa0, 0x1e, 0x17, 0xf6,
    0x0, 0xcb, 0xbd, 0xf2, 0x1, 0xcb, 0xbd, 0xcb,
    0x10, 0xf, 0xb, 0x45, 0x0, 0x7e, 0x31, 0x10,
    0x7, 0xe2, 0x50, 0xf, 0xc2, 0xc2, 0x80, 0x1e,
    0x52, 0x1e, 0x70, 0xd, 0x50, 0x0, 0xa2, 0xbb,
    0x55, 0x25, 0x0,

    /* U+0034 "4" */
    0x0, 0xf2, 0x40, 0x7, 0xef, 0x10, 0xf, 0xa3,
    0x40, 0x3e, 0x33, 0x20, 0x7, 0xdf, 0x40, 0x1f,
    0x3d, 0x8, 0x7, 0x8b, 0x18, 0x3, 0xe9, 0x90,
    0x7, 0xcd, 0xa4, 0x1, 0xe1, 0xd6, 0x0, 0xf9,
    0x82, 0xab, 0x73, 0x53, 0xba, 0xea, 0xb7, 0x35,
    0x38, 0x7, 0xff, 0x48,

    /* U+0035 "5" */
    0x0, 0x5d, 0x57, 0x30, 0x6, 0xaa, 0xe6, 0x0,
    0xff, 0xe0, 0x88, 0x7, 0xe1, 0x30, 0xf, 0xc6,
    0x11, 0x54, 0x92, 0x0, 0x8c, 0xd7, 0x54, 0xbe,
    0x40, 0x0, 0xd1, 0x80, 0xb, 0x64, 0x3, 0xf0,
    0xb9, 0x80, 0x7e, 0xd6, 0x0, 0xfe, 0x10, 0xf,
    0xda, 0xc2, 0x40, 0x1c, 0x22, 0x20, 0x95, 0x0,
    0x86, 0xa4, 0x6, 0xca, 0xea, 0x97, 0x24, 0x0,

    /* U+0036 "6" */
    0x0, 0xc, 0xdd, 0xc8, 0x0, 0x1d, 0xab, 0xb8,
    0xc0, 0x17, 0xe6, 0x1, 0x38, 0x8, 0x18, 0x7,
    0x9f, 0xc0, 0x3e, 0xf7, 0x29, 0xaa, 0x28, 0x0,
    0x9e, 0xe2, 0xa9, 0xae, 0xd, 0xb2, 0x20, 0x8,
    0xb1, 0x14, 0x0, 0x75, 0xa3, 0x8, 0x7, 0x19,
    0x14, 0x1, 0xf6, 0x20, 0x7, 0x19, 0x26, 0x0,
    0x76, 0x28, 0x7d, 0x0, 0x4f, 0xa0, 0x4, 0xeb,
    0xb8, 0x58, 0x0,

    /* U+0037 "7" */
    0xa, 0xaf, 0xb5, 0x42, 0xab, 0xd6, 0xca, 0x1,
    0xf4, 0x48, 0x7, 0xc4, 0x4, 0x1, 0xf4, 0x40,
    0x3, 0xe1, 0x1, 0x0, 0xf9, 0xb8, 0x3, 0xf6,
    0x20, 0x7, 0xe7, 0x0, 0xfc, 0x6a, 0x1, 0xf9,
    0x7c, 0x3, 0xf7, 0x10, 0x7, 0xe2, 0x60, 0xf,
    0xc2, 0x60, 0x1f, 0x9c, 0x40, 0x30,

    /* U+0038 "8" */
    0x0, 0xa2, 0xa9, 0x6a, 0x1, 0xab, 0x6a, 0x97,
    0x8a, 0x0, 0x10, 0x50, 0xa, 0x64, 0x0, 0x2d,
    0x0, 0xe7, 0x0, 0x17, 0x0, 0x7e, 0x10, 0x30,
    0x8, 0x8c, 0x2, 0x9a, 0x81, 0xb, 0x80, 0x8,
    0xcd, 0xb7, 0xba, 0x0, 0x8a, 0x69, 0x6b, 0xa1,
    0x0, 0x13, 0x60, 0x11, 0xe4, 0x8, 0x0, 0x40,
    0x3a, 0x9c, 0x44, 0x1, 0xe2, 0x11, 0x30, 0x7,
    0xb0, 0xc3, 0xec, 0x40, 0x25, 0x24, 0x3, 0x9b,
    0xaa, 0x59, 0x50, 0x0,

    /* U+0039 "9" */
    0x0, 0x15, 0x52, 0xe0, 0x3, 0x14, 0xdd, 0x5d,
    0xc0, 0x14, 0x48, 0x80, 0xf, 0x9c, 0x0, 0xc4,
    0x1, 0x97, 0x0, 0xe, 0x1, 0xfc, 0xe0, 0x1e,
    0x22, 0x3, 0x10, 0x6, 0x16, 0x10, 0x89, 0x20,
    0x2, 0x5b, 0x0, 0xa, 0x6e, 0xa4, 0xa8, 0x4,
    0x0, 0x53, 0x52, 0xc0, 0x44, 0x0, 0xff, 0xe2,
    0x99, 0x80, 0x3f, 0x44, 0x80, 0x19, 0x0, 0x28,
    0xd1, 0x0, 0x36, 0x5d, 0x53, 0x18, 0x0,

    /* U+003A ":" */
    0x4d, 0x7, 0x70, 0x1d, 0x0, 0x7f, 0xf1, 0xce,
    0x81, 0x9c, 0x0,

    /* U+003B ";" */
    0x4d, 0x7, 0x70, 0x1d, 0x0, 0x7f, 0xf1, 0xc6,
    0x41, 0x59, 0x52, 0x44, 0x31, 0x22, 0x42, 0xc,
    0x0,

    /* U+003C "<" */
    0x0, 0xfe, 0x30, 0xf, 0x1c, 0xd3, 0x80, 0x66,
    0xab, 0x8a, 0x40, 0x29, 0xa3, 0xa8, 0x10, 0x1,
    0xfd, 0xd2, 0x80, 0x71, 0xcc, 0x49, 0x80, 0x79,
    0x2a, 0x2e, 0xcc, 0x1, 0xe1, 0x8b, 0x3b, 0x93,
    0x0, 0xf2, 0xdd, 0x98,

    /* U+003D "=" */
    0x2a, 0xaf, 0xcc, 0x55, 0x5f, 0x98, 0x3, 0xff,
    0x90, 0x55, 0x5f, 0x9c,

    /* U+003E ">" */
    0x12, 0x0, 0xfe, 0xaa, 0x28, 0x7, 0x86, 0x28,
    0x2a, 0x8, 0x3, 0xcb, 0x55, 0x94, 0x3, 0xc5,
    0x15, 0x94, 0x1, 0xc2, 0xd5, 0xd6, 0x1, 0x1c,
    0xd9, 0x53, 0x88, 0x3d, 0xa4, 0x52, 0x0, 0x44,
    0x4b, 0x71, 0x0, 0xe0,

    /* U+003F "?" */
    0x0, 0x4d, 0x52, 0xcc, 0x1, 0x37, 0x55, 0x78,
    0x84, 0x90, 0x0, 0x65, 0x80, 0x3c, 0xde, 0x1,
    0xe4, 0xd0, 0xe, 0x1c, 0x50, 0xe, 0xb9, 0x0,
    0xe7, 0xf2, 0x0, 0xc3, 0x8a, 0x1, 0xc9, 0xc0,
    0x1e, 0x36, 0x0, 0xf3, 0x18, 0x7, 0xff, 0x9,
    0x9c, 0x3, 0xdf, 0xa0, 0x10,

    /* U+0040 "@" */
    0x0, 0xe1, 0x7a, 0x99, 0x90, 0x3, 0xf4, 0x41,
    0x2a, 0x65, 0x5, 0x64, 0x1, 0x86, 0xed, 0x26,
    0x1, 0xb, 0x54, 0x88, 0x5, 0x72, 0x60, 0x1f,
    0xc, 0xd8, 0x1, 0xfc, 0x80, 0x3f, 0x88, 0xc4,
    0x31, 0x40, 0x23, 0xab, 0x76, 0x0, 0xb1, 0xd7,
    0x40, 0x25, 0xaa, 0x59, 0x50, 0x4, 0xc3, 0x8e,
    0x1, 0x7c, 0x80, 0x15, 0x80, 0x21, 0xf3, 0x10,
    0x3, 0xf0, 0x4, 0x7a, 0x1, 0x37, 0x0, 0x6d,
    0x50, 0x9, 0x4c, 0x2, 0xc5, 0x0, 0xc6, 0x1,
    0xb1, 0x80, 0x2, 0x66, 0x0, 0xdb, 0x20, 0x7,
    0x4, 0x1, 0xa9, 0x2, 0x20, 0x1, 0x3a, 0xa8,
    0xb5, 0xf5, 0x12, 0x41, 0x74, 0x1, 0x35, 0x50,
    0x82, 0x6a, 0x48, 0x0, 0x64, 0x40, 0xf, 0xfe,
    0x15, 0xc9, 0x0, 0x7f, 0xf0, 0x46, 0xa5, 0xc4,
    0x2, 0x3b, 0x40, 0xf, 0xd, 0x9c, 0x55, 0x57,
    0x28, 0x1, 0x80,

    /* U+0041 "A" */
    0x0, 0xeb, 0x30, 0xf, 0xe1, 0x3b, 0x0, 0xfe,
    0x6a, 0x10, 0xf, 0xed, 0x2f, 0x40, 0xf, 0x88,
    0x80, 0xfa, 0x1, 0xf2, 0xd8, 0x9, 0x80, 0x7d,
    0x86, 0x0, 0xc5, 0x0, 0xe3, 0x30, 0x4, 0xfe,
    0x1, 0xd7, 0x40, 0x10, 0x88, 0x3, 0x9e, 0x2a,
    0xb2, 0x28, 0x4, 0x71, 0x55, 0xdd, 0xe0, 0x15,
    0x28, 0x7, 0x8, 0xc0, 0x2, 0x20, 0x7, 0xb5,
    0xc1, 0x30, 0x3, 0xe7, 0xd0, 0xd5, 0x0, 0xf8,
    0x40, 0x40,

    /* U+0042 "B" */
    0xca, 0xad, 0x70, 0x20, 0x7, 0xaa, 0xd7, 0x6a,
    0x10, 0xf, 0x8f, 0x98, 0x3, 0xf2, 0x68, 0x7,
    0xff, 0x19, 0xb0, 0x3, 0xe6, 0xc6, 0x7, 0xaa,
    0xaf, 0xae, 0x0, 0xf, 0x55, 0x5f, 0x7d, 0x40,
    0x7, 0xc5, 0x3e, 0xa0, 0x1f, 0x97, 0x0, 0x3f,
    0x84, 0x3, 0xf2, 0xe0, 0x7, 0x85, 0xf9, 0x1e,
    0xaa, 0xbb, 0x8a, 0x40,

    /* U+0043 "C" */
    0x0, 0x92, 0xae, 0xe7, 0x0, 0xd1, 0xb7, 0x78,
    0x6c, 0x0, 0xc1, 0x22, 0x1, 0x35, 0x80, 0x2a,
    0x0, 0x3f, 0x2d, 0x80, 0x7f, 0x62, 0x0, 0x7f,
    0x11, 0x0, 0x3f, 0x9c, 0x40, 0x3f, 0x9c, 0x40,
    0x3f, 0x88, 0x80, 0x1f, 0xd8, 0x80, 0x1f, 0xcb,
    0x60, 0x1f, 0xea, 0x80, 0xf, 0x11, 0x1, 0x82,
    0x44, 0x2, 0x49, 0x30, 0x4, 0x6d, 0xe5, 0xdb,
    0x2c, 0x40,

    /* U+0044 "D" */
    0xca, 0xaa, 0xe9, 0x40, 0x27, 0xaa, 0xae, 0xc5,
    0x60, 0x1f, 0xb, 0xf5, 0x0, 0x7e, 0x50, 0x30,
    0xf, 0xdd, 0x60, 0x1f, 0x91, 0x0, 0x1f, 0xfe,
    0x44, 0x40, 0x7, 0xef, 0xb0, 0xf, 0x94, 0x4c,
    0x3, 0x85, 0xfa, 0x81, 0xea, 0xab, 0xa2, 0xb0,
    0x0,

    /* U+0045 "E" */
    0xca, 0xaf, 0x81, 0xea, 0xbe, 0x0, 0xff, 0xf1,
    0x3d, 0x57, 0x48, 0x1, 0xea, 0xba, 0x40, 0x3f,
    0xfc, 0x6f, 0x55, 0xf1, 0x0,

    /* U+0046 "F" */
    0xca, 0xaf, 0x9e, 0xab, 0xe0, 0xf, 0xfe, 0xe3,
    0xd5, 0x74, 0x83, 0xd5, 0x74, 0x80, 0x7f, 0xf9,
    0x40,

    /* U+0047 "G" */
    0x0, 0x8e, 0xb2, 0xed, 0x44, 0x1, 0x3c, 0xc6,
    0x5d, 0xa2, 0x4, 0xb, 0xd4, 0x40, 0x11, 0x51,
    0x4, 0xc8, 0x3, 0xf2, 0xd8, 0x7, 0xf6, 0x20,
    0x7, 0xf1, 0x10, 0x3, 0xfc, 0x20, 0x19, 0xea,
    0xa8, 0x11, 0x0, 0x67, 0xaa, 0x41, 0x19, 0x0,
    0x7f, 0x6a, 0x0, 0x7f, 0x25, 0x80, 0x7f, 0xa6,
    0x40, 0x1f, 0xcb, 0xd4, 0x20, 0x11, 0x47, 0x80,
    0x1e, 0x6e, 0xf4, 0x41, 0x40,

    /* U+0048 "H" */
    0xb0, 0xf, 0xd8, 0x1, 0xff, 0xf0, 0x7a, 0xaf,
    0xc0, 0xf5, 0x5f, 0x80, 0x3f, 0xfe, 0x20,

    /* U+0049 "I" */
    0xb0, 0xf, 0xfe, 0x10,

    /* U+004A "J" */
    0x0, 0xfb, 0x0, 0x3f, 0xff, 0xe0, 0x1f, 0xfc,
    0x24, 0x0, 0xc2, 0xe1, 0xac, 0x1, 0x5f, 0x84,
    0x8d, 0xdb, 0x3d, 0x0,

    /* U+004B "K" */
    0xb0, 0xf, 0x15, 0x80, 0x7c, 0x3d, 0x40, 0x1f,
    0x57, 0x88, 0x7, 0xab, 0xcc, 0x3, 0xd1, 0xa8,
    0x1, 0xe6, 0x47, 0x0, 0xf2, 0x63, 0x90, 0x7,
    0x17, 0xd4, 0xc8, 0x3, 0x3c, 0xd0, 0x11, 0x10,
    0x3, 0x48, 0x80, 0x22, 0x0, 0x13, 0x90, 0x4,
    0x28, 0xa0, 0x1f, 0xa2, 0x40, 0x3f, 0xa9, 0xc0,
    0x3f, 0x35, 0x88, 0x7, 0xe8, 0x80,

    /* U+004C "L" */
    0xb0, 0xf, 0xff, 0xf8, 0x7, 0xff, 0x61, 0xea,
    0xbc, 0xe0,

    /* U+004D "M" */
    0xc8, 0x0, 0xf8, 0xbc, 0xd8, 0xc0, 0x3e, 0xa5,
    0x0, 0x19, 0x80, 0x3c, 0x64, 0x3, 0x54, 0x0,
    0xe3, 0x30, 0x4, 0x44, 0x0, 0xeb, 0xa0, 0xd,
    0x88, 0x1, 0x8c, 0x80, 0x33, 0x68, 0x4, 0x78,
    0x1, 0xc2, 0x60, 0x15, 0xb0, 0x7, 0xb1, 0x0,
    0x4, 0x20, 0x1e, 0x7d, 0x3, 0xc0, 0xf, 0x84,
    0xc2, 0xdc, 0x3, 0xf7, 0xa8, 0x88, 0x3, 0xf2,
    0xc6, 0x0, 0x7f, 0xb9, 0x40, 0x3f, 0xc6, 0x1,
    0xe0,

    /* U+004E "N" */
    0xc4, 0x0, 0xfa, 0xdb, 0xc0, 0x3f, 0xb9, 0xc0,
    0x3f, 0x2e, 0x8, 0x7, 0x84, 0x22, 0x0, 0x1f,
    0x8c, 0xc, 0x3, 0xf4, 0x40, 0x3, 0xf0, 0xea,
    0x80, 0x7e, 0x6e, 0x0, 0xfe, 0xf8, 0x0, 0xfc,
    0x84, 0x40, 0xf, 0xd1, 0x0, 0xf, 0xc4, 0x44,
    0x10, 0xf, 0xa3, 0xc0, 0x3f, 0xb8, 0x40,

    /* U+004F "O" */
    0x0, 0x92, 0xae, 0xe6, 0x0, 0xf4, 0x6d, 0xde,
    0xb, 0x0, 0xcc, 0x12, 0x20, 0x13, 0x45, 0x0,
    0x55, 0x0, 0x1e, 0x33, 0x81, 0x6c, 0x3, 0xf5,
    0x50, 0x31, 0x0, 0x3f, 0x1a, 0x81, 0x90, 0x7,
    0xfc, 0x22, 0x0, 0xff, 0x84, 0x40, 0x1f, 0xf1,
    0x90, 0x7, 0xfd, 0xa8, 0x1, 0xf8, 0xd4, 0x12,
    0xc0, 0x3f, 0x55, 0x0, 0x13, 0x0, 0x1e, 0x43,
    0x30, 0x1, 0x42, 0x44, 0x2, 0x6f, 0xa0, 0xd,
    0x1b, 0x77, 0x82, 0xc0, 0x20,

    /* U+0050 "P" */
    0xca, 0xad, 0x70, 0x20, 0xf5, 0x5a, 0xed, 0xa2,
    0x1, 0xe3, 0x88, 0x0, 0x7c, 0x8a, 0x1, 0xff,
    0xcd, 0x6a, 0x0, 0xe1, 0x7c, 0x67, 0xaa, 0xd6,
    0x54, 0xf, 0x55, 0xca, 0x1, 0xff, 0xe3,

    /* U+0051 "Q" */
    0x0, 0x92, 0xae, 0xe6, 0x0, 0xf4, 0x6d, 0xde,
    0xb, 0x0, 0xcc, 0x12, 0x20, 0x13, 0x45, 0x0,
    0x55, 0x0, 0x1e, 0x33, 0x81, 0x6c, 0x3, 0xf5,
    0x50, 0x31, 0x0, 0x3f, 0x1a, 0x81, 0x90, 0x7,
    0xfc, 0x22, 0x0, 0xff, 0x84, 0x40, 0x1f, 0xf1,
    0x90, 0x7, 0xfd, 0xa8, 0x1, 0xf8, 0xd4, 0x12,
    0xc0, 0x3f, 0x55, 0x0, 0x13, 0x0, 0x1e, 0x33,
    0x80, 0xa, 0x10, 0x1, 0x96, 0x68, 0x3, 0x46,
    0x56, 0x6d, 0x9d, 0x0, 0x79, 0x2b, 0x42, 0xd8,
    0x3, 0xf8, 0x67, 0x10, 0x3, 0xfc, 0x9d, 0xb9,
    0x74, 0x0,

    /* U+0052 "R" */
    0xca, 0xaa, 0xed, 0x44, 0x0, 0x7a, 0xaa, 0xed,
    0x12, 0x60, 0x1f, 0x14, 0xc0, 0x7, 0xe2, 0x70,
    0xf, 0xfe, 0x32, 0x20, 0x3, 0xe6, 0x89, 0x7,
    0xaa, 0xbe, 0xc3, 0x4, 0x1e, 0xaa, 0x8d, 0x60,
    0xf, 0x9e, 0x84, 0x3, 0xf4, 0xc8, 0x3, 0xf2,
    0x99, 0x0, 0x7e, 0x99, 0x0, 0x7e, 0x22, 0x20,
    0x7, 0xe8, 0x80, 0x0,

    /* U+0053 "S" */
    0x0, 0x2d, 0xde, 0x50, 0x9, 0xf6, 0xef, 0x14,
    0x80, 0x2e, 0x0, 0x33, 0xc8, 0x13, 0x0, 0x7e,
    0x26, 0x0, 0xfe, 0xba, 0x0, 0xfc, 0xff, 0x8e,
    0x20, 0x1e, 0x5c, 0x2d, 0x91, 0x0, 0xf2, 0xe6,
    0xe9, 0x0, 0x3e, 0x4d, 0x81, 0x0, 0xf8, 0x69,
    0x0, 0x3f, 0x19, 0x9c, 0x3, 0xec, 0x43, 0xc4,
    0x0, 0xce, 0x24, 0x9b, 0x97, 0x78, 0xa0, 0x0,

    /* U+0054 "T" */
    0x3a, 0xad, 0xd7, 0x55, 0x41, 0xd5, 0x64, 0x9a,
    0xaa, 0x0, 0x3f, 0xff, 0xe0, 0x1f, 0xff, 0x80,

    /* U+0055 "U" */
    0xc0, 0xf, 0xd6, 0x1, 0xff, 0xff, 0x0, 0xff,
    0xe5, 0x88, 0x94, 0xc0, 0x3c, 0x9b, 0x52, 0x1,
    0xee, 0x53, 0x34, 0x0, 0x43, 0x58, 0x41, 0x3d,
    0x97, 0x6a, 0xf7, 0x0,

    /* U+0056 "V" */
    0xb1, 0x0, 0xf9, 0x97, 0x5c, 0x3, 0xec, 0x57,
    0xc0, 0xf, 0xe1, 0x10, 0x7, 0x97, 0x0, 0x1a,
    0xa0, 0x1d, 0x8e, 0x0, 0x7f, 0x0, 0xe3, 0x10,
    0x0, 0x88, 0x3, 0x26, 0x0, 0x6c, 0x40, 0xb,
    0x1c, 0x3, 0x2e, 0x80, 0x44, 0x20, 0x18, 0x88,
    0x0, 0x2d, 0x0, 0xf6, 0x10, 0x2a, 0x80, 0x3c,
    0xaa, 0xd, 0x20, 0xf, 0x16, 0x91, 0x0, 0x3f,
    0x15, 0xd8, 0x3, 0xf5, 0xa1, 0x80, 0x60,

    /* U+0057 "W" */
    0x38, 0x0, 0xe2, 0xf0, 0xf, 0x58, 0x19, 0x80,
    0x39, 0x14, 0xc0, 0x3f, 0xf8, 0x5f, 0x8, 0x1,
    0x88, 0x80, 0x2, 0x20, 0x6, 0x32, 0xd0, 0xc,
    0xf8, 0x0, 0xc4, 0x0, 0x8b, 0x40, 0x3d, 0x8e,
    0x0, 0x4f, 0x0, 0x91, 0x1, 0x88, 0x1, 0x11,
    0x0, 0x2, 0x40, 0x16, 0x18, 0x26, 0x0, 0x42,
    0x1, 0x84, 0x3, 0xc4, 0x60, 0x3, 0xd0, 0xd,
    0xa6, 0x7, 0xa0, 0x10, 0x88, 0x14, 0xc0, 0x32,
    0x20, 0x11, 0x0, 0x16, 0x28, 0x7a, 0x0, 0x63,
    0xd0, 0xd3, 0x0, 0x9f, 0x0, 0xc0, 0x3f, 0xf8,
    0x22, 0x40, 0x60, 0x1e, 0x24, 0xd0, 0xe, 0x34,
    0xc0, 0xf, 0x6f, 0xa8, 0x7, 0x67, 0xb8, 0x7,
    0x91, 0x48, 0x3, 0x91, 0x48, 0x2,

    /* U+0058 "X" */
    0x1b, 0x0, 0xf2, 0xb0, 0xe2, 0x80, 0x77, 0x30,
    0x3f, 0x0, 0x67, 0xf0, 0xb, 0x98, 0x0, 0x3a,
    0x80, 0x12, 0xe0, 0x2, 0x60, 0x3, 0xa6, 0x8,
    0x48, 0x3, 0x8c, 0x66, 0x0, 0x3e, 0xf0, 0x10,
    0xf, 0xbf, 0x10, 0x3, 0xcf, 0x4f, 0xe0, 0x1c,
    0x3c, 0x61, 0xec, 0x1, 0xa2, 0x0, 0x4, 0xc1,
    0x0, 0x18, 0x88, 0x2, 0x98, 0x0, 0x4c, 0x0,
    0x63, 0x2, 0x5c, 0x0, 0xf4, 0x40,

    /* U+0059 "Y" */
    0xa2, 0x0, 0xf3, 0xa4, 0x58, 0x7, 0xb1, 0x8,
    0xc4, 0x3, 0x37, 0x0, 0x26, 0x40, 0x1b, 0x14,
    0x0, 0x64, 0x20, 0x5, 0xf0, 0xd, 0x2c, 0x0,
    0xf5, 0x0, 0xc7, 0xa0, 0xbe, 0x1, 0xe9, 0x7f,
    0x50, 0xf, 0x1e, 0x78, 0x7, 0xe2, 0x60, 0xf,
    0xff, 0x50,

    /* U+005A "Z" */
    0x1a, 0xaf, 0xb2, 0x6, 0xab, 0xe7, 0x90, 0xf,
    0x9b, 0x84, 0x3, 0xc3, 0xaa, 0x1, 0xf5, 0xc8,
    0x7, 0xc8, 0x44, 0x0, 0xfb, 0xe0, 0x3, 0xe8,
    0xf0, 0xf, 0x88, 0x88, 0x1, 0xf4, 0x58, 0x7,
    0xcb, 0xa2, 0x1, 0xe1, 0xe7, 0x0, 0xfa, 0x20,
    0x1, 0xf1, 0x81, 0x80, 0x7d, 0xe5, 0x55, 0xf4,
    0x0,

    /* U+005B "[" */
    0xa8, 0x82, 0x1c, 0x41, 0x0, 0x3f, 0xff, 0x3,
    0x10, 0x40,

    /* U+005C "\\" */
    0xa0, 0xf, 0xb1, 0x0, 0x3c, 0xfa, 0x1, 0xe1,
    0x30, 0xf, 0xbd, 0x40, 0x3c, 0xbe, 0x1, 0xf1,
    0x88, 0x7, 0xb5, 0xc0, 0x3c, 0x98, 0x1, 0xf1,
    0x10, 0x3, 0xd5, 0x40, 0xf, 0x11, 0x0, 0x3e,
    0xd3, 0x0, 0xf3, 0x50, 0x7, 0x84, 0xc0, 0x3e,
    0xc4, 0x0, 0xf3, 0x68, 0x7, 0xc6, 0x1, 0xf7,
    0xb0, 0x7, 0x94, 0xc0,

    /* U+005D "]" */
    0x48, 0x85, 0x24, 0x40, 0xc0, 0x3f, 0xff, 0x9,
    0x10, 0x10,

    /* U+005E "^" */
    0x0, 0x89, 0x40, 0x3d, 0x7c, 0x1, 0xf7, 0xb0,
    0x6, 0x5d, 0x4c, 0x0, 0xde, 0x81, 0xa4, 0x0,
    0x22, 0x0, 0x16, 0x80, 0x15, 0x40, 0x1, 0x10,
    0x0, 0x64, 0x1, 0x62, 0xa6, 0x80, 0x66, 0xf0,

    /* U+005F "_" */
    0x8b, 0xbf, 0xe8,

    /* U+0060 "`" */
    0x24, 0x0, 0x8b, 0xc8, 0x2, 0xa9, 0x10, 0x0,
    0xd5, 0x80, 0x43, 0x40,

    /* U+0061 "a" */
    0x1, 0x8a, 0xa5, 0xb8, 0x2, 0xea, 0xab, 0x5,
    0xa, 0x20, 0x9, 0xf8, 0x3, 0xfe, 0x15, 0x89,
    0x60, 0x3a, 0x91, 0x99, 0x31, 0x45, 0xc2, 0x8,
    0x2, 0xe0, 0x40, 0x38, 0xc4, 0x3, 0x9f, 0x28,
    0x2, 0x49, 0x6, 0xfb, 0xaa, 0x14, 0xb0,

    /* U+0062 "b" */
    0x50, 0xf, 0xdc, 0x1, 0xff, 0xe2, 0x6a, 0xa5,
    0xb8, 0x1, 0xe8, 0xaa, 0x96, 0x34, 0x0, 0xb4,
    0x0, 0x98, 0xcc, 0xe2, 0x1, 0xdb, 0x60, 0x1f,
    0x29, 0x0, 0x7e, 0x10, 0xf, 0x8c, 0x80, 0x3e,
    0x4f, 0x0, 0xfa, 0x99, 0x90, 0x20, 0x1, 0xa8,
    0x7, 0x98, 0xaa, 0x5c, 0xa0, 0x0,

    /* U+0063 "c" */
    0x0, 0x25, 0x52, 0xe8, 0x40, 0xd, 0xd5, 0x4b,
    0x89, 0x2, 0xda, 0x0, 0x8a, 0x2, 0xbc, 0x3,
    0xe3, 0x40, 0xf, 0x9c, 0x3, 0xf3, 0x80, 0x7e,
    0x34, 0x0, 0xfa, 0xbc, 0x3, 0xe2, 0xc9, 0x0,
    0x86, 0x44, 0x1f, 0x2e, 0xa9, 0x76, 0x10,

    /* U+0064 "d" */
    0x0, 0xfc, 0xa0, 0x1f, 0xb8, 0x3, 0xff, 0xb4,
    0x95, 0x58, 0x84, 0x17, 0xae, 0xa9, 0x76, 0x61,
    0x9a, 0x10, 0x0, 0xcb, 0xb4, 0x80, 0x7d, 0x8a,
    0x1, 0xff, 0xcd, 0x23, 0x0, 0xfb, 0x68, 0x3,
    0x85, 0xd0, 0xd8, 0x2, 0x4b, 0x70, 0xa1, 0xba,
    0xa1, 0xd0, 0x80,

    /* U+0065 "e" */
    0x0, 0x25, 0xd5, 0x20, 0x2, 0x6d, 0xba, 0xa6,
    0x50, 0x16, 0xc8, 0x4, 0x84, 0x75, 0xe0, 0x1d,
    0x56, 0x68, 0x1, 0xc4, 0x47, 0xaa, 0xf8, 0xde,
    0xab, 0xe9, 0x33, 0x0, 0x7d, 0x52, 0x1, 0xf1,
    0x64, 0x80, 0x65, 0x0, 0x36, 0xd5, 0x2e, 0xc6,
    0x0,

    /* U+0066 "f" */
    0x0, 0xa2, 0xa4, 0x2, 0x7e, 0xa9, 0x0, 0xb1,
    0x80, 0x3f, 0xf9, 0x85, 0x29, 0x32, 0x30, 0x29,
    0x49, 0x91, 0x80, 0x7f, 0xfd, 0x0,

    /* U+0067 "g" */
    0x0, 0x3d, 0xdb, 0xb9, 0x54, 0x20, 0x92, 0xbb,
    0x72, 0xf5, 0x10, 0x9a, 0x80, 0x53, 0xe0, 0x5,
    0xd0, 0xc, 0x4e, 0x1, 0xfc, 0xe0, 0x4, 0xc0,
    0xc, 0x66, 0x0, 0xb6, 0x0, 0x5, 0x10, 0x0,
    0x84, 0x2a, 0xb0, 0x4, 0x3b, 0x15, 0x48, 0x10,
    0xc, 0xc0, 0x1f, 0x86, 0xf2, 0xee, 0xa8, 0x20,
    0x2e, 0xcb, 0xba, 0xaf, 0x86, 0x20, 0x1, 0xc7,
    0x4a, 0x22, 0x0, 0xf6, 0x37, 0x50, 0x80, 0x68,
    0xd2, 0x5e, 0xba, 0xad, 0x8e, 0x0,

    /* U+0068 "h" */
    0xb0, 0xf, 0xfe, 0xea, 0xd5, 0x31, 0x40, 0x10,
    0x15, 0x4c, 0xe2, 0x6b, 0x50, 0xb, 0xe9, 0x8c,
    0x3, 0x29, 0x0, 0x78, 0x40, 0x3f, 0x8, 0x7,
    0xff, 0x70,

    /* U+0069 "i" */
    0x1e, 0x11, 0x30, 0x84, 0x0, 0x75, 0x80, 0x7f,
    0xf4, 0xc0,

    /* U+006A "j" */
    0x0, 0x17, 0x0, 0x45, 0x20, 0x19, 0xc0, 0x3f,
    0xac, 0x3, 0xff, 0xf0, 0x44, 0x6, 0xa9, 0xb0,

    /* U+006B "k" */
    0xb0, 0xf, 0xff, 0x1, 0x50, 0x7, 0xa6, 0xc0,
    0x3a, 0xa0, 0x40, 0x33, 0xe1, 0x80, 0x63, 0xa6,
    0x0, 0xc3, 0x16, 0xc0, 0x1a, 0xe9, 0xb0, 0x40,
    0xb, 0x22, 0x11, 0x0, 0x2, 0x98, 0x0, 0x84,
    0xc0, 0x3d, 0x10, 0x0, 0xfb, 0x98,

    /* U+006C "l" */
    0x50, 0xe0, 0xf, 0xfe, 0x89, 0x38,

    /* U+006D "m" */
    0xa0, 0x6a, 0xbb, 0x10, 0x14, 0xd6, 0x38, 0xc,
    0x95, 0x5c, 0xc8, 0xee, 0x6b, 0x39, 0x5a, 0xd0,
    0x0, 0x44, 0xa9, 0x0, 0xa3, 0xd8, 0x80, 0x37,
    0x60, 0x6, 0x11, 0x0, 0x78, 0x40, 0x3f, 0xff,
    0xe0, 0x1f, 0xfc, 0x40,

    /* U+006E "n" */
    0xa0, 0x5a, 0xa6, 0x28, 0xc, 0x5, 0x53, 0x38,
    0x9a, 0xd4, 0x2, 0xfa, 0x63, 0x0, 0xca, 0x40,
    0x1e, 0x10, 0xf, 0xc2, 0x1, 0xff, 0xdc,

    /* U+006F "o" */
    0x0, 0x25, 0x52, 0xe8, 0x80, 0x26, 0xda, 0xa5,
    0xc7, 0x18, 0x16, 0xc8, 0x4, 0x5b, 0xe1, 0x5e,
    0x1, 0xc2, 0x86, 0x64, 0x0, 0xf6, 0x23, 0x80,
    0x7c, 0xfe, 0xe0, 0x1f, 0x3f, 0x9a, 0x0, 0x7b,
    0x12, 0xbc, 0x3, 0x85, 0xc, 0xb2, 0x40, 0x21,
    0xaf, 0x0, 0x3e, 0xdd, 0x52, 0xe4, 0xc0,

    /* U+0070 "p" */
    0xa0, 0x6a, 0xa5, 0xb8, 0x1, 0xa8, 0xaa, 0x96,
    0x34, 0x0, 0xb4, 0x0, 0x98, 0xcc, 0xe2, 0x1,
    0xdb, 0x60, 0x1f, 0x29, 0x0, 0x7e, 0x10, 0xf,
    0x8c, 0x80, 0x3e, 0x4f, 0x0, 0xfa, 0x99, 0x92,
    0x20, 0x1, 0xa8, 0x6, 0xb8, 0xaa, 0x5c, 0xa0,
    0x0, 0xa6, 0xaa, 0x30, 0xf, 0xfe, 0xd0,

    /* U+0071 "q" */
    0x0, 0x25, 0x52, 0xe8, 0xa8, 0x17, 0xae, 0xae,
    0xe6, 0x19, 0xa1, 0x0, 0xc, 0xbb, 0x48, 0x7,
    0xd8, 0xa0, 0x1f, 0xfc, 0xd2, 0x30, 0xf, 0xb6,
    0x80, 0x38, 0x5d, 0xd, 0x80, 0x24, 0x87, 0xa,
    0x1b, 0xaa, 0x1c, 0x80, 0x4f, 0x75, 0x47, 0x0,
    0xff, 0xed, 0x0,

    /* U+0072 "r" */
    0xa0, 0x8b, 0x90, 0x9b, 0xb4, 0xbe, 0x18, 0x0,
    0x54, 0x2, 0x70, 0xf, 0xfe, 0xb0,

    /* U+0073 "s" */
    0x0, 0x35, 0xd5, 0x20, 0x2, 0x5f, 0xba, 0xa5,
    0x98, 0x3, 0xe0, 0x2, 0x33, 0x0, 0x9, 0x0,
    0x3e, 0x8e, 0x81, 0x0, 0xf5, 0xdd, 0x46, 0x1,
    0xc7, 0x57, 0xc, 0x1, 0xe1, 0xba, 0x0, 0xff,
    0xd, 0x98, 0x4, 0xaa, 0x1, 0xaa, 0xd7, 0xb2,
    0x0,

    /* U+0074 "t" */
    0x0, 0x48, 0x7, 0xff, 0x4, 0xc0, 0x31, 0xcb,
    0xd4, 0xc8, 0x4e, 0x5e, 0xa6, 0x42, 0x1, 0xff,
    0xe0, 0x31, 0x0, 0xef, 0x40, 0xe, 0x6f, 0xba,
    0x30,

    /* U+0075 "u" */
    0x1a, 0x0, 0xe4, 0x70, 0xf, 0xff, 0x50, 0x88,
    0x3, 0xf3, 0x80, 0x77, 0x0, 0x15, 0x40, 0x1,
    0x9c, 0x0, 0x4e, 0x5d, 0x5d, 0x90, 0x0,

    /* U+0076 "v" */
    0x83, 0x0, 0xf5, 0x85, 0xd0, 0x7, 0x19, 0x80,
    0xc8, 0x3, 0xaa, 0x80, 0xc, 0x40, 0xc, 0x44,
    0x0, 0x37, 0x0, 0x49, 0x80, 0x10, 0x80, 0x6d,
    0x60, 0xd, 0xea, 0x0, 0x31, 0x0, 0xcb, 0xe0,
    0xb8, 0x1, 0xe3, 0xc, 0x60, 0xf, 0x6b, 0x0,
    0x7e, 0x4b, 0xd0, 0xc,

    /* U+0077 "w" */
    0x57, 0x0, 0xc7, 0xe2, 0x1, 0xa4, 0x93, 0x0,
    0x32, 0x3a, 0x0, 0x62, 0x20, 0x80, 0x76, 0xce,
    0x0, 0x42, 0x40, 0xc, 0x40, 0x8, 0xc4, 0xc0,
    0x27, 0xc0, 0x2, 0xe0, 0x1, 0x30, 0x8, 0x80,
    0xc, 0x40, 0x1, 0x18, 0x3, 0x10, 0x31, 0x0,
    0x21, 0x0, 0x88, 0x40, 0x84, 0x13, 0x0, 0xb4,
    0x3, 0x62, 0x9, 0x0, 0x72, 0xa0, 0x6, 0x5c,
    0x4c, 0x0, 0xb0, 0xf4, 0xc0, 0x3d, 0x88, 0x1,
    0x25, 0x98, 0x7, 0xb8, 0xc0, 0x31, 0x2e, 0x0,
    0x40,

    /* U+0078 "x" */
    0x1a, 0x0, 0xc3, 0x40, 0x3a, 0xa0, 0x14, 0x40,
    0x0, 0xfc, 0x0, 0x3e, 0x20, 0xa, 0x20, 0x12,
    0xe0, 0x18, 0xc2, 0x78, 0x3, 0xd8, 0xe8, 0x1,
    0xee, 0xd8, 0x0, 0xe7, 0x93, 0x12, 0x0, 0x8b,
    0xcc, 0x22, 0x40, 0x28, 0x90, 0x0, 0xeb, 0x3,
    0x60, 0x80, 0x4d, 0xa2,

    /* U+0079 "y" */
    0x83, 0x0, 0xf5, 0x85, 0x50, 0x3, 0x88, 0x80,
    0x44, 0x0, 0xe5, 0xd0, 0x6, 0xa8, 0x6, 0xc4,
    0x0, 0x37, 0x80, 0x44, 0x40, 0xc, 0x62, 0x0,
    0x5a, 0x0, 0xd4, 0xc0, 0xc, 0x30, 0xc, 0x7a,
    0x2, 0x40, 0x1e, 0xc3, 0x7a, 0x0, 0xf3, 0xd6,
    0x18, 0x7, 0x84, 0xc, 0x3, 0xf7, 0x50, 0x7,
    0xed, 0x30, 0xf, 0x93, 0x40, 0x3e, 0x1f, 0x70,
    0xe, 0x5b, 0xa9, 0x0, 0xf0,

    /* U+007A "z" */
    0x7, 0xaa, 0xd7, 0xa0, 0x7, 0xaa, 0xc7, 0xc0,
    0x1e, 0x31, 0x30, 0xf, 0x44, 0x80, 0x79, 0xfc,
    0x3, 0xc5, 0xc8, 0x1, 0xe8, 0x80, 0x7, 0x9b,
    0xc4, 0x3, 0x87, 0x14, 0x3, 0xd7, 0x60, 0xf,
    0x22, 0x2e, 0xab, 0x88,

    /* U+007B "{" */
    0x0, 0xa6, 0x10, 0x0, 0xb9, 0x8, 0x0, 0x27,
    0x0, 0xff, 0xe2, 0x8, 0x80, 0x31, 0x80, 0x7f,
    0xde, 0x40, 0x1, 0xb2, 0x10, 0x0, 0xd9, 0x0,
    0x77, 0x98, 0x7, 0xf8, 0xc0, 0x38, 0x44, 0x1,
    0xff, 0xc5, 0x10, 0xc, 0x88, 0x0, 0xc6, 0x2e,
    0x80,

    /* U+007C "|" */
    0x4d, 0x0, 0xff, 0xe4, 0x80,

    /* U+007D "}" */
    0x48, 0x90, 0x9, 0x23, 0x14, 0x3, 0x39, 0x0,
    0x7f, 0x84, 0x40, 0x1c, 0x60, 0x19, 0xc0, 0x3f,
    0xe5, 0xc0, 0xc, 0x22, 0xb1, 0x0, 0x9, 0x58,
    0x80, 0xb, 0xc0, 0x33, 0x88, 0x6, 0x71, 0x0,
    0xe3, 0x0, 0xc2, 0x20, 0xf, 0xf0, 0x88, 0x3,
    0x5a, 0x80, 0x12, 0x34, 0xc0, 0x0,

    /* U+007E "~" */
    0x1, 0x9a, 0x60, 0xf, 0x5c, 0x50, 0x58, 0x84,
    0x18, 0x50, 0x83, 0x4d, 0xd6, 0x98,

    /* U+00B0 "°" */
    0x1, 0x89, 0x60, 0x5, 0xd4, 0x9b, 0x0, 0x8,
    0x17, 0x0, 0x3f, 0x10, 0x36, 0x5, 0xda, 0x85,
    0x80,

    /* U+00B7 "·" */
    0x4, 0x40, 0x35, 0xd9, 0xbc, 0x1, 0xf6, 0x44,
    0xb0,

    /* U+20AC "€" */
    0x0, 0xc5, 0x55, 0x48, 0x80, 0x64, 0x8b, 0xaa,
    0x5d, 0x0, 0x6f, 0xa1, 0x0, 0x15, 0x0, 0x4d,
    0xc0, 0x1c, 0x20, 0x16, 0xa8, 0x7, 0xf3, 0x80,
    0x7e, 0x49, 0x39, 0x9f, 0x0, 0x12, 0x12, 0x67,
    0xc0, 0x4, 0x84, 0x99, 0xe1, 0x0, 0x24, 0x9c,
    0xcf, 0x8, 0x6, 0x70, 0xf, 0xf6, 0x28, 0x7,
    0xf3, 0x70, 0x7, 0x20, 0x80, 0x7, 0xa8, 0x2,
    0x4e, 0x10, 0x9, 0x7a, 0xea, 0x99, 0x40,

    /* U+4E00 "一" */
    0xaa, 0xff, 0xe3, 0x0,

    /* U+4E09 "三" */
    0x2, 0x99, 0xff, 0xe1, 0x30, 0x0, 0xa6, 0x7f,
    0xf8, 0x4c, 0x1, 0xff, 0xff, 0x0, 0xff, 0xe3,
    0xcc, 0xff, 0xf0, 0x8, 0x3, 0xa6, 0x7f, 0xf8,
    0x4, 0x1, 0xff, 0xff, 0x0, 0xff, 0xe2, 0x9c,
    0xcf, 0xff, 0x12, 0x0,

    /* U+4E2D "中" */
    0x0, 0xf9, 0x40, 0x3f, 0xf8, 0x78, 0x1, 0xff,
    0xdc, 0xb9, 0x9f, 0x34, 0xcf, 0xd4, 0x53, 0x3e,
    0x69, 0x9f, 0x8c, 0x3, 0xff, 0xfe, 0x1, 0xcf,
    0x33, 0xe6, 0x99, 0xf9, 0x9e, 0x67, 0xcd, 0x33,
    0xf4, 0x48, 0x7, 0xff, 0x9, 0xc0, 0x3f, 0xfe,
    0x80,

    /* U+4E8C "二" */
    0x0, 0x4c, 0xff, 0xf0, 0x84, 0x2, 0x99, 0xff,
    0xe1, 0x8, 0x7, 0xff, 0xfc, 0x3, 0xff, 0xfe,
    0x1, 0xff, 0xd3, 0x69, 0x9f, 0xfe, 0x24, 0x0,

    /* U+4E94 "五" */
    0x3, 0x99, 0xeb, 0xb4, 0xcf, 0xc6, 0x0, 0x39,
    0x9e, 0xe8, 0x99, 0xf8, 0xc0, 0x3f, 0x11, 0x0,
    0x3f, 0xf8, 0x9c, 0x20, 0x1f, 0xfd, 0x61, 0x0,
    0xff, 0xe0, 0x14, 0xcd, 0x4f, 0x33, 0xd6, 0xa0,
    0x1c, 0x53, 0x37, 0x5c, 0xcf, 0x78, 0x7, 0xf8,
    0xd4, 0x3, 0x85, 0x80, 0x3f, 0xb8, 0x40, 0x38,
    0x84, 0x3, 0xff, 0x89, 0xe6, 0x1, 0xff, 0xc4,
    0x11, 0x0, 0x7e, 0x2f, 0x0, 0xff, 0xe2, 0x3a,
    0x80, 0x7f, 0xc8, 0xcd, 0xa1, 0x19, 0xbc, 0x8c,
    0xdc, 0xab, 0xb9, 0x15, 0x7d, 0xca, 0xb2, 0x0,

    /* U+4EAE "亮" */
    0x0, 0xfc, 0x26, 0x1, 0xff, 0xc4, 0x19, 0x0,
    0xfc, 0x93, 0x3f, 0x9f, 0x66, 0x7d, 0x9, 0x33,
    0xfb, 0x75, 0x33, 0xe8, 0x0, 0x92, 0x67, 0xfe,
    0x0, 0xf6, 0x4c, 0xff, 0x84, 0x40, 0x1f, 0xfd,
    0xdd, 0x99, 0xff, 0x8, 0x80, 0x39, 0x66, 0x7f,
    0xe0, 0xd, 0x93, 0x3f, 0xfc, 0x2a, 0x70, 0x59,
    0x9f, 0xfe, 0x14, 0x0, 0x7d, 0x20, 0x19, 0x8c,
    0x3, 0xd6, 0x1, 0xf, 0x0, 0x7f, 0x12, 0x81,
    0x0, 0x4a, 0x60, 0x1f, 0xe2, 0x0, 0xee, 0x40,
    0xf, 0xf3, 0x0, 0x67, 0xf0, 0xe, 0x30, 0xc,
    0x22, 0x3, 0x79, 0x45, 0x0, 0xe6, 0x98, 0x8a,
    0xd0, 0x9d, 0xa4, 0xc0, 0x3c, 0x75, 0x11, 0x51,
    0x80,

    /* U+4ECA "今" */
    0x0, 0xff, 0x18, 0x7, 0xff, 0x1a, 0x64, 0x1,
    0xff, 0xc5, 0x7d, 0xe7, 0x0, 0xff, 0xe1, 0xb9,
    0x22, 0x9, 0xc0, 0x3f, 0xf8, 0x30, 0x4a, 0x0,
    0x53, 0x90, 0xf, 0xf0, 0xcd, 0xa8, 0x6, 0x4b,
    0xa2, 0x0, 0xf9, 0x62, 0x6, 0x1, 0xe2, 0xab,
    0x60, 0xc, 0x72, 0x12, 0x29, 0x33, 0xe4, 0x9,
    0x2a, 0x40, 0x3, 0x4a, 0x80, 0x12, 0x67, 0xc8,
    0x0, 0x4a, 0x10, 0x2, 0x80, 0x7f, 0xf1, 0x14,
    0x3, 0x2c, 0xcf, 0xfd, 0x6a, 0x1, 0xe5, 0x99,
    0xff, 0x85, 0x40, 0x3f, 0xf8, 0xb3, 0x0, 0x1f,
    0xfc, 0x57, 0xd2, 0x0, 0xff, 0xe2, 0x20, 0xa0,
    0x7, 0xff, 0x10, 0xb5, 0x80, 0x3f, 0xf8, 0x83,
    0x12, 0x1, 0xff, 0xc5, 0xbb, 0x0, 0x7f, 0xf1,
    0x46, 0x4, 0x3, 0xf0,

    /* U+4F5C "作" */
    0x0, 0xe4, 0x0, 0x84, 0x3, 0xff, 0x82, 0x58,
    0x1, 0x40, 0x7, 0xff, 0x6, 0xa4, 0x0, 0x22,
    0x0, 0xff, 0xe0, 0x8, 0x8, 0x2, 0x74, 0xcf,
    0xf0, 0x6, 0xb9, 0x0, 0xa, 0x1c, 0x41, 0x57,
    0xc0, 0x12, 0x28, 0x80, 0x27, 0x5b, 0xf9, 0x9b,
    0xc0, 0x1, 0xe6, 0x0, 0x1f, 0x88, 0x7, 0xfd,
    0x70, 0x0, 0x19, 0x70, 0xf, 0xfa, 0x78, 0x80,
    0xd, 0x60, 0x1a, 0xe6, 0x79, 0x42, 0xd0, 0x2,
    0x71, 0x0, 0xd7, 0x33, 0xca, 0x4, 0x1, 0xff,
    0xe4, 0xb9, 0x9e, 0x80, 0xf, 0xfe, 0x5, 0xcc,
    0xf4, 0x0, 0x7f, 0xff, 0xc0, 0x0,

    /* U+504F "偏" */
    0x0, 0xf1, 0x0, 0x7f, 0xf1, 0x46, 0x80, 0x4,
    0x68, 0xd1, 0x33, 0x28, 0x7, 0xa6, 0x4d, 0x88,
    0xc0, 0x91, 0x33, 0x28, 0x7, 0x8, 0x9, 0x43,
    0x2a, 0x10, 0x7, 0xfa, 0xe4, 0x1, 0x53, 0x3f,
    0xc0, 0x19, 0x50, 0x40, 0x15, 0x33, 0xf8, 0x3,
    0xf, 0xb8, 0x7, 0xff, 0x12, 0xec, 0x1, 0xaa,
    0x67, 0xf1, 0x80, 0x2a, 0x44, 0x3, 0x54, 0xcf,
    0xea, 0x0, 0x41, 0x80, 0x61, 0x1, 0x1f, 0xf0,
    0x10, 0x7, 0x19, 0x5b, 0x33, 0x99, 0x9c, 0xd1,
    0x60, 0x1f, 0x9, 0xe3, 0xb9, 0x9d, 0xcc, 0xf0,
    0x40, 0x1f, 0x73, 0x0, 0x7f, 0xf1, 0xe2, 0x64,
    0xd3, 0x26, 0x9b, 0x20, 0xf, 0xe8, 0x99, 0x34,
    0xc9, 0xa6, 0xc8, 0x3, 0xc9, 0x80, 0x1f, 0xfc,
    0x5e, 0x50, 0xf, 0xfe, 0x20, 0xe0, 0x7, 0x70,
    0x3, 0x1a, 0x38, 0x3, 0x48, 0xb0, 0x1b, 0x0,
    0x1c, 0x0, 0xad, 0x2c,

    /* U+505C "停" */
    0x0, 0xe4, 0x10, 0xc, 0xa0, 0x1f, 0xfc, 0xe,
    0x10, 0xc, 0xf0, 0x1, 0xfe, 0x4c, 0x69, 0x9d,
    0x6f, 0x33, 0xce, 0x1, 0xb9, 0x99, 0x33, 0xdf,
    0x33, 0xce, 0x1, 0x2e, 0x0, 0x53, 0x3f, 0x9c,
    0x3, 0xa9, 0x80, 0x34, 0xcf, 0xdc, 0x1, 0xa0,
    0xc0, 0x3f, 0xf8, 0x89, 0xea, 0x1, 0x8a, 0x67,
    0xe0, 0x8, 0x79, 0xc0, 0x3a, 0xe6, 0x7f, 0x0,
    0x6, 0x80, 0x34, 0x4c, 0xff, 0xca, 0x1, 0xe1,
    0x99, 0xff, 0xb0, 0x3, 0xff, 0x9b, 0x67, 0x33,
    0xbe, 0x67, 0x5, 0x80, 0x78, 0x8e, 0x67, 0x34,
    0xce, 0x2, 0x0, 0xff, 0xfb, 0x44, 0x5e, 0x1,
    0xfd, 0x20, 0x1d, 0x11, 0x30, 0x7, 0x80,

    /* U+5167 "內" */
    0x0, 0x86, 0x66, 0xd2, 0x0, 0xff, 0xc, 0xce,
    0x60, 0xf, 0xfe, 0x13, 0x8, 0x7, 0xff, 0x8,
    0x88, 0x1, 0xf4, 0xcf, 0xdf, 0x13, 0x3e, 0xc0,
    0x99, 0xf3, 0xb4, 0xcf, 0x94, 0x3, 0xf7, 0x90,
    0x7, 0xff, 0x1, 0xad, 0xe8, 0x3, 0xff, 0x81,
    0xc6, 0x20, 0x20, 0x1f, 0xe9, 0x90, 0x2, 0x6c,
    0x3, 0xfa, 0x68, 0x40, 0x3, 0x32, 0x0, 0xf2,
    0x55, 0x98, 0x6, 0x3a, 0xa1, 0x80, 0x75, 0x10,
    0x7, 0x8e, 0x94, 0x40, 0x24, 0x0, 0xff, 0x30,
    0x80, 0x7f, 0xf8, 0xe, 0x66, 0xf0,

    /* U+5168 "全" */
    0x0, 0xff, 0xe5, 0x94, 0xcd, 0x5e, 0xe0, 0x1f,
    0xfc, 0x2, 0x99, 0x8f, 0x81, 0x40, 0x3f, 0xf8,
    0x53, 0x62, 0xfa, 0x80, 0x1f, 0xfc, 0x9, 0x82,
    0x0, 0x46, 0x28, 0x7, 0xf1, 0x4c, 0x8, 0x6,
    0x83, 0x70, 0xf, 0x92, 0xe4, 0x40, 0x3c, 0xc9,
    0x44, 0x1, 0xc, 0x14, 0x8, 0xff, 0x15, 0xda,
    0x0, 0x11, 0x4c, 0xc9, 0x9d, 0xd3, 0x3c, 0xb3,
    0x6a, 0x12, 0x40, 0xf1, 0x19, 0xa2, 0x39, 0x0,
    0xd4, 0x3, 0xff, 0xba, 0xd3, 0x3c, 0xd3, 0x3e,
    0x10, 0xe, 0x69, 0x9e, 0x69, 0x9f, 0x8, 0x7,
    0xff, 0xc1, 0xa6, 0x7e, 0x79, 0x9f, 0xc6,

    /* U+516D "六" */
    0x0, 0xfc, 0x40, 0x1f, 0xfc, 0x68, 0x0, 0xff,
    0xe3, 0x61, 0x80, 0x7f, 0xf1, 0x5a, 0x80, 0x3f,
    0xf8, 0xc2, 0x20, 0xf, 0xfe, 0x2c, 0x8, 0x7,
    0xe4, 0x99, 0xff, 0xe2, 0x40, 0x24, 0xcf, 0xff,
    0x12, 0x0, 0x3f, 0xf9, 0xa4, 0x20, 0x1c, 0xa0,
    0x1f, 0xf4, 0x8, 0x7, 0x1a, 0x0, 0x7f, 0x26,
    0x0, 0x79, 0xb4, 0x40, 0x3f, 0x73, 0x0, 0x7d,
    0x10, 0x0, 0xf9, 0xf8, 0x3, 0xf0, 0xe3, 0x0,
    0x71, 0x72, 0x0, 0x7f, 0x2f, 0x88, 0x6, 0x88,
    0x0, 0x7f, 0xd1, 0x0, 0xa, 0x3c, 0x40, 0x3f,
    0xe1, 0xf5, 0x5, 0x5, 0x0, 0xff, 0xe0, 0xb7,
    0x3, 0xc0, 0x7, 0xff, 0xe, 0x80,

    /* U+51B0 "冰" */
    0x0, 0xff, 0x8c, 0x3, 0xff, 0x8d, 0x40, 0x1f,
    0x32, 0x80, 0x7f, 0xf1, 0x58, 0x20, 0x3, 0xe1,
    0x20, 0xf, 0xcb, 0x72, 0x1, 0xf2, 0x0, 0x7f,
    0x1c, 0x80, 0x78, 0x40, 0x39, 0x58, 0x3, 0xd3,
    0x3b, 0x80, 0x39, 0x49, 0x80, 0x3d, 0x33, 0x98,
    0xd, 0x41, 0x4d, 0xc0, 0x3f, 0xc9, 0x80, 0xb8,
    0xe0, 0xc0, 0x1e, 0x32, 0x0, 0xb5, 0x0, 0x1c,
    0x2a, 0x1, 0xf4, 0x90, 0x0, 0xb8, 0x2, 0x7e,
    0x0, 0xf9, 0x7c, 0x2, 0xb6, 0x0, 0xdc, 0x60,
    0x1e, 0xf5, 0x0, 0x27, 0x88, 0x6, 0x6a, 0x0,
    0xe8, 0x90, 0x0, 0xeb, 0x0, 0x7a, 0xe4, 0x2,
    0x30, 0x30, 0x2b, 0x90, 0xf, 0x8a, 0xa4, 0x0,
    0xb0, 0x0, 0x4a, 0x0, 0xfe, 0x3b, 0xa0, 0x60,
    0x9, 0x80, 0x3f, 0xe2, 0xa0, 0xf, 0xe9, 0x9b,
    0x0, 0x3f, 0xf8, 0x73, 0x32, 0x80, 0x7c,

    /* U+51B7 "冷" */
    0x0, 0xff, 0x11, 0x80, 0x7c, 0x2c, 0x1, 0xfb,
    0x94, 0x3, 0xe1, 0x11, 0x80, 0x79, 0xa0, 0x48,
    0x3, 0xe7, 0x90, 0xe, 0x31, 0x47, 0xb2, 0x0,
    0xfa, 0x5c, 0x2, 0x2a, 0x70, 0x4, 0xd9, 0x0,
    0x78, 0xd4, 0x0, 0x57, 0x20, 0x1a, 0x6d, 0x0,
    0x3c, 0x40, 0x97, 0x13, 0x3e, 0xc3, 0x80, 0xf,
    0x29, 0x48, 0xcc, 0xf9, 0x5e, 0xe4, 0x3, 0x95,
    0x80, 0x3f, 0xc7, 0x20, 0x1f, 0x84, 0x7f, 0x0,
    0x7c, 0x20, 0x6, 0x99, 0xfa, 0x38, 0x3, 0xd0,
    0x0, 0x68, 0x8f, 0x87, 0x0, 0x39, 0x34, 0x3,
    0xf9, 0x78, 0x80, 0x3b, 0x50, 0x3, 0x8, 0x4,
    0x78, 0xc0, 0x1c, 0x5c, 0x1, 0xcc, 0x80, 0x53,
    0x20, 0xf, 0x5b, 0x80, 0x73, 0x93, 0xc5, 0x0,
    0x78, 0xb8, 0x3, 0xe6, 0xff, 0x0, 0x7c, 0x2c,
    0x1, 0xfa, 0x9, 0x0, 0x3c, 0x62, 0x1, 0xfc,
    0xe2, 0x1, 0xe0,

    /* U+51FA "出" */
    0x0, 0xf9, 0x40, 0x3f, 0xf8, 0x78, 0x1, 0xfc,
    0xc0, 0x1f, 0xfc, 0x6, 0x0, 0x78, 0x7, 0xff,
    0x3, 0xc0, 0x3f, 0xfe, 0xf3, 0x3c, 0xd3, 0x3e,
    0x10, 0x4, 0xcf, 0x9a, 0x67, 0xd0, 0xc, 0x1,
    0xff, 0xc2, 0x6f, 0x0, 0xff, 0xe1, 0x60, 0x7,
    0xff, 0xd5, 0xdf, 0xc8, 0xef, 0xf3, 0x42, 0xaf,
    0xbd, 0x57, 0xe6,

    /* U+5287 "劇" */
    0x0, 0xf2, 0x88, 0x7, 0xff, 0x13, 0x48, 0x47,
    0x0, 0x74, 0x0, 0x78, 0x6a, 0x67, 0x0, 0x4,
    0x0, 0x20, 0x1e, 0x18, 0x8e, 0x0, 0x40, 0x7,
    0x35, 0xcc, 0x9e, 0xe6, 0x76, 0x0, 0x7c, 0x33,
    0x33, 0x54, 0xcd, 0x74, 0x1, 0xf9, 0xa2, 0x5a,
    0x65, 0x6, 0xcc, 0x0, 0xfc, 0xd1, 0x2f, 0x32,
    0x83, 0x40, 0xf, 0xe3, 0x0, 0x54, 0x47, 0x8,
    0x7, 0xe2, 0x44, 0x36, 0x67, 0x18, 0x7, 0xde,
    0x23, 0xbf, 0x84, 0x60, 0xf, 0xc2, 0x4a, 0x33,
    0x94, 0xa2, 0x22, 0x0, 0xfe, 0x80, 0xcb, 0x25,
    0xc4, 0x0, 0xfc, 0x61, 0xd, 0x10, 0xfe, 0xf0,
    0xf, 0xe2, 0x24, 0xa4, 0x31, 0x5f, 0x98, 0x2,
    0x40, 0x31, 0xe9, 0x4b, 0x3a, 0x49, 0x44, 0x80,
    0x7d, 0x6a, 0x4f, 0xc, 0xce, 0x20, 0x89, 0x0,
    0xfc, 0xad, 0x4d, 0x1c, 0x0, 0x29, 0x5, 0xaa,
    0x18, 0x40, 0x38, 0x93, 0xc3, 0x0, 0x72, 0xd5,
    0x40,

    /* U+529F "功" */
    0x0, 0xff, 0xe0, 0x10, 0x7, 0xff, 0x1a, 0xc0,
    0x3f, 0xf9, 0xd1, 0x32, 0xf9, 0x98, 0x80, 0x3f,
    0xe8, 0x99, 0x34, 0xcc, 0x40, 0x1f, 0xfc, 0x66,
    0x99, 0x9a, 0x67, 0xa8, 0x3, 0xf3, 0x4c, 0xcd,
    0x33, 0xc6, 0x1, 0xff, 0xc0, 0x10, 0xe, 0x10,
    0xf, 0xf8, 0xb8, 0x3, 0x8, 0x7, 0xff, 0x1,
    0x88, 0x3, 0x1f, 0x0, 0x7f, 0xd8, 0xa0, 0x18,
    0x4c, 0x3, 0xe1, 0x30, 0x0, 0x88, 0x3, 0x38,
    0x80, 0x64, 0x89, 0x61, 0x2, 0xe0, 0xe, 0x27,
    0x8, 0x98, 0x98, 0x97, 0x20, 0xa6, 0x0, 0xe1,
    0x20, 0x99, 0x42, 0x0, 0x62, 0x1, 0x0, 0xee,
    0x10, 0x10, 0xf, 0xa2, 0x0, 0x1e, 0x30, 0xf,
    0xc3, 0x50, 0x1, 0xe1, 0x30, 0xf, 0x92, 0x2c,
    0x80, 0x7, 0x33, 0x5d, 0x80, 0x3e, 0x79, 0x10,
    0x8, 0xe6, 0x6a, 0x20,

    /* U+52D2 "勒" */
    0x0, 0x21, 0x0, 0x4c, 0x1, 0xcc, 0x1, 0xe1,
    0x60, 0xb, 0xc0, 0x3b, 0xc0, 0x33, 0xcd, 0x4c,
    0xe6, 0x98, 0x0, 0xfc, 0xf3, 0x53, 0x39, 0xa6,
    0x0, 0x3f, 0xf9, 0x22, 0x1, 0xf7, 0x4e, 0xc9,
    0x82, 0xcc, 0xad, 0xe6, 0x6c, 0x0, 0x2d, 0x4a,
    0x4d, 0x2, 0xcc, 0xa2, 0x67, 0x28, 0x2a, 0xe6,
    0x55, 0x88, 0x0, 0xe6, 0x1, 0xdc, 0x23, 0x10,
    0x88, 0xd4, 0x0, 0x22, 0x0, 0xe2, 0x44, 0xf8,
    0x2, 0x25, 0x0, 0xff, 0xe2, 0x70, 0x80, 0x42,
    0x7, 0x33, 0x34, 0xca, 0xc8, 0x0, 0x60, 0x10,
    0x80, 0x2a, 0x66, 0x69, 0x99, 0x40, 0xf4, 0x2,
    0x3f, 0x0, 0xff, 0xad, 0x80, 0x21, 0x13, 0x4c,
    0xe6, 0x99, 0xc4, 0x41, 0x0, 0x9c, 0xda, 0x67,
    0x34, 0xce, 0xa9, 0x0, 0xc4, 0xc0, 0x1f, 0xcb,
    0xe6, 0x1, 0xbc, 0xc0, 0x3f, 0x2e, 0xb8, 0xc,
    0xcc, 0x20, 0x1e, 0x90, 0x2, 0x40, 0x0, 0x66,
    0x68, 0x0,

    /* U+52D5 "動" */
    0x0, 0xfc, 0x68, 0x1, 0x20, 0x7, 0x9a, 0x22,
    0xd8, 0x76, 0x70, 0xb, 0x40, 0x3c, 0xd1, 0x12,
    0x43, 0xa9, 0x80, 0x7f, 0xf4, 0xa, 0x67, 0x34,
    0xce, 0x60, 0xf, 0xc5, 0x33, 0x9a, 0x67, 0x14,
    0x41, 0xa2, 0x2a, 0x30, 0x79, 0x99, 0xa6, 0x6b,
    0x48, 0x83, 0x44, 0x5c, 0xc1, 0xd3, 0x33, 0x4c,
    0xc6, 0x20, 0x1e, 0x11, 0x0, 0x4, 0x63, 0x11,
    0x80, 0x3f, 0x9c, 0x1, 0x33, 0x2c, 0xcc, 0x80,
    0x1, 0x10, 0x4, 0x60, 0x14, 0x44, 0xd1, 0x12,
    0x0, 0xb, 0x40, 0x21, 0x10, 0xc, 0xcc, 0xd3,
    0x32, 0x8, 0x23, 0x80, 0x5e, 0x61, 0x13, 0x33,
    0x4c, 0xd8, 0x0, 0xd2, 0x0, 0xc2, 0xd, 0x33,
    0x34, 0xce, 0x1, 0x20, 0xc, 0x20, 0x6, 0x99,
    0x9a, 0x67, 0x4, 0xd0, 0x7, 0xff, 0x8, 0x4d,
    0x4, 0x80, 0x31, 0x80, 0x15, 0xa2, 0x52, 0x61,
    0x96, 0x20, 0x1, 0x84, 0xc0, 0x2, 0x91, 0x3b,
    0x30, 0xd9, 0xc2, 0x9, 0x31, 0x76, 0x0, 0x21,
    0x0, 0x71, 0xd9, 0x0, 0x12, 0x62, 0x88, 0x0,

    /* U+5373 "即" */
    0x9, 0x9f, 0x88, 0x1, 0x33, 0xd8, 0x0, 0x99,
    0xef, 0x10, 0xa, 0x67, 0x28, 0x7, 0xff, 0x5d,
    0x66, 0x7c, 0x1, 0xfe, 0x59, 0x9f, 0x0, 0x7f,
    0xfc, 0x4a, 0x67, 0xbc, 0x40, 0x3f, 0x8a, 0x67,
    0xc4, 0x1, 0xff, 0xc1, 0x53, 0x0, 0xff, 0xe1,
    0xad, 0x0, 0x79, 0xa6, 0x0, 0x3c, 0x22, 0xa0,
    0xe, 0x69, 0x89, 0x0, 0x96, 0x1e, 0x48, 0x80,
    0x1f, 0x85, 0xa1, 0xa1, 0x86, 0x54, 0x3, 0xf0,
    0xf4, 0x18, 0x4, 0x2e, 0x1, 0xf8,

    /* U+56DB "四" */
    0xb9, 0x9d, 0xf3, 0x3b, 0x26, 0x75, 0x14, 0xce,
    0x69, 0x9a, 0x12, 0x67, 0x18, 0x7, 0xff, 0xe0,
    0xb8, 0x3, 0xff, 0x84, 0x88, 0x0, 0xff, 0xe1,
    0x61, 0x80, 0x42, 0x20, 0xf, 0xd3, 0x0, 0x1d,
    0xf3, 0x32, 0x80, 0xe, 0xa8, 0x40, 0x1c, 0xd3,
    0x32, 0x80, 0x54, 0x60, 0x1f, 0xfc, 0x13, 0x0,
    0xff, 0xe1, 0x34, 0xcf, 0xff, 0x9, 0x99, 0x33,
    0xff, 0xc2, 0x6f, 0x0, 0xff, 0xe1, 0x68,

    /* U+571F "土" */
    0x0, 0xfe, 0x40, 0xf, 0xfe, 0x36, 0x80, 0x7f,
    0xff, 0xc0, 0x3f, 0xfa, 0x6f, 0x33, 0xe6, 0xa9,
    0x9f, 0x18, 0x4, 0xf3, 0x3e, 0x6a, 0x99, 0xf1,
    0x80, 0x7f, 0xff, 0xc0, 0x3f, 0xff, 0xe0, 0x1a,
    0x67, 0xf1, 0x4c, 0xfe, 0x50,

    /* U+5747 "均" */
    0x0, 0xc6, 0x1, 0xc6, 0x80, 0x1f, 0xf5, 0x0,
    0x75, 0x28, 0x7, 0xff, 0x14, 0xc4, 0x3, 0xff,
    0x88, 0xbc, 0x1, 0xff, 0xc5, 0x8d, 0x99, 0xfb,
    0x81, 0xe2, 0xd, 0x10, 0x46, 0x99, 0xfe, 0x70,
    0x79, 0x92, 0xcc, 0x97, 0x10, 0x3, 0xfe, 0x11,
    0x18, 0x8a, 0xe0, 0x3, 0xff, 0x88, 0x5c, 0x4b,
    0x33, 0xca, 0x1, 0xfc, 0x48, 0xb, 0x33, 0xca,
    0x1, 0xff, 0xc8, 0x11, 0x0, 0x7f, 0xf1, 0x4f,
    0xc0, 0x3c, 0x4c, 0x1, 0xfc, 0x22, 0x0, 0xc9,
    0x2a, 0xe1, 0x33, 0xe8, 0x6, 0x20, 0x28, 0x99,
    0x9c, 0x42, 0x67, 0xd0, 0x4, 0xc0, 0x93, 0x24,
    0x0, 0xff, 0xe0, 0x71, 0x3, 0x8, 0x7, 0xff,
    0x8, 0xc0, 0x3f, 0xf8, 0x25, 0x33, 0x57, 0x0,
    0x7f, 0xf0, 0x4a, 0x66, 0xa4, 0x0,

    /* U+5831 "報" */
    0x0, 0xc6, 0x1, 0xff, 0xc6, 0xa0, 0xc, 0x2c,
    0xdf, 0x0, 0x42, 0x31, 0x88, 0xc0, 0x82, 0xab,
    0xda, 0x0, 0x19, 0x99, 0x66, 0x60, 0x1, 0x9f,
    0x88, 0x0, 0x31, 0x13, 0x44, 0x40, 0x1f, 0xf1,
    0xa2, 0x4a, 0x89, 0x10, 0x6, 0x58, 0x80, 0x4,
    0xc4, 0x55, 0x11, 0x98, 0x40, 0x32, 0xc4, 0x24,
    0x0, 0xae, 0x2c, 0xd7, 0x31, 0x80, 0x7f, 0xc3,
    0xe0, 0x3, 0xe1, 0x0, 0x5f, 0xcc, 0xee, 0x30,
    0x0, 0xe1, 0x8c, 0x30, 0x80, 0x2d, 0xa6, 0x73,
    0x98, 0x1c, 0xe5, 0xf1, 0x4c, 0x88, 0x1, 0x88,
    0x1, 0x18, 0x0, 0xe2, 0x26, 0x98, 0x81, 0x0,
    0x17, 0x80, 0xd, 0xc0, 0x1f, 0xfc, 0x2c, 0x40,
    0xc4, 0x0, 0x44, 0xcc, 0xd3, 0x33, 0x0, 0x4d,
    0xd1, 0x20, 0x14, 0x4c, 0xcd, 0x33, 0x30, 0x6,
    0xc7, 0x30, 0xf, 0xfe, 0x19, 0x65, 0x48, 0x7,
    0xff, 0x8, 0xe2, 0x97, 0x28, 0x40, 0x38, 0x40,
    0x3b, 0x92, 0x80, 0xb, 0x16, 0x1, 0xd0, 0x1,
    0x96, 0x9c, 0x3, 0x15, 0x0,

    /* U+5883 "境" */
    0x0, 0x8c, 0x3, 0xe1, 0x40, 0xf, 0xea, 0x0,
    0xf8, 0x78, 0x3, 0xff, 0x82, 0x53, 0x39, 0xa6,
    0x72, 0x0, 0x7e, 0x29, 0xca, 0x9c, 0x9b, 0xd9,
    0x40, 0xf, 0xf2, 0x58, 0x5, 0x4a, 0x1, 0x99,
    0xa7, 0x61, 0x0, 0xf, 0x0, 0x4, 0x60, 0xc,
    0xaa, 0x34, 0x51, 0x89, 0x97, 0xcc, 0xac, 0xe6,
    0x60, 0x1, 0x99, 0x4c, 0xc1, 0x13, 0x3d, 0x54,
    0x99, 0x80, 0x3f, 0xaa, 0x67, 0xec, 0x0, 0xff,
    0x1c, 0xcf, 0xca, 0x1, 0xfe, 0x39, 0x9f, 0x94,
    0x3, 0xfc, 0x73, 0x3f, 0x28, 0x7, 0xe1, 0x3,
    0x77, 0xf8, 0x80, 0x39, 0x62, 0x6, 0x16, 0xa0,
    0x5, 0xd3, 0x59, 0x0, 0xb, 0xcd, 0x44, 0x8,
    0x4, 0x81, 0x8b, 0x58, 0x88, 0x1, 0x2c, 0xb0,
    0x7, 0xb4, 0x40, 0x3c, 0xc2, 0x40, 0x1f, 0x4c,
    0x80, 0x3e, 0xe0, 0xf, 0x1c, 0x4d, 0x98, 0x0,
    0xee, 0x21, 0x38, 0x1, 0xf4, 0xc8, 0x80, 0x24,
    0x98, 0x84, 0xa0,

    /* U+58D3 "壓" */
    0x0, 0x3c, 0xcf, 0xff, 0xd, 0x40, 0x1f, 0x32,
    0x88, 0xe9, 0x9d, 0x73, 0x32, 0x80, 0x69, 0x9e,
    0xd0, 0xd, 0x63, 0x0, 0x1f, 0x8, 0xf0, 0x7,
    0xe, 0x40, 0x7, 0xa2, 0x32, 0x0, 0x79, 0x30,
    0x3, 0xb5, 0x9b, 0x70, 0x44, 0xc9, 0xaa, 0x75,
    0x0, 0x37, 0xf7, 0x6c, 0x38, 0x99, 0x17, 0xcc,
    0x90, 0x3, 0x16, 0xdc, 0xcb, 0xd8, 0x0, 0x75,
    0x80, 0x1c, 0x20, 0x6, 0x78, 0x80, 0x6, 0xb6,
    0x11, 0x0, 0x7c, 0x4d, 0xc1, 0x0, 0x3, 0x1,
    0x98, 0x0, 0xe1, 0x38, 0x64, 0x88, 0x1, 0x4c,
    0x0, 0xe3, 0x80, 0x64, 0x88, 0x28, 0xc6, 0x8d,
    0xd0, 0x4, 0xa5, 0x0, 0x12, 0x90, 0x0, 0xe2,
    0x4a, 0x80, 0x39, 0x60, 0xb, 0x81, 0x26, 0x7d,
    0xb3, 0x3c, 0x60, 0x4, 0x40, 0x24, 0xcf, 0x45,
    0x4c, 0xf1, 0x80, 0x30, 0xc0, 0x3f, 0xf8, 0x83,
    0x81, 0x13, 0x3e, 0xaf, 0x99, 0xf3, 0x0,

    /* U+58E4 "壤" */
    0x0, 0x8c, 0x3, 0xe1, 0x40, 0xf, 0xf5, 0x0,
    0x7c, 0x3a, 0x1, 0xff, 0xc1, 0x49, 0x9e, 0x4b,
    0x99, 0xd0, 0x1, 0xf2, 0x4c, 0xf6, 0xdc, 0xce,
    0x80, 0xf, 0xc5, 0x73, 0x2c, 0x5, 0xa9, 0x95,
    0x80, 0x51, 0x2d, 0x32, 0x10, 0xc9, 0x92, 0x80,
    0x3a, 0x64, 0x40, 0x14, 0x4b, 0x4c, 0x84, 0x39,
    0x10, 0x60, 0x3, 0x44, 0x18, 0x7, 0xf1, 0x60,
    0xcf, 0x82, 0xc, 0xf, 0x0, 0x7f, 0x3e, 0x60,
    0xb2, 0x63, 0x4f, 0x34, 0x80, 0x3f, 0x3c, 0xc9,
    0xa6, 0x6a, 0x89, 0x91, 0x0, 0x7f, 0x4c, 0x9a,
    0x66, 0xa8, 0x98, 0x0, 0xff, 0x4c, 0x9a, 0x66,
    0xa8, 0x98, 0x0, 0xf2, 0x49, 0xbb, 0xcc, 0xf5,
    0x10, 0x97, 0x78, 0x0, 0x2e, 0x83, 0x24, 0xab,
    0x66, 0x91, 0x2f, 0x14, 0x58, 0xa, 0x17, 0x54,
    0x4, 0x82, 0x6a, 0xe3, 0x44, 0x2d, 0x44, 0xa,
    0x48, 0x0, 0x2d, 0x2a, 0x76, 0x20, 0xff, 0x12,
    0x60, 0x1f, 0x92, 0x5f, 0xc0, 0x2, 0x98, 0x4e,
    0x1, 0xf8, 0x48, 0x1, 0x32, 0x86, 0x70, 0x84,
    0x97, 0x0, 0xff, 0x55, 0xc3, 0x98, 0x0, 0xe5,
    0xc0,

    /* U+5916 "外" */
    0x0, 0xd0, 0x1, 0xf4, 0x80, 0x7f, 0x84, 0x3,
    0xff, 0x8a, 0x98, 0x1, 0xff, 0xc5, 0xef, 0x99,
    0xa8, 0x80, 0x3f, 0xf8, 0x5, 0x53, 0x31, 0x18,
    0x7, 0xfc, 0xb6, 0x1, 0x88, 0x40, 0x3f, 0xef,
    0x30, 0xc, 0x60, 0x12, 0x20, 0x3, 0xce, 0x28,
    0x1, 0x1f, 0x80, 0x48, 0x50, 0x1, 0x8f, 0xac,
    0x58, 0x1, 0x6e, 0x1, 0x9a, 0xa8, 0x20, 0x14,
    0x82, 0x93, 0x80, 0x88, 0x3, 0x8a, 0xec, 0x60,
    0x60, 0x12, 0x1e, 0x68, 0x7, 0xc3, 0x54, 0x20,
    0xe, 0x47, 0x40, 0xf, 0xe9, 0x20, 0xe, 0x6f,
    0x0, 0xff, 0xe2, 0x17, 0x20, 0x7, 0xff, 0xc,
    0x62, 0x0, 0x1f, 0xfc, 0x31, 0xbb, 0x0, 0x7f,
    0xf0, 0xce, 0xec, 0x20, 0x1f, 0xfc, 0x25, 0xba,
    0x10, 0xf, 0xfe, 0x1a, 0xc0, 0x7, 0xfa, 0x40,
    0x3c,

    /* U+591A "多" */
    0x0, 0xfc, 0xe0, 0x1f, 0xfc, 0x48, 0x20, 0xf,
    0xfe, 0x1e, 0x2e, 0x4c, 0xed, 0x20, 0xf, 0x96,
    0xb7, 0x53, 0x3a, 0x1c, 0x80, 0x38, 0xeb, 0x8c,
    0xc0, 0x18, 0x6e, 0xc0, 0x18, 0x69, 0x6a, 0xe6,
    0xa0, 0x0, 0x57, 0x61, 0x0, 0xc3, 0x4c, 0x1,
    0x45, 0xd9, 0xe2, 0x84, 0x3, 0xff, 0x80, 0x43,
    0xf4, 0xe4, 0x1, 0xfe, 0x18, 0x85, 0xc4, 0x8,
    0x80, 0x1f, 0x92, 0x62, 0xa4, 0x29, 0x72, 0x67,
    0x64, 0x14, 0xd1, 0x44, 0x93, 0x4d, 0xec, 0xcf,
    0x34, 0x14, 0xd3, 0xb, 0x55, 0xd8, 0x40, 0x3a,
    0x38, 0x2, 0x18, 0x82, 0xd6, 0xa4, 0x0, 0x66,
    0xe4, 0x0, 0x86, 0x20, 0x60, 0x7, 0xaa, 0x18,
    0x40, 0x30, 0x7, 0xfc, 0x55, 0xd9, 0x6c, 0x1,
    0xff, 0xc0, 0x28, 0xac, 0x30, 0xf, 0xf0, 0xb4,
    0xac, 0x38, 0x7, 0xe2, 0x58, 0x99, 0x2c, 0xb8,
    0x7, 0xf9, 0x6, 0x65, 0x6, 0x1, 0xfe,

    /* U+591C "夜" */
    0x0, 0xfe, 0x40, 0xf, 0xfe, 0x43, 0x0, 0x7f,
    0xf1, 0x93, 0x80, 0x3f, 0xc9, 0x33, 0xae, 0x66,
    0x1a, 0xa4, 0xcf, 0x40, 0x1, 0x26, 0x71, 0x4c,
    0xe2, 0x89, 0x9e, 0x80, 0xf, 0x3d, 0x80, 0x42,
    0x22, 0x0, 0xff, 0x87, 0xc8, 0x2, 0xb2, 0x99,
    0xed, 0x10, 0xe, 0xf9, 0x0, 0x93, 0x2e, 0x67,
    0x9c, 0x40, 0x33, 0x98, 0x80, 0x6, 0x58, 0xe0,
    0x2, 0x2d, 0x0, 0xc8, 0x8, 0x1, 0x5a, 0x9,
    0xdc, 0x80, 0x29, 0x80, 0x24, 0xd7, 0x0, 0xaa,
    0x21, 0x20, 0x76, 0xa4, 0x2, 0x1, 0x14, 0x80,
    0x4b, 0x64, 0x3e, 0x60, 0x4b, 0x70, 0x1, 0x98,
    0x3, 0x28, 0x80, 0x1e, 0x80, 0x11, 0x40, 0x1f,
    0xfc, 0x38, 0x98, 0xc3, 0x0, 0xff, 0xe1, 0x89,
    0x32, 0x0, 0x7f, 0xf0, 0xca, 0xa7, 0xe8, 0x80,
    0x3f, 0xf8, 0x3, 0xb, 0x44, 0x35, 0x47, 0x0,
    0xfe, 0x39, 0x99, 0xc0, 0x34, 0x24, 0xc0, 0x80,
    0x69, 0x0, 0x4c, 0x8, 0x7, 0x8e, 0x68, 0x0,

    /* U+5927 "大" */
    0x0, 0xfe, 0x60, 0xf, 0xfe, 0x2f, 0x80, 0x7f,
    0xf1, 0x4, 0x40, 0x1f, 0xfc, 0x43, 0xf0, 0xf,
    0xfe, 0x20, 0x90, 0x7, 0xff, 0x11, 0x84, 0x3,
    0xf2, 0x4c, 0xfd, 0x53, 0x3f, 0xa1, 0x26, 0x7e,
    0x64, 0x99, 0xfa, 0x0, 0x3f, 0x1f, 0x90, 0x7,
    0xff, 0x8, 0xf1, 0xe8, 0x3, 0xff, 0x85, 0x4e,
    0x23, 0x0, 0x7f, 0xf0, 0x4, 0x4, 0x2d, 0x80,
    0x3f, 0xf8, 0x11, 0x60, 0x2, 0xf2, 0x0, 0xff,
    0x27, 0x10, 0x5, 0x10, 0x0, 0xfe, 0x2e, 0x70,
    0xe, 0x98, 0x0, 0xf8, 0xa2, 0x80, 0x3c, 0x7b,
    0x0, 0x1c, 0xd7, 0x40, 0x1f, 0x97, 0x68, 0x0,
    0x94, 0x72, 0x1, 0xfe, 0x59, 0xa6, 0x65, 0x28,
    0x7, 0xff, 0x0, 0xe9, 0x0,

    /* U+5929 "天" */
    0x8, 0x99, 0xf6, 0xdc, 0xcf, 0x9c, 0x2, 0x89,
    0x9f, 0x5c, 0x4c, 0xf9, 0xc0, 0x3f, 0xfc, 0x82,
    0x20, 0xf, 0xfe, 0x31, 0x80, 0x7f, 0x24, 0xcf,
    0xd1, 0xb3, 0x3f, 0x40, 0x24, 0xcf, 0xcc, 0x93,
    0x3f, 0x40, 0x7, 0xe1, 0x17, 0x10, 0x7, 0xff,
    0xe, 0x69, 0xa8, 0x3, 0xff, 0x84, 0x22, 0x20,
    0xe2, 0x0, 0xff, 0xe0, 0xdc, 0x0, 0x1a, 0xc0,
    0x3f, 0xf8, 0x13, 0x21, 0x0, 0xae, 0x40, 0x3f,
    0x86, 0xa8, 0x60, 0x18, 0xaa, 0x0, 0x3e, 0x4b,
    0xb1, 0x80, 0x78, 0xea, 0x48, 0x2, 0x39, 0x2a,
    0x10, 0xf, 0xc5, 0x2b, 0x6, 0x0, 0x96, 0x0,
    0xff, 0xe0, 0x3c, 0x38, 0x0,

    /* U+593E "夾" */
    0x0, 0xfe, 0x40, 0xf, 0xfe, 0x28, 0xe0, 0x7,
    0xff, 0x41, 0x66, 0x7e, 0xb7, 0x99, 0xfc, 0xb,
    0x33, 0xf5, 0xbc, 0xcf, 0xe0, 0xe, 0x81, 0x0,
    0xf8, 0xd8, 0x3, 0xf0, 0x88, 0x3, 0xe4, 0x40,
    0x7, 0xc6, 0x1, 0xfd, 0x84, 0x1, 0xf5, 0x2,
    0x0, 0x79, 0x6, 0x0, 0x3c, 0x9f, 0x26, 0xa0,
    0x44, 0x1, 0xda, 0xb9, 0x0, 0xc3, 0xac, 0xe,
    0x46, 0xa6, 0x17, 0x0, 0x75, 0x20, 0x1, 0xb8,
    0x0, 0x9c, 0xff, 0x22, 0x2, 0x0, 0x3a, 0x70,
    0x1b, 0x10, 0xc, 0xba, 0xa2, 0x40, 0x18, 0xdc,
    0x0, 0x20, 0x18, 0x71, 0x3, 0x58, 0x3, 0xff,
    0x80, 0x31, 0x20, 0x4, 0x15, 0x0, 0xff, 0x14,
    0x40, 0x3, 0x39, 0x30, 0x7, 0xe7, 0x59, 0x10,
    0xe, 0x72, 0xa3, 0x0, 0x8a, 0x20, 0xae, 0x1,
    0xf9, 0x29, 0x25, 0x40, 0x66, 0x8, 0x3, 0xfe,
    0x79, 0x10,

    /* U+597D "好" */
    0x0, 0xca, 0x1, 0xff, 0xc6, 0x1d, 0x0, 0xff,
    0xe3, 0x16, 0x80, 0x62, 0x99, 0xfb, 0xc4, 0x3,
    0x2b, 0x80, 0x18, 0xa, 0x67, 0xd9, 0x22, 0x1,
    0xb8, 0x80, 0x1e, 0x20, 0x1e, 0x3c, 0x60, 0xa,
    0x64, 0xf3, 0x33, 0x30, 0x40, 0x31, 0xd4, 0x80,
    0x69, 0x93, 0xcc, 0xcc, 0xe2, 0x1, 0x14, 0x48,
    0x7, 0x93, 0x0, 0x3f, 0x87, 0x40, 0x3e, 0xc4,
    0x0, 0xff, 0xe5, 0xf, 0x24, 0xce, 0xf9, 0x9e,
    0x0, 0x10, 0x80, 0x48, 0x69, 0x33, 0xbe, 0x67,
    0x80, 0x2, 0x48, 0x0, 0xc4, 0x0, 0xff, 0xe0,
    0x9d, 0x94, 0x10, 0x7, 0xff, 0x15, 0xaf, 0x68,
    0x3, 0xff, 0x8a, 0xed, 0x24, 0x1, 0xff, 0xc3,
    0x2e, 0x9a, 0x82, 0x0, 0xff, 0xe0, 0x94, 0x50,
    0x2, 0x80, 0x3f, 0xf8, 0x29, 0x74, 0x1, 0x88,
    0x6, 0x21, 0x4a, 0x1, 0xe7, 0x90, 0xf, 0x86,
    0x21, 0x26, 0x1, 0xc0,

    /* U+5BA4 "室" */
    0x0, 0xfc, 0xc0, 0x1f, 0xfc, 0x5e, 0x10, 0xf,
    0xcd, 0x33, 0xf1, 0x64, 0xcf, 0xc1, 0xf3, 0x3f,
    0x56, 0xcc, 0xf8, 0x40, 0x3f, 0xf8, 0xf8, 0x11,
    0x33, 0xba, 0xa6, 0x7c, 0x78, 0xa, 0x11, 0x33,
    0x64, 0xd4, 0xca, 0x26, 0x63, 0x40, 0xf, 0x31,
    0x38, 0x4, 0x8e, 0x1, 0xfc, 0xe0, 0xe0, 0x19,
    0x52, 0x40, 0x3c, 0x5b, 0xc0, 0xf1, 0x33, 0x45,
    0x96, 0x0, 0x73, 0x56, 0xab, 0x46, 0x44, 0xc4,
    0x2f, 0xd0, 0x3, 0x23, 0xa1, 0x88, 0x10, 0x7,
    0x1a, 0x0, 0x7f, 0xf2, 0xa2, 0x67, 0xa2, 0xa6,
    0x7a, 0x0, 0x34, 0x4c, 0xf4, 0x54, 0xcf, 0x40,
    0x7, 0xff, 0x69, 0xe6, 0x7f, 0x5c, 0xcf, 0xce,

    /* U+5C4B "屋" */
    0x0, 0xae, 0x67, 0xff, 0x82, 0xa0, 0x1c, 0x53,
    0x3f, 0xfc, 0x1c, 0x0, 0xff, 0xf0, 0xb4, 0xcf,
    0xff, 0x7, 0x0, 0x39, 0xa6, 0x7f, 0xf8, 0x2a,
    0x1, 0xe6, 0x99, 0xdd, 0x33, 0xf8, 0xc0, 0x39,
    0xa6, 0x6e, 0xb9, 0x9b, 0x62, 0x66, 0x30, 0xc,
    0x20, 0x14, 0x12, 0x80, 0x49, 0x28, 0x1, 0xe1,
    0xf0, 0x1a, 0xe6, 0x44, 0x2b, 0x38, 0x5c, 0x80,
    0x71, 0x10, 0x20, 0x5, 0x44, 0xb9, 0x55, 0x3f,
    0xb0, 0x1, 0x98, 0x42, 0x69, 0xd9, 0x5c, 0xcc,
    0x42, 0x9, 0x20, 0x1b, 0x54, 0x1e, 0x67, 0x53,
    0xcc, 0xf2, 0x80, 0x61, 0x10, 0x3c, 0xce, 0xa7,
    0x99, 0xe4, 0x0, 0xff, 0xe5, 0xae, 0x80, 0x7f,
    0xf1, 0xbd, 0x1a, 0x67, 0xd0, 0x93, 0x3f, 0x0,
    0x20, 0x1a, 0x67, 0xec, 0x99, 0xf8, 0x0,

    /* U+5DE5 "工" */
    0x0, 0x19, 0xff, 0xf0, 0xc8, 0x2, 0x55, 0xfb,
    0x11, 0x57, 0xcc, 0x1, 0x33, 0x7c, 0xec, 0xdf,
    0x20, 0x7, 0xff, 0xfc, 0x3, 0xff, 0xfe, 0x1,
    0xff, 0xf1, 0x99, 0xfc, 0x91, 0x33, 0xf2, 0x80,

    /* U+5DF2 "已" */
    0x0, 0xff, 0xe3, 0xcc, 0xff, 0xf0, 0x6d, 0x0,
    0x29, 0x9f, 0xfe, 0xf, 0x0, 0x72, 0x0, 0x7f,
    0xf1, 0x74, 0x3, 0xff, 0xd2, 0xf3, 0x3f, 0xf5,
    0x80, 0x73, 0xcc, 0xff, 0xd6, 0x1, 0xff, 0xc5,
    0x54, 0x0, 0xff, 0xf5, 0xd0, 0x7, 0xff, 0x10,
    0x4c, 0x3, 0xff, 0x88, 0xbe, 0x1, 0x8, 0x7,
    0xff, 0x3, 0x9c, 0x1, 0x13, 0x3f, 0xfc, 0x21,

    /* U+5E38 "常" */
    0x0, 0x10, 0x7, 0x28, 0x6, 0x11, 0x0, 0x56,
    0x20, 0x1b, 0x0, 0x34, 0x0, 0x68, 0xb0, 0xf,
    0xcd, 0xa2, 0x4, 0x43, 0xf3, 0x22, 0xf8, 0x18,
    0x89, 0xca, 0xa2, 0x45, 0x5b, 0x15, 0x61, 0x55,
    0x72, 0xbb, 0xff, 0xf0, 0x94, 0x2, 0xa9, 0x9f,
    0xe6, 0x0, 0x78, 0x0, 0xe6, 0x7f, 0xbc, 0x3d,
    0x80, 0x3f, 0xf8, 0x4c, 0x1, 0x2b, 0x37, 0xf0,
    0x7, 0xbd, 0x57, 0x52, 0xae, 0x80, 0xe, 0x33,
    0xe5, 0x33, 0xc2, 0x1, 0x3c, 0xcf, 0x9a, 0x67,
    0xac, 0x1, 0xd3, 0x3e, 0x69, 0x9e, 0x30, 0xf,
    0xff, 0x36, 0x0, 0x7f, 0x34, 0x3e, 0x0,

    /* U+5E55 "幕" */
    0x0, 0xe5, 0x0, 0xf2, 0x80, 0x7f, 0xd8, 0x1,
    0xec, 0x0, 0xf2, 0xcc, 0xe6, 0x99, 0x32, 0xcc,
    0x9a, 0x67, 0x30, 0x2c, 0xce, 0x79, 0x93, 0x2c,
    0xc9, 0xe6, 0x73, 0x0, 0x43, 0x52, 0x33, 0x3e,
    0x19, 0x93, 0x0, 0x71, 0xec, 0xcf, 0xfa, 0x38,
    0x3, 0xd7, 0x33, 0xfe, 0x80, 0xf, 0xae, 0x67,
    0xfd, 0x0, 0x1f, 0xfc, 0xd3, 0xe9, 0x95, 0xfc,
    0xcf, 0xa3, 0x0, 0x38, 0x66, 0x61, 0xe9, 0x9f,
    0x90, 0x2, 0x79, 0x9a, 0xbc, 0x62, 0xa9, 0x35,
    0xf3, 0x3a, 0x1, 0xe6, 0x54, 0x7d, 0x73, 0xfd,
    0x35, 0xa1, 0x73, 0x28, 0x0, 0xc, 0x68, 0x44,
    0xca, 0xa6, 0x6b, 0xd, 0x82, 0x0, 0x3c, 0xc9,
    0xe6, 0x75, 0x4c, 0xf3, 0x42, 0x48, 0x3c, 0x8,
    0x7, 0xff, 0x5, 0xa4, 0x3, 0xff, 0x97, 0xc0,
    0x1f, 0x9d, 0xde, 0x1, 0x80,

    /* U+5EA6 "度" */
    0x0, 0xfe, 0x44, 0x0, 0x7f, 0xf1, 0x53, 0x80,
    0x3f, 0xc3, 0x93, 0x3e, 0x7b, 0x99, 0xf3, 0x80,
    0xa, 0xa6, 0x68, 0x99, 0x6d, 0xcc, 0xa2, 0x66,
    0x70, 0xf, 0xa4, 0x40, 0x3a, 0x0, 0x3f, 0xf9,
    0xf3, 0x33, 0xd4, 0xcf, 0x34, 0xcc, 0xa0, 0x1a,
    0x66, 0x7a, 0x99, 0xe6, 0x99, 0x94, 0x3, 0xff,
    0x9f, 0x13, 0x3c, 0x60, 0x1f, 0x18, 0x5, 0x13,
    0x3e, 0xa0, 0xf, 0x30, 0x80, 0x7f, 0xf1, 0x4d,
    0x9e, 0x6a, 0xe6, 0x7e, 0xf6, 0x0, 0xdc, 0x4f,
    0x34, 0x31, 0x33, 0xd6, 0xcc, 0x0, 0xc2, 0x1,
    0xae, 0x8, 0x2, 0x4b, 0x90, 0xf, 0xf0, 0xcd,
    0x31, 0x49, 0x48, 0x7, 0x1e, 0x0, 0x7b, 0x6b,
    0x45, 0xc0, 0x3d, 0x4a, 0x6, 0xd1, 0x10, 0xe7,
    0xcb, 0x43, 0xa0, 0x80, 0x34, 0x9, 0x92, 0x22,
    0x40, 0x0, 0xbc, 0x38, 0x32, 0x80,

    /* U+5F37 "強" */
    0x0, 0xff, 0x94, 0x3, 0xcf, 0x33, 0xc0, 0x19,
    0x80, 0x3e, 0x79, 0x9c, 0x1, 0x87, 0xd4, 0x0,
    0xa0, 0x1f, 0xfc, 0x8, 0x90, 0xc, 0xa0, 0x1f,
    0xe8, 0xb0, 0xc, 0xf2, 0x60, 0x1f, 0xad, 0x2e,
    0x62, 0x24, 0x98, 0x2, 0xd9, 0x98, 0xc2, 0xb2,
    0x66, 0x8, 0x65, 0x93, 0x69, 0x9d, 0x40, 0x20,
    0x1f, 0x88, 0xcc, 0xc0, 0x1c, 0xd3, 0x35, 0xbc,
    0xcd, 0x1, 0xe4, 0x1, 0xdf, 0x33, 0x5b, 0xcc,
    0xc2, 0xb, 0x33, 0xac, 0x40, 0x3f, 0xed, 0x99,
    0xd8, 0x1, 0xff, 0xc5, 0xf1, 0x9, 0x9a, 0x9e,
    0x66, 0x30, 0xf, 0x8, 0x4c, 0xea, 0x79, 0x9a,
    0x80, 0x3f, 0xf8, 0x63, 0x20, 0x1f, 0xfc, 0x41,
    0xd6, 0x0, 0xe2, 0xe0, 0x8, 0x8d, 0x19, 0x91,
    0x92, 0x40, 0x53, 0x28, 0x64, 0x98, 0x55, 0xe,
    0xa4, 0xc7, 0x58, 0x14, 0xca, 0x85, 0x26, 0x1d,
    0x90, 0xc8, 0x40, 0x6c,

    /* U+6392 "排" */
    0x0, 0xca, 0x1, 0xe5, 0x0, 0x28, 0x7, 0xf6,
    0x0, 0x7b, 0x0, 0x18, 0x1, 0xff, 0xd4, 0x24,
    0x48, 0xc0, 0x6, 0x89, 0x18, 0x2, 0x26, 0x4d,
    0x32, 0x61, 0x18, 0x2, 0x11, 0xce, 0x0, 0x89,
    0x92, 0xcc, 0x91, 0x56, 0x30, 0x1, 0x2a, 0xc8,
    0x1, 0xc6, 0x1, 0xff, 0xde, 0x49, 0x99, 0x40,
    0xb, 0x33, 0x28, 0x7, 0x24, 0x4a, 0x4c, 0xc8,
    0x0, 0x59, 0x99, 0x40, 0x7, 0x12, 0x53, 0x20,
    0x8, 0x7c, 0x3, 0xf9, 0x66, 0x4c, 0x20, 0x18,
    0x84, 0x3, 0xf9, 0x84, 0x3, 0xa, 0xc7, 0x90,
    0x1, 0x66, 0x70, 0x80, 0x78, 0xd9, 0xe1, 0x50,
    0x0, 0xb3, 0x38, 0x40, 0x3c, 0x6e, 0x42, 0x1,
    0xff, 0xc7, 0x88, 0x0, 0x7f, 0xf1, 0x63, 0x44,
    0x3, 0xfc, 0x51, 0xf, 0x0, 0x4d, 0xa0, 0x7,
    0xfc, 0x51, 0x6, 0x0, 0x49, 0x80, 0x74, 0x80,
    0x70,

    /* U+639B "掛" */
    0x0, 0xd2, 0x1, 0xd2, 0x1, 0xa4, 0x3, 0xff,
    0xce, 0xf3, 0x26, 0x99, 0x30, 0x7, 0xcf, 0x32,
    0x69, 0x67, 0x99, 0x34, 0xc9, 0x80, 0x3e, 0x79,
    0x92, 0xcb, 0x0, 0x7f, 0xf1, 0x4c, 0x3, 0xff,
    0x92, 0x73, 0x33, 0x4c, 0xc4, 0xc8, 0x1, 0xfc,
    0x73, 0x37, 0x4c, 0xc4, 0xc4, 0xe0, 0x1e, 0x36,
    0xa0, 0xa, 0x0, 0x39, 0x8e, 0x40, 0x25, 0x95,
    0x2a, 0x0, 0xff, 0x25, 0xa0, 0x48, 0x4b, 0x20,
    0x7, 0xff, 0x0, 0x90, 0x25, 0x40, 0x34, 0xcc,
    0xd3, 0x28, 0x0, 0xff, 0xe0, 0xcc, 0xcd, 0x32,
    0x80, 0xf, 0xfe, 0xc1, 0x99, 0x5d, 0x0, 0x3f,
    0xe5, 0x87, 0x70, 0x3a, 0x3a, 0x0, 0x78, 0xa2,
    0x1e, 0xb, 0xe, 0xea, 0x41, 0x0, 0xfc, 0x51,
    0x6, 0x0, 0xff, 0x48, 0x6,

    /* U+653E "放" */
    0x0, 0xc6, 0x1, 0xf2, 0x8, 0x7, 0xf8, 0x5c,
    0x3, 0xda, 0x20, 0x1f, 0xe2, 0xe0, 0xf, 0x18,
    0x7, 0xe3, 0x3d, 0xa6, 0x71, 0x1, 0x68, 0x7,
    0xe5, 0x54, 0xf9, 0x2a, 0xc8, 0xb, 0x73, 0x3b,
    0xa4, 0x0, 0xcc, 0xe9, 0x66, 0xe0, 0x8c, 0x99,
    0xae, 0x64, 0x1, 0xff, 0x1a, 0x20, 0x2, 0x44,
    0x0, 0x7f, 0xf0, 0x2a, 0x4c, 0x2, 0xf3, 0x0,
    0xf5, 0xcc, 0xda, 0x62, 0x5c, 0x1, 0xff, 0x54,
    0xcc, 0x8b, 0x0, 0x22, 0x3, 0xf0, 0xf, 0xb,
    0x80, 0x66, 0x0, 0x5a, 0x5, 0xb8, 0x7, 0x8c,
    0x40, 0x3e, 0x3c, 0x11, 0x80, 0x3d, 0xc4, 0x1,
    0xfb, 0xea, 0xc0, 0x3e, 0x10, 0x8, 0x44, 0x1,
    0x95, 0x8, 0x3, 0xc2, 0x20, 0x8, 0xc0, 0x3a,
    0x69, 0x40, 0x3d, 0x34, 0x1, 0xf, 0x0, 0x6,
    0xad, 0x70, 0xc0, 0x31, 0x1, 0x0, 0x4c, 0x40,
    0x77, 0x61, 0x9, 0x91, 0x80, 0x6, 0x20, 0x7,
    0x32, 0xe5, 0x94, 0xa1, 0x0, 0xaa, 0x8e, 0x3,
    0x60, 0x3, 0x99, 0x58, 0x5b, 0x80, 0x7a, 0x50,
    0x0,

    /* U+65B0 "新" */
    0x0, 0x85, 0x0, 0x3f, 0xf8, 0xa3, 0xa2, 0x1,
    0xf1, 0x2b, 0xc2, 0x2, 0xcc, 0xc5, 0xd3, 0x30,
    0x1c, 0x2b, 0x23, 0xc2, 0x2, 0xce, 0x4d, 0xfc,
    0xe4, 0x83, 0xe2, 0xa0, 0x80, 0x7b, 0x0, 0x24,
    0x0, 0xff, 0xe1, 0x79, 0x0, 0x35, 0x40, 0x3f,
    0xf8, 0x2a, 0xe0, 0x1f, 0xfc, 0x38, 0x9a, 0xcd,
    0xb5, 0x99, 0x18, 0x54, 0xcd, 0xd3, 0x21, 0x89,
    0x99, 0x2f, 0x26, 0x46, 0x15, 0x33, 0x3c, 0xc8,
    0x40, 0x3f, 0xf8, 0xf1, 0x33, 0x34, 0xce, 0x21,
    0x70, 0xf, 0xa2, 0x66, 0x69, 0x9c, 0x46, 0x20,
    0x1f, 0xca, 0x1, 0x18, 0x80, 0x38, 0x80, 0x3f,
    0x11, 0x0, 0x22, 0x90, 0x0, 0x80, 0x7f, 0x5b,
    0x0, 0x43, 0xe4, 0x2, 0x1, 0xf9, 0x78, 0x40,
    0x33, 0x2a, 0x68, 0x7, 0xe7, 0x70, 0x7, 0xb,
    0xf2, 0x80, 0x7e, 0x20, 0xf, 0x8f, 0xc0, 0x3f,
    0xf8, 0x32, 0x1, 0x1a, 0x80, 0x74, 0x80, 0x40,

    /* U+65E5 "日" */
    0xd, 0x99, 0xff, 0x59, 0x82, 0x4c, 0xff, 0xb8,
    0x3, 0xff, 0xf8, 0xd3, 0x3f, 0xeb, 0x0, 0x34,
    0xcf, 0xfa, 0xc0, 0x3f, 0xff, 0x8d, 0x33, 0xfe,
    0xb0, 0x3, 0x4c, 0xff, 0xac, 0x0,

    /* U+6642 "時" */
    0x0, 0xff, 0xe0, 0x30, 0x7, 0x90, 0xcf, 0x0,
    0x7b, 0xc0, 0x38, 0xfd, 0x56, 0x80, 0xf, 0xfe,
    0xf, 0x33, 0x44, 0x93, 0x3c, 0xd3, 0x39, 0xc0,
    0x3c, 0x93, 0x3c, 0xd3, 0x39, 0xc0, 0x3f, 0xfb,
    0x26, 0x1, 0xc7, 0x33, 0x9e, 0x7e, 0x64, 0x0,
    0x89, 0x99, 0xc0, 0xe6, 0x77, 0x4b, 0x4c, 0x80,
    0x17, 0x33, 0x38, 0x7, 0xff, 0x19, 0xa6, 0x7e,
    0x69, 0x93, 0x0, 0x79, 0xa6, 0x7e, 0x69, 0x93,
    0x0, 0x7e, 0x61, 0x0, 0xff, 0xe2, 0x35, 0x80,
    0x7f, 0x5c, 0xcc, 0x20, 0x14, 0x48, 0x7, 0xeb,
    0x99, 0xa0, 0x2, 0x2f, 0x40, 0xf, 0x1a, 0x80,
    0x7e, 0x64, 0x0, 0xff, 0xe2, 0xa4, 0x40, 0xc0,
    0x20,

    /* U+6674 "晴" */
    0x0, 0xff, 0xe0, 0x28, 0x7, 0xc4, 0x58, 0x40,
    0x3d, 0x80, 0x1e, 0x3e, 0x55, 0xa0, 0x26, 0x79,
    0xa6, 0x78, 0x1, 0x2e, 0xf0, 0x2, 0x67, 0x9a,
    0x67, 0x80, 0x3f, 0x2c, 0xce, 0x69, 0x9c, 0x80,
    0x1f, 0x96, 0x67, 0x34, 0xce, 0x40, 0xf, 0xfe,
    0x4e, 0x22, 0x44, 0x13, 0x3c, 0x73, 0x3c, 0x0,
    0x21, 0x18, 0x1, 0x33, 0xd5, 0x33, 0xc0, 0xe,
    0x55, 0x88, 0x1, 0x93, 0x3f, 0x50, 0x7, 0xf9,
    0x66, 0x7e, 0x30, 0xf, 0xfe, 0x8a, 0x4c, 0xfc,
    0xa0, 0x11, 0x16, 0x0, 0x92, 0x67, 0xe5, 0x0,
    0xb1, 0xde, 0xa0, 0x2, 0x4c, 0xfc, 0x40, 0x17,
    0x2a, 0xc6, 0x2, 0xb3, 0x3f, 0x10, 0x0, 0xd4,
    0x3, 0x97, 0x0, 0x3f, 0xf8, 0xbc, 0x80, 0x19,
    0x62, 0x1e, 0x1, 0xfd, 0x60, 0x1c, 0xb1, 0x6,
    0x0, 0x0,

    /* U+6696 "暖" */
    0x0, 0xff, 0xe1, 0x89, 0x0, 0x7e, 0x15, 0x53,
    0x44, 0xce, 0x66, 0x0, 0x13, 0xa6, 0x56, 0x60,
    0x6, 0x48, 0xc9, 0x99, 0xc8, 0x2, 0xb9, 0x96,
    0x80, 0xb3, 0x8, 0x34, 0x2, 0x72, 0x0, 0xfe,
    0x3c, 0x0, 0x6a, 0x1, 0x72, 0x0, 0x7f, 0x27,
    0x22, 0x0, 0x53, 0x71, 0xc, 0x3, 0xe1, 0x11,
    0x79, 0x0, 0x6, 0x40, 0x40, 0x2f, 0x66, 0x50,
    0xa, 0xa8, 0xd9, 0x56, 0x65, 0x51, 0x80, 0x35,
    0x12, 0x79, 0x99, 0xe6, 0x7f, 0x8, 0x11, 0x5c,
    0xf3, 0x33, 0x4c, 0xfe, 0x10, 0xf, 0xc3, 0xc0,
    0x1f, 0xfc, 0x57, 0x89, 0x9e, 0xe4, 0x0, 0xff,
    0x72, 0x44, 0xce, 0x44, 0x0, 0x7f, 0x8, 0x4d,
    0x80, 0x4b, 0xe0, 0x1a, 0xe6, 0x5e, 0x21, 0x34,
    0x5f, 0x0, 0x78, 0xa0, 0x1a, 0xe6, 0x62, 0x20,
    0x90, 0x2f, 0x72, 0xa4, 0x3, 0x22, 0x0, 0x34,
    0x40, 0x0, 0x5e, 0x84, 0x80, 0x1c, 0x20, 0x1,
    0xa8, 0x6, 0x95, 0x8a, 0xb3, 0xb6, 0x10, 0xe,
    0x4b, 0x23, 0x59, 0x71, 0x0, 0x3d, 0x94, 0x8,

    /* U+66F4 "更" */
    0x13, 0x3f, 0xfe, 0x21, 0x1, 0xb3, 0x7e, 0xc6,
    0x6f, 0xc0, 0x4a, 0xbf, 0x99, 0x57, 0xe4, 0x0,
    0x9a, 0x67, 0xcd, 0x33, 0xe5, 0x0, 0xdf, 0x33,
    0xe6, 0x99, 0xf6, 0x0, 0x7f, 0xf2, 0xce, 0x23,
    0xcd, 0x11, 0xe0, 0xe, 0x39, 0x9f, 0x2c, 0xcf,
    0x80, 0x3c, 0x23, 0xe3, 0x11, 0xf0, 0x7, 0xff,
    0x0, 0x40, 0x3f, 0xee, 0x99, 0xeb, 0x79, 0x9f,
    0x60, 0x6, 0x7f, 0xb9, 0x9b, 0xae, 0x67, 0xca,
    0x1, 0xcd, 0x62, 0x0, 0xf4, 0x0, 0xff, 0xe0,
    0xc4, 0x9, 0x70, 0x3, 0xff, 0x84, 0x33, 0x94,
    0xe0, 0x1f, 0xfc, 0x23, 0x9b, 0xe6, 0x97, 0x41,
    0x0, 0xf9, 0x22, 0x5a, 0x54, 0x5e, 0x58, 0x66,
    0x7a, 0x5, 0x6, 0x64, 0xa0, 0x1c, 0x2b, 0x13,
    0x3a, 0x4,

    /* U+6708 "月" */
    0x0, 0xd1, 0x33, 0xfe, 0xa0, 0xc, 0x33, 0x3f,
    0xe3, 0x0, 0xff, 0xf4, 0x2c, 0xcf, 0xf9, 0xc0,
    0x32, 0xcc, 0xff, 0x9c, 0x3, 0xff, 0xd0, 0xd3,
    0x3f, 0xe7, 0x0, 0x8e, 0x67, 0xfe, 0x70, 0xa,
    0xdc, 0x3, 0xff, 0x84, 0x22, 0x0, 0xff, 0xe0,
    0xc5, 0x0, 0x7f, 0xf0, 0x4c, 0xc, 0x3, 0xff,
    0x80, 0x55, 0x0, 0x1f, 0xc, 0xce, 0x12, 0x90,
    0xf, 0xc3, 0x33, 0xa0,

    /* U+6709 "有" */
    0x0, 0xf9, 0x40, 0x3f, 0xf8, 0x83, 0xa0, 0x1f,
    0xfc, 0x47, 0xb0, 0xf, 0xf1, 0xcc, 0xfa, 0xa6,
    0x7f, 0x9c, 0xe6, 0x76, 0x5c, 0xcf, 0xf9, 0xc0,
    0x3b, 0xd0, 0x3, 0xff, 0x86, 0xf2, 0x1, 0xff,
    0xc3, 0x38, 0x99, 0xfe, 0xf3, 0x0, 0xc3, 0x2d,
    0x53, 0x3f, 0xc0, 0x1d, 0x16, 0x20, 0x1f, 0xfc,
    0x11, 0x98, 0x12, 0x99, 0xfe, 0x80, 0x9, 0xe4,
    0x40, 0xa6, 0x7f, 0xa0, 0x2, 0x60, 0x8, 0x40,
    0x3f, 0xf8, 0xab, 0x11, 0xfd, 0x60, 0x1f, 0x2c,
    0xcf, 0xf5, 0x0, 0x7c, 0x23, 0xff, 0x0, 0x79,
    0xa8, 0x3, 0xff, 0x86, 0x22, 0x20, 0xf, 0x4c,
    0xa3, 0x8, 0x3, 0xb, 0x80, 0x7d, 0x32, 0x8a,
    0x10, 0x0,

    /* U+6821 "校" */
    0x0, 0xca, 0x1, 0xe1, 0x20, 0xf, 0xf6, 0x0,
    0x78, 0x6c, 0x40, 0x3f, 0xf8, 0xb1, 0x20, 0x1f,
    0xfc, 0x16, 0x6c, 0xfe, 0xcd, 0x94, 0x3, 0xf2,
    0x27, 0x2a, 0x27, 0x2, 0x4c, 0x9a, 0x64, 0x84,
    0x46, 0x12, 0x20, 0x39, 0x10, 0x41, 0x26, 0x41,
    0x32, 0x40, 0x7, 0x18, 0x0, 0x8d, 0x40, 0x39,
    0x45, 0xc0, 0x28, 0x80, 0x6, 0x62, 0x30, 0xd,
    0x8e, 0x4, 0xd, 0xc6, 0x1, 0x8d, 0xa8, 0x40,
    0x21, 0x7, 0xb1, 0x36, 0x80, 0xd, 0x23, 0xa,
    0x0, 0x6b, 0x0, 0x60, 0xa8, 0x71, 0x0, 0x4,
    0x80, 0x50, 0x1, 0xe6, 0x0, 0x50, 0x9, 0xec,
    0x1, 0x32, 0x0, 0xcd, 0xa0, 0x1f, 0xb1, 0x4b,
    0xc4, 0x3, 0x62, 0x0, 0x7e, 0x5c, 0xe7, 0x0,
    0xea, 0x0, 0xff, 0xe0, 0x10, 0x7, 0xff, 0xe,
    0x6b, 0x20, 0xc0, 0x3f, 0xf8, 0x5, 0x36, 0x61,
    0x56, 0xe0, 0x1f, 0xe7, 0x59, 0x20, 0xa, 0xe,
    0x98, 0x3, 0x48, 0x0, 0x59, 0xc0, 0x3c, 0x94,
    0xe0,

    /* U+690D "植" */
    0x0, 0xcc, 0x1, 0xf3, 0x80, 0x7f, 0xbc, 0x3,
    0xee, 0x0, 0xff, 0xe2, 0x97, 0x0, 0x7f, 0xf0,
    0x56, 0x66, 0xda, 0x99, 0xe1, 0x6, 0x88, 0x34,
    0x41, 0x66, 0x67, 0xd9, 0x9e, 0x10, 0x68, 0xb0,
    0x88, 0x2, 0x4c, 0x9e, 0x67, 0x40, 0x7, 0x20,
    0x8, 0x0, 0xee, 0x7e, 0x67, 0x8, 0x7, 0x7a,
    0x48, 0x7, 0xff, 0xc, 0x7c, 0xbc, 0x80, 0x13,
    0x3f, 0x38, 0x6, 0x75, 0x7, 0x50, 0x4, 0xcf,
    0xce, 0x1, 0xbc, 0x80, 0xe, 0x1, 0xff, 0xc1,
    0x4c, 0x0, 0xee, 0x99, 0xf9, 0x80, 0x2e, 0x50,
    0xe, 0xe9, 0x9f, 0x98, 0x0, 0x3e, 0x1, 0xff,
    0xc5, 0x15, 0x0, 0xf7, 0xcc, 0xfc, 0xe0, 0x1f,
    0xef, 0x99, 0xf9, 0xc0, 0x3f, 0xf9, 0xe7, 0x39,
    0x13, 0x3e, 0x59, 0x90,

    /* U+6A5F "機" */
    0x0, 0x94, 0x3, 0xe4, 0x0, 0xff, 0x60, 0x6,
    0x35, 0xd, 0x0, 0xa4, 0x3, 0xfe, 0xb5, 0x1,
    0x0, 0x1e, 0x0, 0x80, 0x7e, 0x4c, 0x5, 0xf1,
    0xa, 0x55, 0x38, 0x2, 0x64, 0xd2, 0xe3, 0x8b,
    0xc, 0x27, 0x65, 0x36, 0xc0, 0x9, 0x90, 0x4b,
    0xd1, 0x41, 0x9c, 0x3d, 0x43, 0xa2, 0x1, 0xf5,
    0xd0, 0x42, 0x33, 0x15, 0x5e, 0x52, 0x1, 0x20,
    0x30, 0x2, 0x2c, 0xf8, 0x48, 0xe4, 0x99, 0xc4,
    0x1, 0x8d, 0xe3, 0x2d, 0x72, 0xc1, 0xd6, 0x82,
    0xd8, 0xa0, 0x1, 0xb, 0x99, 0x74, 0xcb, 0x4c,
    0x22, 0xf5, 0xd, 0x0, 0xfc, 0xa, 0x8d, 0x12,
    0x55, 0x22, 0x1b, 0x71, 0x4, 0x29, 0xc0, 0x4,
    0xe3, 0x42, 0x30, 0x18, 0x8b, 0xc4, 0x4, 0xc4,
    0x2, 0x45, 0x14, 0x55, 0x70, 0xaa, 0xb1, 0x44,
    0xe4, 0x3, 0x85, 0xa0, 0x80, 0xf0, 0x1f, 0x80,
    0x4, 0x60, 0x1c, 0x9b, 0x36, 0x60, 0x50, 0x48,
    0x1, 0xfd, 0xe8, 0x12, 0x60, 0x2e, 0xa0, 0x5,
    0x0, 0xf4, 0x48, 0x4, 0xb1, 0x9, 0x70, 0x6,
    0x0, 0x74, 0x61, 0x80, 0x21, 0xa0, 0x58, 0xaa,
    0xf4, 0x2, 0x90, 0x84, 0x0, 0xa0, 0xc0, 0x25,
    0xab, 0x40,

    /* U+6C23 "氣" */
    0x0, 0xca, 0x20, 0x1f, 0xfc, 0x5c, 0x10, 0xf,
    0xfe, 0x25, 0x2c, 0xcf, 0xff, 0x0, 0x80, 0x23,
    0xdc, 0x99, 0xff, 0xe0, 0x10, 0x0, 0x65, 0xc4,
    0x7f, 0xe0, 0xc, 0x37, 0x62, 0x99, 0xff, 0x9c,
    0x2, 0x7b, 0x12, 0x88, 0xff, 0x9c, 0x2, 0x61,
    0x99, 0xff, 0xe0, 0x80, 0x7a, 0xe6, 0x6e, 0x99,
    0xa2, 0x13, 0x20, 0xf, 0x85, 0x80, 0x1c, 0x1,
    0x40, 0x7, 0xf8, 0xc4, 0x80, 0x33, 0xd0, 0x80,
    0x7f, 0x9c, 0x40, 0x22, 0x33, 0x0, 0x7e, 0x39,
    0x9a, 0xa5, 0xa6, 0xf6, 0x65, 0x0, 0x1e, 0x39,
    0x9a, 0x20, 0xd3, 0x51, 0x32, 0x80, 0xf, 0xf4,
    0x0, 0x47, 0x6, 0x1, 0xe1, 0x0, 0xd1, 0x62,
    0x1, 0x4d, 0xa0, 0x3, 0x88, 0x24, 0x0, 0x53,
    0x44, 0x1, 0xd1, 0xa6, 0xb, 0x40, 0x20, 0xa,
    0x92, 0x0, 0x8, 0x6, 0x91, 0x2, 0xf9, 0x10,

    /* U+6C34 "水" */
    0x0, 0xfc, 0x40, 0x1f, 0xfc, 0x6a, 0x10, 0xf,
    0xff, 0x91, 0x0, 0x7f, 0xc2, 0xc0, 0x19, 0x28,
    0x2, 0x29, 0x9e, 0xe0, 0x1e, 0x0, 0x8b, 0x60,
    0x2, 0x29, 0x9e, 0x60, 0x5, 0x38, 0xd, 0xc8,
    0x7, 0xf2, 0x60, 0x0, 0x81, 0x22, 0x40, 0x3f,
    0xda, 0x80, 0x13, 0xdc, 0x80, 0x7f, 0x8f, 0xc0,
    0x3b, 0x60, 0x3, 0xfd, 0x2c, 0x1, 0xc5, 0xca,
    0x1, 0xfa, 0x24, 0x3, 0xe6, 0x24, 0x0, 0xf3,
    0x71, 0x80, 0x7e, 0x7c, 0x50, 0xc, 0xe0, 0xc0,
    0x1f, 0xe8, 0x38, 0x0, 0x39, 0xb0, 0x7, 0xff,
    0x1, 0xae, 0xc2, 0xe8, 0x1, 0xff, 0xc2, 0x3b,
    0x10, 0xf, 0x4c, 0x88, 0x40, 0x3f, 0xf8, 0x73,
    0x2a, 0x0, 0xff, 0x0,

    /* U+6CD5 "法" */
    0x0, 0x18, 0x7, 0xf2, 0x80, 0x7e, 0x79, 0x40,
    0xf, 0xb0, 0x3, 0xf2, 0x49, 0x50, 0x7, 0xff,
    0x15, 0xac, 0x3, 0xff, 0x8c, 0x20, 0x53, 0x39,
    0xa6, 0x73, 0x0, 0x7e, 0x29, 0x9c, 0xd3, 0x39,
    0x80, 0x10, 0xa0, 0x1f, 0xfc, 0x58, 0x1a, 0x20,
    0xf, 0xfe, 0x22, 0x52, 0x0, 0x7f, 0xf1, 0x98,
    0xa, 0x67, 0x9a, 0x67, 0x94, 0x3, 0xc5, 0x33,
    0xb6, 0x67, 0xca, 0x1, 0xcc, 0x1, 0xda, 0xc0,
    0x1f, 0xe4, 0x30, 0xc, 0xda, 0x0, 0x40, 0xf,
    0xdc, 0xa0, 0x10, 0xf2, 0x0, 0x19, 0xc0, 0x3c,
    0xdc, 0x1, 0xa2, 0x40, 0x22, 0x22, 0x0, 0x61,
    0xc4, 0x0, 0x9b, 0x44, 0x2, 0x17, 0x90, 0xd,
    0x10, 0x0, 0x96, 0x8e, 0x26, 0x20, 0xcf, 0x10,
    0x0, 0x10, 0x90, 0x4, 0x70, 0xb1, 0x31, 0x7,
    0x55, 0x78, 0x81, 0x40, 0x6, 0x64, 0x20, 0xf,
    0x9c, 0x0,

    /* U+6E05 "清" */
    0x0, 0x8, 0x7, 0xf2, 0x80, 0x7f, 0x33, 0x80,
    0x7e, 0xc0, 0xf, 0xe7, 0x4a, 0x15, 0x99, 0xe6,
    0x99, 0xe6, 0x0, 0xc7, 0x44, 0xb3, 0x3c, 0xd3,
    0x3c, 0xc0, 0x1e, 0x31, 0x99, 0xe6, 0x99, 0xe0,
    0xf, 0xc3, 0x33, 0xcd, 0x33, 0xc0, 0x14, 0x18,
    0x7, 0xff, 0x1a, 0x16, 0x44, 0xa6, 0x7c, 0x93,
    0x3e, 0x0, 0x9a, 0xc, 0xa6, 0x7d, 0xb3, 0x3e,
    0x0, 0xc2, 0x40, 0x2, 0xd9, 0x9f, 0xad, 0x0,
    0x3f, 0xd5, 0x33, 0xf4, 0x8, 0x7, 0x90, 0x40,
    0x3f, 0xf8, 0xdc, 0x20, 0x8, 0x99, 0xfb, 0x8c,
    0x3, 0x93, 0xc0, 0x3, 0x33, 0xfb, 0x8c, 0x3,
    0xb9, 0x40, 0xf, 0x73, 0x3f, 0x71, 0x80, 0x65,
    0xe0, 0x8, 0xbe, 0x67, 0xee, 0x30, 0xd, 0xe8,
    0x1, 0x79, 0x0, 0x7f, 0xf0, 0x12, 0x0, 0x21,
    0x10, 0x7, 0x96, 0x29, 0x80, 0x24, 0x20, 0x8,
    0x60, 0x3, 0xcb, 0x12, 0x60, 0x0,

    /* U+6EAB "溫" */
    0x2, 0x0, 0xff, 0xe3, 0x35, 0x10, 0x0, 0xa6,
    0x7f, 0x80, 0x32, 0x55, 0x18, 0x1b, 0x26, 0x6a,
    0x99, 0x80, 0x3e, 0x85, 0x0, 0xf4, 0x80, 0x7f,
    0xc6, 0x1, 0xc6, 0x80, 0x1f, 0xfc, 0x59, 0xa9,
    0x0, 0xf3, 0x38, 0x7, 0x86, 0xa1, 0x2e, 0x80,
    0x39, 0x96, 0x8c, 0x3, 0x25, 0x90, 0x15, 0xa0,
    0x7, 0x15, 0x30, 0x1, 0xfb, 0x22, 0x66, 0x8d,
    0x50, 0xf, 0x28, 0x0, 0xee, 0x67, 0xec, 0x0,
    0xff, 0xe6, 0x89, 0x86, 0xcc, 0xb6, 0x66, 0xd9,
    0x98, 0x3, 0xa4, 0x41, 0x26, 0x49, 0x33, 0x24,
    0xc8, 0x40, 0x38, 0x48, 0x3, 0xff, 0x88, 0xf4,
    0x1, 0xff, 0xc4, 0x1e, 0x30, 0xf, 0xfe, 0x24,
    0xd8, 0x7, 0xff, 0x10, 0x40, 0x82, 0x25, 0xe6,
    0x4f, 0x33, 0x3c, 0xc9, 0x64, 0x6, 0x0, 0x11,
    0x3d, 0x32, 0xe9, 0x9b, 0xa6, 0x5b, 0x20,

    /* U+6F86 "澆" */
    0x1, 0x10, 0x7, 0xf2, 0x80, 0x7e, 0x97, 0x0,
    0xfd, 0x80, 0x1f, 0xc, 0x1d, 0x0, 0x1a, 0x67,
    0x34, 0xce, 0x70, 0xc, 0x96, 0x0, 0x69, 0x9c,
    0xd3, 0x39, 0xc0, 0x38, 0x40, 0x3f, 0xf9, 0x13,
    0x3e, 0x29, 0x9e, 0x81, 0x81, 0x0, 0xa6, 0x5f,
    0x33, 0x5c, 0xde, 0xcc, 0xa0, 0x66, 0x18, 0x2,
    0x1c, 0x11, 0x0, 0x5, 0xcc, 0x44, 0x0, 0x19,
    0x22, 0x3, 0xca, 0xcc, 0x91, 0x13, 0x3c, 0x40,
    0x12, 0x10, 0x3c, 0x34, 0x41, 0x11, 0x11, 0xc4,
    0x1, 0xe3, 0x64, 0x77, 0x24, 0x45, 0x71, 0x7,
    0x0, 0xc6, 0x2e, 0x9a, 0xee, 0x49, 0x96, 0xe4,
    0xc9, 0xc0, 0x26, 0x4, 0xdb, 0x9a, 0xc9, 0x8c,
    0xb8, 0x8a, 0x40, 0x2f, 0x35, 0x99, 0xbe, 0x26,
    0x4b, 0x53, 0x38, 0x0, 0x98, 0x1, 0xd8, 0x80,
    0x1f, 0xee, 0x50, 0xc, 0x42, 0x1, 0xf9, 0x81,
    0x30, 0x3, 0x1d, 0xc0, 0x7, 0xef, 0xc, 0x60,
    0x3, 0x4a, 0xc8, 0x6, 0xd9, 0x9d, 0xc1, 0x0,
    0x13, 0xcb, 0x0, 0x72, 0xcc, 0xe7,

    /* U+6FD5 "濕" */
    0x2, 0x0, 0xff, 0xe3, 0xc, 0xa8, 0x3, 0x26,
    0x7f, 0xa0, 0x2, 0x39, 0x7, 0x5, 0x99, 0xfe,
    0x10, 0xe, 0x57, 0x4, 0x99, 0xfe, 0x0, 0xfe,
    0x49, 0x9f, 0xe0, 0xf, 0xfe, 0x53, 0x38, 0x6,
    0x29, 0x9f, 0xee, 0x0, 0x32, 0x51, 0x0, 0x2f,
    0xee, 0x67, 0x5e, 0x4b, 0x80, 0x47, 0x42, 0x0,
    0x2f, 0x21, 0x10, 0x2, 0x14, 0x8, 0x3, 0x8c,
    0x6, 0x2c, 0xa8, 0x1, 0x12, 0xe, 0x80, 0x1f,
    0x58, 0x56, 0xc0, 0xaa, 0xab, 0x30, 0xc0, 0x1c,
    0x66, 0xaa, 0x5, 0xa8, 0x2e, 0xd2, 0xdb, 0x0,
    0x75, 0x18, 0x3f, 0x30, 0x48, 0x1d, 0x41, 0x69,
    0x80, 0x45, 0xc1, 0x15, 0xc8, 0x64, 0x98, 0x12,
    0x9d, 0x20, 0x15, 0xb8, 0x47, 0xc3, 0x25, 0xa6,
    0xcc, 0x2a, 0x58, 0x0, 0xb8, 0x2, 0xb0, 0x4,
    0x0, 0x10, 0x80, 0xe0, 0x40, 0x16, 0xe0, 0x5,
    0xd0, 0x7, 0x98, 0x35, 0x0, 0x29, 0x80, 0x7c,
    0x0, 0x5a, 0x80, 0x5, 0x50, 0x3, 0xc4, 0xf,
    0x80, 0x58, 0x2, 0x80, 0x8, 0xdc, 0x0, 0xe2,
    0x0, 0x91,

    /* U+70C8 "烈" */
    0x0, 0xff, 0xe2, 0x90, 0x0, 0xe6, 0x6c, 0x99,
    0xd0, 0x1, 0xeb, 0x0, 0x1c, 0xcc, 0xd3, 0x3a,
    0x5, 0xc0, 0x3f, 0xcd, 0xc0, 0x1f, 0xfc, 0x41,
    0x9c, 0x88, 0xa4, 0x3, 0xff, 0x81, 0x7d, 0x11,
    0x48, 0x7, 0xff, 0x2, 0x84, 0x3, 0x26, 0x80,
    0x7f, 0xaa, 0x6a, 0x10, 0x1, 0x88, 0x1, 0xfe,
    0xa3, 0x19, 0x27, 0x5d, 0x0, 0xff, 0xe1, 0xb0,
    0xf2, 0x0, 0x7f, 0xf0, 0xc7, 0x2c, 0x3, 0xff,
    0x86, 0x57, 0x60, 0xc, 0x2e, 0x1, 0xfc, 0xf5,
    0x41, 0x0, 0xff, 0x8, 0x1, 0xa9, 0x20, 0x3,
    0xf0, 0xcc, 0xa2, 0x80, 0xd, 0x42, 0x20, 0x0,
    0x80, 0x44, 0x3, 0x37, 0x62, 0x0, 0xd4, 0x20,
    0x9, 0x0, 0x9d, 0x0, 0x5, 0x42, 0x1, 0x1f,
    0x0, 0x7c, 0xba, 0x1, 0x45, 0x80, 0x6, 0x98,
    0x2, 0xe2, 0x0, 0x84, 0x40, 0x1, 0x97, 0x2,
    0x90, 0xc, 0x84, 0x1, 0x48, 0x6, 0x33, 0x0,

    /* U+7121 "無" */
    0x0, 0xe4, 0x0, 0xff, 0xe2, 0xa0, 0x80, 0x7f,
    0xf1, 0x7, 0x54, 0x3, 0xff, 0x89, 0x67, 0x33,
    0xff, 0xc0, 0x80, 0xa, 0x62, 0xe6, 0x68, 0x99,
    0x44, 0xcd, 0x13, 0x0, 0x9, 0xb2, 0x80, 0x1,
    0xb8, 0x2, 0x0, 0x28, 0x0, 0xd2, 0x40, 0x1f,
    0xfc, 0x52, 0x88, 0x34, 0x47, 0x9a, 0x22, 0x68,
    0x80, 0x81, 0x4c, 0x96, 0x65, 0xf3, 0x32, 0xcc,
    0xcb, 0x32, 0x10, 0x0, 0x88, 0xc4, 0x4e, 0x23,
    0x18, 0x8c, 0x62, 0x20, 0xf, 0xfe, 0xe3, 0xbc,
    0xce, 0xea, 0xa3, 0xb9, 0x9d, 0xe6, 0x77, 0x20,
    0x2a, 0xda, 0xaa, 0xbe, 0x55, 0x6a, 0xad, 0xaa,
    0xb0, 0x11, 0x18, 0x8a, 0x2, 0x28, 0x48, 0xa6,
    0x22, 0x8, 0x5, 0x80, 0x15, 0x0, 0x56, 0x20,
    0x6, 0x70, 0xc, 0x98, 0x1, 0xf5, 0x48, 0x0,
    0xbc, 0x40, 0x2d, 0x40, 0x8, 0x40, 0x22, 0x10,
    0xa, 0xa4, 0x2, 0x80, 0xd, 0x0, 0x1a, 0x0,
    0x22, 0xa0,

    /* U+71C8 "燈" */
    0x0, 0x94, 0x3, 0xf1, 0x0, 0x7f, 0x60, 0x0,
    0x66, 0x6d, 0x4, 0x20, 0x43, 0x0, 0xfc, 0x33,
    0x32, 0x3, 0xaa, 0x8c, 0xc0, 0x1f, 0x91, 0x80,
    0xbc, 0x7, 0x41, 0xc1, 0x82, 0x0, 0x34, 0x21,
    0x4d, 0xb0, 0x2, 0x8, 0x92, 0x81, 0xe2, 0x1,
    0xc8, 0x3e, 0x1, 0x17, 0xdc, 0x90, 0x1a, 0x0,
    0x7, 0xc0, 0x87, 0xa6, 0x77, 0x18, 0x80, 0x13,
    0x40, 0xa, 0x85, 0x13, 0x13, 0x39, 0xae, 0xc6,
    0x0, 0x11, 0x80, 0xae, 0x80, 0x3e, 0x1a, 0xa0,
    0x84, 0x87, 0xa0, 0xc8, 0x6c, 0xcf, 0xb0, 0xe4,
    0x40, 0x6, 0x20, 0x19, 0x26, 0x7d, 0x40, 0x1c,
    0xc6, 0x1, 0xff, 0xc5, 0x39, 0x0, 0xc9, 0x33,
    0xea, 0x0, 0xee, 0xf8, 0x0, 0xb6, 0xe6, 0x75,
    0x69, 0x80, 0x71, 0xeb, 0x80, 0x56, 0x1, 0xa4,
    0x40, 0x32, 0xe8, 0x28, 0x8, 0x3, 0xc8, 0x0,
    0x78, 0x1, 0xde, 0x80, 0x7, 0x10, 0x3, 0xb8,
    0x1, 0x4c, 0x1, 0xa2, 0x40, 0x21, 0x99, 0xa3,
    0x26, 0x96, 0x66, 0x80, 0xa3, 0x0, 0x86, 0x67,
    0xd5, 0x93, 0x34, 0x0,

    /* U+7269 "物" */
    0x0, 0xc6, 0x1, 0xc6, 0x1, 0xf8, 0x40, 0x14,
    0x1, 0xd6, 0x1, 0xf9, 0x88, 0x3, 0xcb, 0x80,
    0x1f, 0xb8, 0x80, 0x3d, 0x88, 0x1, 0xf8, 0xc4,
    0x46, 0x22, 0x2, 0x79, 0xbf, 0x9c, 0xf9, 0xc0,
    0x49, 0x92, 0xcc, 0x82, 0xfe, 0x77, 0x26, 0xb2,
    0x54, 0xe2, 0x26, 0x88, 0x10, 0x88, 0x30, 0xc3,
    0xcc, 0x1, 0x6e, 0x1, 0xd1, 0x0, 0x22, 0x0,
    0xc, 0x2, 0xf1, 0x0, 0xc7, 0x20, 0xb, 0x90,
    0x3c, 0x0, 0x9c, 0x3, 0xf1, 0x8, 0x82, 0x9c,
    0x3, 0xca, 0xd0, 0xe6, 0x11, 0x20, 0x10, 0x80,
    0xf3, 0x4c, 0xb, 0x42, 0x3, 0x60, 0x83, 0x68,
    0x0, 0x85, 0xe6, 0x10, 0x2, 0x3f, 0x60, 0x6,
    0x20, 0x1, 0x88, 0x40, 0x38, 0x6a, 0x40, 0xd,
    0xc0, 0x11, 0x30, 0x7, 0x86, 0x40, 0x3, 0x88,
    0x1, 0x71, 0x0, 0x7f, 0xae, 0xc0, 0x18, 0xc0,
    0x3f, 0xd5, 0xc2, 0x1, 0x11, 0x0, 0x3f, 0xa3,
    0x90, 0x16, 0x65, 0x12, 0x1, 0xd2, 0x1, 0x42,
    0x0, 0x16, 0x65, 0x42, 0x0,

    /* U+7387 "率" */
    0x0, 0xfc, 0xa2, 0x1, 0xff, 0xc4, 0x49, 0x0,
    0xfc, 0x93, 0x3f, 0x6b, 0xcc, 0xfc, 0xe9, 0x33,
    0xe8, 0x6f, 0x99, 0xf9, 0xc1, 0x8c, 0x3, 0x45,
    0x80, 0x20, 0x2, 0x72, 0x0, 0x35, 0xb8, 0x1,
    0xe8, 0x4a, 0xa8, 0x0, 0x82, 0x20, 0x5, 0x4,
    0xad, 0x35, 0x1b, 0xc4, 0x13, 0x6a, 0x1, 0xca,
    0xa6, 0xe9, 0xb, 0x50, 0x4, 0x98, 0x7, 0xcc,
    0x81, 0x18, 0x8c, 0xa1, 0x2, 0x1, 0xcd, 0x28,
    0x89, 0xc6, 0x32, 0xa4, 0x98, 0x40, 0x1, 0xd2,
    0xc9, 0x71, 0x62, 0xb3, 0x37, 0xc6, 0x4a, 0x0,
    0xe8, 0xc0, 0x1d, 0x70, 0x80, 0x65, 0x40, 0x6,
    0xb0, 0xf, 0xf1, 0x80, 0x4, 0x2, 0x30, 0x79,
    0x9f, 0xbe, 0x67, 0xf4, 0x3c, 0xcf, 0xdf, 0x33,
    0xfa, 0x0, 0x3f, 0xfd, 0x40,

    /* U+74B0 "環" */
    0x0, 0xf8, 0x6e, 0x65, 0x73, 0x2b, 0x99, 0x58,
    0x80, 0x26, 0x5f, 0x32, 0x23, 0xc9, 0x91, 0x4c,
    0x8a, 0x65, 0x86, 0x0, 0x99, 0x34, 0xc8, 0x80,
    0x3f, 0xf9, 0x37, 0x32, 0x49, 0x92, 0x4c, 0xac,
    0x3, 0xf8, 0xb2, 0x65, 0xb3, 0x2d, 0x99, 0x61,
    0x0, 0x7e, 0x99, 0xff, 0xa0, 0x0, 0x6a, 0xea,
    0xa0, 0x99, 0xff, 0xa0, 0x2, 0x13, 0x11, 0x0,
    0x16, 0x67, 0xf1, 0x80, 0x46, 0x89, 0x80, 0x1b,
    0x33, 0xf5, 0xa8, 0x7, 0xff, 0x9b, 0x66, 0x57,
    0xfe, 0x99, 0x5a, 0x80, 0x7f, 0x96, 0x73, 0x1e,
    0xf3, 0x35, 0x90, 0x6, 0x27, 0x92, 0x4, 0xe6,
    0x70, 0xb7, 0x49, 0xa2, 0x0, 0x3d, 0x12, 0xcb,
    0xc8, 0xb9, 0x80, 0xf, 0xb6, 0x48, 0x2, 0x4a,
    0x92, 0x5, 0x95, 0x0, 0x89, 0x27, 0x98, 0x3,
    0x18, 0x7, 0xcd, 0x32, 0x45, 0x7, 0x2a, 0x50,
    0xf, 0xf4, 0xcc, 0xc2, 0x0, 0x4a, 0x10,

    /* U+7528 "用" */
    0x0, 0x88, 0xbf, 0xf8, 0x40, 0x1a, 0x55, 0x7a,
    0xb5, 0x57, 0xa5, 0x40, 0x22, 0x77, 0xe9, 0x77,
    0xf7, 0x80, 0x7f, 0xf7, 0x16, 0x67, 0xa9, 0xe6,
    0x7a, 0x80, 0x32, 0xcc, 0xf5, 0x3c, 0xcf, 0x50,
    0x7, 0xff, 0xb9, 0x66, 0x7a, 0xde, 0x67, 0xc0,
    0x19, 0x66, 0x7a, 0xde, 0x67, 0xc0, 0x10, 0xf0,
    0x7, 0xff, 0x11, 0xd0, 0x3, 0xff, 0x89, 0x86,
    0x1, 0xff, 0xc3, 0x4c, 0x0, 0xff, 0xe1, 0x8,
    0x73, 0x0, 0x7d, 0xe0, 0x8, 0x99, 0x73, 0x5,
    0x0, 0x7c, 0x2e, 0x0, 0x89, 0x95, 0x10,

    /* U+7570 "異" */
    0x0, 0x44, 0xcf, 0x74, 0xcf, 0xc0, 0x18, 0x66,
    0x79, 0xe6, 0x7c, 0x1, 0xff, 0xcb, 0x29, 0x9e,
    0x69, 0x9f, 0x28, 0x6, 0x29, 0x9e, 0x69, 0x9f,
    0x28, 0x7, 0xff, 0x28, 0xa6, 0x57, 0x32, 0x69,
    0x9a, 0xe6, 0x4a, 0x1, 0xae, 0x64, 0x53, 0x2f,
    0x99, 0x8a, 0x65, 0x80, 0x1f, 0xfc, 0x94, 0x99,
    0x9a, 0x67, 0xcd, 0x33, 0x30, 0x1, 0x26, 0x66,
    0x99, 0xf3, 0x4c, 0xcc, 0x1, 0xff, 0xd9, 0x79,
    0x9c, 0xb3, 0x3e, 0x59, 0x9c, 0xee, 0x99, 0xdb,
    0xf3, 0x3b, 0x3a, 0x67, 0x38, 0x4, 0x51, 0x7,
    0x0, 0xc8, 0x89, 0x71, 0x0, 0xb, 0x4a, 0xcc,
    0x84, 0x3, 0xb, 0x4a, 0x44, 0x91, 0xac, 0xb8,
    0x80, 0x7f, 0x1c, 0xc0, 0x0,

    /* U+78BA "確" */
    0x0, 0xff, 0xe0, 0xb8, 0x7, 0xca, 0xa6, 0x75,
    0x51, 0x80, 0x64, 0x10, 0xf, 0x99, 0x9d, 0xc6,
    0x61, 0x44, 0xcd, 0x7f, 0x33, 0x80, 0x23, 0x37,
    0xd9, 0x98, 0x45, 0x32, 0xb8, 0x99, 0xc0, 0x1e,
    0xe2, 0x0, 0xf4, 0x3c, 0x80, 0x7f, 0xf0, 0xb0,
    0x17, 0xc2, 0x98, 0x1, 0x80, 0x18, 0xb8, 0x3,
    0x29, 0xd8, 0x2b, 0x4a, 0xa8, 0x40, 0x34, 0xc4,
    0xcc, 0x3, 0x9a, 0xee, 0x63, 0x77, 0x30, 0x6,
    0x5a, 0x99, 0x1, 0x5a, 0x99, 0x10, 0xd4, 0x8a,
    0x0, 0x88, 0x80, 0x19, 0xa8, 0xc0, 0x3f, 0xeb,
    0x90, 0xc, 0x80, 0xb3, 0x39, 0xa6, 0x61, 0x2,
    0x11, 0x0, 0x79, 0x66, 0x73, 0x4c, 0xc2, 0x5,
    0x0, 0x1f, 0xfc, 0xf5, 0x88, 0xcd, 0x11, 0x0,
    0x7f, 0xcb, 0x33, 0x96, 0x66, 0x0, 0xc3, 0x73,
    0x21, 0x0, 0x84, 0x71, 0x88, 0xc0, 0x18, 0x6e,
    0x65, 0x0, 0x1f, 0xfc, 0x36, 0x70, 0xe, 0x29,
    0x9c, 0x93, 0x38, 0x0,

    /* U+7A7A "空" */
    0x0, 0xf9, 0x40, 0x3f, 0xf8, 0xaa, 0x1, 0xf8,
    0x47, 0xe4, 0xe1, 0x1f, 0x83, 0x66, 0x7b, 0xe4,
    0x67, 0x26, 0x7a, 0x16, 0x23, 0x4b, 0x45, 0x42,
    0x44, 0x69, 0x0, 0xf2, 0xe8, 0x7, 0xff, 0xf,
    0x54, 0x3, 0xf0, 0xdc, 0x80, 0x4d, 0x80, 0x1f,
    0xe3, 0x0, 0x1c, 0x1a, 0x80, 0x61, 0x88, 0xe6,
    0x18, 0x68, 0x50, 0xe, 0x88, 0xf3, 0xc, 0x28,
    0x7, 0xff, 0xd, 0x66, 0x7d, 0x93, 0x3c, 0xe0,
    0x12, 0xcc, 0xf9, 0x66, 0x79, 0xc0, 0x3f, 0xff,
    0x55, 0x5f, 0x9a, 0xab, 0xe6,

    /* U+7A97 "窗" */
    0x0, 0xfc, 0xa0, 0x1f, 0xfc, 0x52, 0x20, 0x7,
    0xe8, 0x99, 0xef, 0x9d, 0xef, 0x99, 0xf4, 0xc,
    0xce, 0xb7, 0x9a, 0xc6, 0x99, 0xf0, 0xf8, 0x4,
    0x31, 0x20, 0x1f, 0xef, 0x61, 0x48, 0x9b, 0x14,
    0x20, 0x4, 0x47, 0x1b, 0xb, 0x4, 0x40, 0x4b,
    0x48, 0x26, 0x23, 0x8c, 0x5, 0xc6, 0x66, 0xd0,
    0x99, 0xf9, 0x40, 0x36, 0x4c, 0xdf, 0x33, 0xfb,
    0x0, 0x3e, 0x20, 0x9, 0x9c, 0x3, 0xff, 0x80,
    0x90, 0x30, 0x4e, 0x3, 0x60, 0x1f, 0xcd, 0xfd,
    0xc4, 0x2, 0xba, 0x0, 0xfc, 0xb2, 0x9e, 0x70,
    0xb7, 0x42, 0x1, 0xf9, 0x64, 0xc1, 0xe, 0xac,
    0x3, 0xff, 0x82, 0xf3, 0x5f, 0x68, 0x1, 0xfc,
    0x71, 0x5, 0x81, 0x9, 0xc3, 0x0, 0xfc, 0x33,
    0x4, 0x1, 0xa0, 0xc0, 0x3c, 0xb3, 0x71, 0x33,
    0xfc, 0x40, 0x0,

    /* U+7ACB "立" */
    0x0, 0xfc, 0x60, 0x1f, 0xfc, 0x5a, 0x0, 0xff,
    0xe2, 0x88, 0x7, 0xff, 0x16, 0xc8, 0x3, 0xf0,
    0xcc, 0xfd, 0x57, 0x33, 0xe7, 0x1, 0x99, 0xff,
    0xe1, 0xb8, 0x7, 0x10, 0x7, 0xe5, 0x0, 0xfd,
    0x60, 0x1f, 0x16, 0x80, 0x7e, 0x10, 0xf, 0x92,
    0xc0, 0x3f, 0x62, 0x80, 0x7b, 0xc, 0x3, 0xf2,
    0x68, 0x7, 0x8c, 0x3, 0xfc, 0x20, 0x1c, 0xba,
    0x1, 0xfe, 0x11, 0x0, 0x6c, 0x40, 0xf, 0xf6,
    0xa8, 0x7, 0xff, 0x11, 0xcc, 0x2, 0x4d, 0x0,
    0xff, 0x88, 0x40, 0x2d, 0x40, 0xf, 0xfe, 0x3,
    0x0, 0x4, 0x40, 0x1f, 0x44, 0xcf, 0xeb, 0x29,
    0x9f, 0x28,

    /* U+7BB1 "箱" */
    0x0, 0x88, 0xc0, 0x3e, 0x50, 0xf, 0xea, 0x30,
    0xf, 0xbc, 0x3, 0xf1, 0x3c, 0xcf, 0x20, 0x32,
    0x4c, 0xf4, 0x0, 0x2f, 0xe7, 0x26, 0x64, 0x1c,
    0xe9, 0xd8, 0x99, 0x40, 0x3e, 0x80, 0x1e, 0x40,
    0x2b, 0xb0, 0x1, 0x60, 0x3, 0x1a, 0x0, 0xa,
    0xd4, 0x6, 0x4, 0x0, 0x31, 0x0, 0x9, 0x0,
    0x4, 0xe4, 0xa0, 0x35, 0x11, 0xa4, 0x20, 0x3,
    0xfe, 0x19, 0x9f, 0x8, 0x1, 0xa2, 0x13, 0x11,
    0x88, 0x47, 0xe0, 0x9, 0xe6, 0x46, 0x53, 0x31,
    0x80, 0x7f, 0x84, 0x63, 0x30, 0x8e, 0x79, 0x9f,
    0x30, 0x6, 0x22, 0x3c, 0x80, 0x4f, 0x33, 0xe6,
    0x0, 0xd7, 0x5d, 0x14, 0x20, 0x1f, 0xfc, 0x5,
    0xc1, 0x1, 0xb9, 0x7, 0x99, 0xf3, 0x0, 0x7,
    0xd4, 0x2, 0x18, 0x7, 0x99, 0xf3, 0x0, 0x2e,
    0xc0, 0x1f, 0xfc, 0x5b, 0x10, 0xf, 0xfe, 0x28,
    0x80, 0x7e, 0x79, 0x9f, 0x30, 0x0,

    /* U+7DDA "線" */
    0x0, 0xc6, 0x60, 0xf, 0x98, 0x3, 0xfd, 0x24,
    0x1, 0xe3, 0x0, 0xff, 0x11, 0x4, 0x2, 0x89,
    0x96, 0x7c, 0xcc, 0xe0, 0x1d, 0x70, 0x8, 0x0,
    0x19, 0x97, 0xcc, 0xee, 0x0, 0xc9, 0x80, 0x5a,
    0x1, 0xff, 0xc2, 0x1d, 0x50, 0x88, 0x0, 0x16,
    0x67, 0xe2, 0x0, 0xb8, 0xab, 0xf4, 0x40, 0xb,
    0x33, 0xf1, 0x0, 0x59, 0x76, 0x56, 0x0, 0xff,
    0xe1, 0x98, 0x5d, 0x89, 0x80, 0x6, 0x89, 0xf1,
    0x80, 0x66, 0xf1, 0x3f, 0x0, 0x70, 0x5, 0x0,
    0x14, 0x80, 0x49, 0xe2, 0xd0, 0xe0, 0x4, 0x4c,
    0x6a, 0x88, 0x11, 0x0, 0x20, 0x44, 0x91, 0x68,
    0xb3, 0x2a, 0x44, 0x38, 0x1d, 0x8, 0x3, 0x21,
    0x48, 0xd1, 0x55, 0x32, 0xc6, 0x2e, 0x54, 0x80,
    0x8, 0x9c, 0x9c, 0x5c, 0x40, 0x2e, 0x20, 0xae,
    0x70, 0xc, 0x86, 0x5c, 0x5e, 0x1, 0x4c, 0x80,
    0x5, 0x86, 0x1, 0xbd, 0x0, 0x21, 0x1, 0x9b,
    0x10, 0x9, 0xe8, 0x80, 0x23, 0x0, 0x8, 0x42,
    0x4c, 0x10, 0x7, 0x4d, 0xb0, 0x2, 0x40, 0x10,
    0x0, 0x48, 0x11, 0x4c, 0x0, 0x69, 0x50,

    /* U+7F3A "缺" */
    0x0, 0x94, 0x3, 0xf9, 0x0, 0x3f, 0xe, 0x80,
    0x7f, 0x68, 0x7, 0xe7, 0xc0, 0xf, 0xfe, 0x36,
    0xf5, 0x7d, 0x52, 0x0, 0x3f, 0xf8, 0x4, 0x75,
    0x46, 0xaa, 0x40, 0x4c, 0xcd, 0x33, 0x80, 0x2b,
    0x90, 0xf, 0xa6, 0x66, 0x99, 0x80, 0x36, 0x88,
    0x7, 0xff, 0x19, 0x0, 0x3f, 0xe1, 0x0, 0xf9,
    0xe6, 0x66, 0x99, 0x84, 0x3, 0xfe, 0x79, 0x99,
    0xa6, 0x61, 0x0, 0xff, 0xe0, 0x28, 0x6, 0x32,
    0x49, 0x99, 0xe6, 0x65, 0x90, 0xb, 0x0, 0x33,
    0x31, 0x26, 0x66, 0x9b, 0x9c, 0x90, 0xf, 0xfe,
    0x9, 0x78, 0x58, 0x7, 0xff, 0x11, 0x50, 0x2d,
    0xc0, 0x3f, 0xf8, 0x7c, 0x40, 0x5e, 0x40, 0x18,
    0x99, 0xb7, 0x80, 0x4f, 0x60, 0x14, 0x58, 0x6,
    0x85, 0x56, 0x29, 0x38, 0x20, 0x90, 0x6, 0xf4,
    0x0, 0x8c, 0xfa, 0xd, 0x4d, 0x80, 0x39, 0xb8,
    0x3, 0xfc, 0x2e, 0x1, 0xf4, 0x0,

    /* U+7F85 "羅" */
    0x6, 0x99, 0xd5, 0x33, 0xaa, 0x67, 0x30, 0x3,
    0xe6, 0x71, 0xcc, 0xe3, 0x99, 0xde, 0x1, 0xff,
    0xc9, 0x99, 0xc9, 0x33, 0x92, 0x67, 0x0, 0x53,
    0x28, 0xe9, 0xd9, 0x9b, 0x36, 0xed, 0x33, 0x0,
    0x6b, 0x60, 0xe, 0xc0, 0x2b, 0x0, 0xf4, 0xc8,
    0x45, 0x40, 0x7, 0xa0, 0x7, 0x8, 0x4, 0x39,
    0xcc, 0xff, 0x60, 0x31, 0x53, 0x28, 0xc9, 0x92,
    0x82, 0x10, 0xde, 0x8, 0x5a, 0xcc, 0xcd, 0xb3,
    0x25, 0x18, 0x5d, 0xe2, 0x87, 0xf3, 0x0, 0xfe,
    0x29, 0x82, 0x0, 0x22, 0xa4, 0xcc, 0xd3, 0x30,
    0xb6, 0x9c, 0x4c, 0x86, 0x41, 0x26, 0x66, 0x99,
    0x85, 0xfa, 0xa6, 0x68, 0xf0, 0xf, 0xf0, 0xc8,
    0xa1, 0x84, 0x28, 0x24, 0xcc, 0xd3, 0x30, 0x80,
    0x89, 0x10, 0x1e, 0x60, 0x93, 0x33, 0x4c, 0xc2,
    0x2, 0x0, 0xe0, 0x6b, 0x0, 0xff, 0x25, 0x80,
    0x30, 0x1, 0x20, 0xf3, 0x32, 0xcc, 0xd0,

    /* U+8166 "腦" */
    0x0, 0xfe, 0x22, 0x0, 0x8, 0x40, 0x4, 0x20,
    0xa, 0x99, 0xb0, 0x1, 0x64, 0x0, 0x81, 0x0,
    0x40, 0x80, 0xe, 0x66, 0x50, 0x4c, 0x0, 0x37,
    0x0, 0x1e, 0x40, 0x3f, 0xb5, 0x40, 0xbd, 0x1,
    0x0, 0xc0, 0x3f, 0x8, 0x4, 0x22, 0x0, 0x8,
    0x80, 0x38, 0x9c, 0x0, 0x34, 0xc0, 0x7a, 0xc0,
    0xa2, 0x80, 0x18, 0x88, 0xa0, 0x3, 0xe2, 0x5,
    0xe2, 0x7, 0xd2, 0x0, 0xca, 0x1, 0xa2, 0x81,
    0x25, 0x0, 0x13, 0x40, 0x1c, 0xa0, 0x1a, 0x3,
    0x85, 0x80, 0x28, 0x0, 0xf1, 0x2, 0xcc, 0xb0,
    0x66, 0x78, 0x80, 0x31, 0x4b, 0x86, 0x4c, 0xb2,
    0xe6, 0x57, 0x18, 0x20, 0x13, 0xdc, 0xa8, 0x4,
    0x8e, 0x0, 0x18, 0x10, 0xe, 0x69, 0x0, 0xe4,
    0x59, 0x3b, 0xb0, 0x7, 0x84, 0x3, 0xe2, 0xbc,
    0xc0, 0x80, 0x62, 0xf0, 0xf, 0xc9, 0x7e, 0xe,
    0x1, 0x91, 0x0, 0x1f, 0x48, 0xc8, 0x31, 0x38,
    0x5, 0xe4, 0x1, 0xf4, 0xa8, 0x4, 0xae, 0x0,
    0x1f, 0x3, 0x88, 0x8, 0x14, 0xcf, 0xeb, 0x1,
    0x60, 0x38, 0x88, 0x2e, 0x67, 0xf7, 0x18,

    /* U+81EA "自" */
    0x0, 0xf2, 0x8, 0x7, 0xff, 0x3, 0x44, 0x3,
    0xfe, 0x1e, 0x0, 0xf9, 0x26, 0x76, 0x6c, 0xcf,
    0x9c, 0x6a, 0x66, 0xda, 0x99, 0xf7, 0x0, 0x7f,
    0xf7, 0xfe, 0x67, 0xfe, 0x40, 0xf9, 0x9f, 0xf9,
    0x0, 0x3f, 0xfa, 0x3f, 0x33, 0xff, 0x20, 0x7c,
    0xcf, 0xfc, 0x80, 0x1f, 0xfd, 0x1f, 0x99, 0xff,
    0x90, 0x3e, 0x67, 0xfe, 0x40,

    /* U+826F "良" */
    0x0, 0xf2, 0x88, 0x7, 0xff, 0x9, 0x18, 0x3,
    0xf0, 0xe4, 0xce, 0x88, 0x4c, 0xf2, 0x80, 0xe,
    0xe6, 0x7b, 0xe6, 0x7b, 0x0, 0x3f, 0xfa, 0xf3,
    0x3f, 0xfc, 0x2, 0x0, 0xa6, 0x7f, 0xf8, 0x4,
    0x1, 0xff, 0xd7, 0x89, 0x9b, 0xea, 0x67, 0xd8,
    0x1, 0x44, 0xcd, 0xba, 0x99, 0xf0, 0xb8, 0x7,
    0x88, 0xc, 0x2, 0x18, 0x27, 0x0, 0xf9, 0xe8,
    0x41, 0x62, 0x58, 0x3, 0xfa, 0x6a, 0xc6, 0x44,
    0x3, 0xfe, 0xb3, 0x10, 0xf, 0xc2, 0xb0, 0xe0,
    0x8, 0x19, 0x30, 0x9, 0x26, 0xa4, 0x61, 0xc0,
    0x24, 0x95, 0x96, 0x20, 0xca, 0x84, 0x0, 0xf9,
    0xa5, 0x18,

    /* U+8272 "色" */
    0x0, 0xf2, 0x80, 0x7f, 0xf1, 0x47, 0x40, 0x3f,
    0xf8, 0xbc, 0x53, 0x3a, 0xd4, 0x3, 0xfc, 0xf7,
    0x53, 0x38, 0x50, 0x3, 0xf9, 0x89, 0x0, 0x33,
    0xf0, 0x80, 0x7e, 0x6e, 0x41, 0x1c, 0xe0, 0xa2,
    0x38, 0x3, 0x4f, 0xb4, 0xcf, 0x47, 0xcc, 0xed,
    0x0, 0xa6, 0xa9, 0x11, 0xe6, 0x88, 0xe5, 0x0,
    0xa4, 0xc0, 0x3f, 0xfd, 0xd3, 0x3e, 0x59, 0x9e,
    0x60, 0xf, 0x4c, 0xfb, 0x26, 0x7a, 0x0, 0x3f,
    0xf8, 0xce, 0x1, 0xff, 0xc8, 0x80, 0xf, 0xfe,
    0x31, 0x0, 0x45, 0xe0, 0x1f, 0xfc, 0x1, 0x0,
    0xc3, 0xd3, 0x3f, 0xfc, 0xb, 0x80,

    /* U+87A2 "螢" */
    0x0, 0xe5, 0x0, 0xf9, 0x40, 0x39, 0x40, 0x2,
    0x40, 0x4, 0x31, 0x0, 0x60, 0x0, 0xcc, 0x6,
    0x60, 0x53, 0x9, 0x63, 0x90, 0xc, 0x32, 0x60,
    0xca, 0x10, 0xaa, 0xa2, 0xe, 0x16, 0x30, 0x9a,
    0x0, 0x99, 0x6e, 0x40, 0xc0, 0xc, 0x19, 0xf3,
    0x20, 0x8, 0xe4, 0xde, 0x2, 0x40, 0xb, 0x76,
    0x58, 0x82, 0x82, 0xaa, 0x58, 0x0, 0xb6, 0x10,
    0x34, 0x20, 0x32, 0x68, 0xb5, 0x33, 0xd7, 0x23,
    0xb3, 0x3d, 0xe4, 0xb, 0x33, 0xf7, 0xcc, 0xfa,
    0xc4, 0x3, 0xfb, 0xc0, 0x3f, 0xac, 0x2e, 0x67,
    0x9a, 0x67, 0x9c, 0x98, 0x8, 0xa, 0x67, 0x9a,
    0x67, 0xb8, 0x4, 0x3, 0xff, 0x92, 0xb1, 0x1c,
    0xd1, 0x1c, 0x1, 0xed, 0x99, 0xe5, 0x99, 0xaa,
    0x64, 0x1, 0xc2, 0x3e, 0x31, 0x18, 0x20, 0x40,
    0x3f, 0xf8, 0x42, 0x75, 0xa8, 0x0, 0x99, 0xfc,
    0x90, 0xec, 0xeb, 0x5e, 0x61, 0x33, 0xfb, 0x61,
    0xdc, 0xcd, 0x5b, 0x0,

    /* U+8A8D "認" */
    0x0, 0x90, 0x3, 0xff, 0x90, 0xc0, 0x11, 0xcc,
    0xee, 0x99, 0xb0, 0x3, 0x93, 0x0, 0x23, 0x99,
    0xa1, 0xa6, 0x65, 0x0, 0x84, 0x69, 0x11, 0x0,
    0x19, 0x40, 0xb8, 0x3, 0xe9, 0x9a, 0xe6, 0x4e,
    0xc, 0x2e, 0xaa, 0x0, 0xfa, 0x23, 0xce, 0x0,
    0x44, 0x49, 0x80, 0x7c, 0xb3, 0x3c, 0x60, 0x10,
    0xb8, 0x7, 0xe5, 0x99, 0xe3, 0x0, 0xa2, 0x40,
    0x3f, 0xf8, 0xb3, 0x21, 0x0, 0x93, 0xc0, 0x25,
    0x99, 0xe3, 0x4a, 0xb3, 0x2, 0x88, 0x1b, 0x0,
    0x4b, 0x33, 0xc6, 0x94, 0x40, 0xc5, 0x10, 0x70,
    0xc, 0xf5, 0x33, 0x88, 0x0, 0xe0, 0x90, 0x1,
    0x38, 0x5, 0xf5, 0x33, 0x60, 0x92, 0xf0, 0x16,
    0x30, 0x3, 0xc4, 0x3, 0xf9, 0x10, 0x1, 0x23,
    0x0, 0x26, 0x40, 0x1f, 0xde, 0x20, 0x1e, 0x51,
    0x20, 0xf, 0xc9, 0xe0, 0x1f, 0x68, 0x58, 0x0,
    0xea, 0x66, 0xe4, 0x60, 0xf, 0xf, 0x0, 0x80,
    0xe, 0xa6, 0x6b, 0x30, 0x6, 0x4c, 0xea, 0x40,
    0x8,

    /* U+8ACB "請" */
    0x0, 0x9, 0x80, 0x7e, 0x50, 0xf, 0xc3, 0x40,
    0x1f, 0xb0, 0x3, 0xf8, 0x44, 0x0, 0x69, 0x9c,
    0xd3, 0x3a, 0x0, 0xce, 0xc2, 0x32, 0x69, 0x9c,
    0xd3, 0x3a, 0x1, 0x95, 0x44, 0xaa, 0x62, 0x99,
    0xcd, 0x33, 0x94, 0x15, 0x9b, 0x90, 0xa6, 0x73,
    0x4c, 0xe5, 0x5, 0xaa, 0xe1, 0x0, 0xff, 0xe0,
    0x2d, 0x57, 0xc, 0x4c, 0xe5, 0x99, 0xe0, 0x0,
    0x8f, 0x4, 0x4c, 0xec, 0x99, 0xe0, 0x36, 0x6e,
    0x10, 0xb9, 0x9f, 0xb0, 0x0, 0x6e, 0xfc, 0x20,
    0x53, 0x3f, 0x28, 0x0, 0xee, 0x67, 0x0, 0x16,
    0x23, 0xe7, 0x0, 0x37, 0xcc, 0xc2, 0x0, 0x69,
    0x9f, 0x90, 0x3, 0xfc, 0x62, 0x3f, 0x18, 0x7,
    0xf9, 0x66, 0x7e, 0x70, 0xf, 0xf2, 0xcc, 0xfc,
    0xe0, 0x14, 0xce, 0x40, 0x1e, 0x0, 0xff, 0xa6,
    0x76, 0x4, 0xa8, 0x6, 0x19, 0x8e, 0x0, 0x2a,
    0x0, 0x74, 0x90, 0x6, 0x19, 0x87, 0x0, 0x0,

    /* U+8B80 "讀" */
    0x0, 0x94, 0x3, 0xf9, 0xc0, 0x3f, 0x88, 0xc0,
    0x27, 0x88, 0xfe, 0x70, 0xc, 0xf2, 0x1, 0x34,
    0xce, 0x59, 0x9c, 0xc0, 0x1, 0x1a, 0x4, 0x40,
    0x6a, 0xb9, 0xd5, 0x70, 0x5, 0x33, 0x54, 0xc8,
    0x4d, 0x9b, 0x7b, 0x36, 0x10, 0x4, 0x47, 0x86,
    0x2e, 0xdb, 0x77, 0x6d, 0xda, 0x40, 0x5, 0x33,
    0x98, 0x32, 0x64, 0xd3, 0x33, 0x4c, 0x88, 0x0,
    0x53, 0x39, 0x80, 0x3f, 0xf9, 0x39, 0x32, 0x69,
    0x99, 0xa6, 0x42, 0x0, 0x29, 0x9c, 0xc1, 0x17,
    0x6d, 0xbb, 0xb6, 0xed, 0x40, 0x2, 0x99, 0xcc,
    0x10, 0x89, 0xfb, 0x80, 0x22, 0xb9, 0x99, 0x80,
    0x1f, 0xff, 0x84, 0x2, 0x6d, 0x99, 0xbc, 0x1,
    0x33, 0xf9, 0x0, 0x31, 0x80, 0x7a, 0x67, 0xf2,
    0x0, 0x7f, 0xd3, 0x3f, 0x90, 0x3, 0xfd, 0xb1,
    0x9, 0x88, 0xaa, 0x4, 0x3, 0x5c, 0xcc, 0x60,
    0x98, 0x55, 0x11, 0x60, 0xd8, 0x6, 0xb9, 0x9a,
    0x9e, 0x46, 0x8c, 0x2, 0x69, 0x4a, 0x10, 0x45,
    0x0, 0xcd, 0x2a, 0x1, 0xf3, 0xd8, 0x80,

    /* U+9001 "送" */
    0x0, 0x28, 0x7, 0x18, 0x7, 0xc8, 0x1, 0xe5,
    0x0, 0xc2, 0xe0, 0x1c, 0xee, 0x0, 0xe5, 0xc2,
    0x0, 0x8b, 0xc8, 0x2, 0x1e, 0x30, 0xf, 0x4a,
    0x0, 0x69, 0x40, 0xa, 0x60, 0x3, 0xf3, 0x0,
    0x1e, 0x27, 0xa2, 0xa5, 0xa6, 0x20, 0x40, 0x9,
    0x9b, 0x74, 0xd, 0x33, 0x82, 0x3e, 0x66, 0x20,
    0x4, 0xcc, 0xda, 0x2, 0x3c, 0x62, 0x3c, 0x1,
    0xd3, 0x20, 0xf, 0xfe, 0x2a, 0xf9, 0x1, 0x2a,
    0xf3, 0xaa, 0xf2, 0x0, 0xf, 0x58, 0x0, 0x62,
    0x3c, 0x62, 0x3c, 0x1, 0x60, 0xce, 0x38, 0xa2,
    0x67, 0x64, 0x4f, 0x0, 0x3e, 0x65, 0x48, 0x1,
    0xd5, 0xd2, 0x1, 0xfe, 0xf3, 0x0, 0xcb, 0xeb,
    0x12, 0x40, 0x1f, 0x8, 0x7, 0x26, 0xb0, 0xc,
    0xd2, 0x80, 0x7a, 0x74, 0x0, 0x30, 0x50, 0x1,
    0xa0, 0xe0, 0x3, 0x9, 0x68, 0x24, 0x53, 0x0,
    0x79, 0xb1, 0x80, 0x2b, 0xb4, 0x48, 0xc9, 0x0,
    0x7e, 0x46, 0x0, 0x54, 0x88, 0xa4, 0x62, 0x65,
    0x11, 0xe9, 0x98, 0x42, 0xcc, 0x2, 0x48, 0x99,
    0x44, 0x7a, 0x66, 0x10,

    /* U+9010 "逐" */
    0x0, 0x18, 0x7, 0xff, 0x1d, 0xc, 0x3, 0xff,
    0x8c, 0xf4, 0x20, 0xf3, 0x3d, 0xf5, 0x33, 0x9c,
    0x3, 0x43, 0x3, 0xcc, 0xe1, 0xba, 0x99, 0xce,
    0x1, 0x85, 0xc0, 0x30, 0xd1, 0xa0, 0x4, 0x30,
    0x1, 0x4c, 0xdb, 0xa0, 0x1, 0xdd, 0xbd, 0xc0,
    0x3, 0x12, 0x1, 0x4c, 0xcd, 0xa5, 0x29, 0x42,
    0xb0, 0x47, 0x32, 0x10, 0xe, 0x99, 0x2, 0xc3,
    0x81, 0xcf, 0x7a, 0xc0, 0x7, 0x97, 0xc8, 0x1c,
    0x41, 0xd6, 0x4, 0xb0, 0x3, 0xc7, 0xac, 0x1,
    0x34, 0xab, 0x1, 0x15, 0x20, 0x1d, 0x83, 0x38,
    0xe0, 0x92, 0x40, 0x57, 0x81, 0x74, 0x1, 0xbe,
    0x65, 0x48, 0x4, 0x0, 0x5a, 0x91, 0x11, 0x45,
    0x0, 0x7b, 0xcc, 0x0, 0x32, 0x30, 0x1, 0x8a,
    0x24, 0x3, 0x8, 0x0, 0x5e, 0x61, 0x0, 0x7,
    0xe0, 0x2, 0x90, 0xd, 0x3a, 0x8, 0xd0, 0x20,
    0x14, 0xb8, 0x7, 0xc2, 0x5a, 0xa, 0x20, 0x8,
    0x98, 0x80, 0x80, 0x7d, 0x76, 0x89, 0x40, 0xa,
    0x26, 0x8, 0x3, 0xea, 0x91, 0x14, 0x84, 0x47,
    0xf4, 0xcc, 0x0, 0xb3, 0x0, 0x92, 0x23, 0xfa,
    0x66, 0x0,

    /* U+9031 "週" */
    0x0, 0x20, 0x7, 0xff, 0x1c, 0x90, 0x2, 0xa9,
    0x9d, 0x93, 0x3a, 0x0, 0x33, 0x69, 0x0, 0xe,
    0x67, 0x2c, 0xce, 0x10, 0xe, 0x95, 0x0, 0xff,
    0xe3, 0xb8, 0x1, 0x26, 0x73, 0x4c, 0xe2, 0x0,
    0xa6, 0x6f, 0x80, 0x49, 0x9c, 0xd3, 0x38, 0x80,
    0x29, 0x94, 0x24, 0x0, 0x7f, 0xf1, 0x62, 0x40,
    0xf, 0x33, 0x96, 0x67, 0x20, 0x6, 0x6c, 0x20,
    0x3, 0xcc, 0xec, 0x99, 0xc8, 0x1, 0x1f, 0x28,
    0x4, 0x20, 0xd3, 0x3a, 0x80, 0x3d, 0x83, 0x3c,
    0x60, 0x21, 0xf3, 0x38, 0xc0, 0x3d, 0xf3, 0x27,
    0x32, 0xe0, 0xf, 0xfe, 0x33, 0x18, 0x7, 0xff,
    0xc, 0xb8, 0x31, 0x41, 0x26, 0x71, 0x0, 0x7e,
    0x85, 0x1, 0x10, 0x74, 0xce, 0xb0, 0xf, 0x84,
    0x54, 0x34, 0x0, 0x30, 0xc, 0xf1, 0xd, 0x0,
    0xd7, 0x57, 0xe, 0x1, 0xf3, 0xc4, 0x10, 0x2,
    0xae, 0x13, 0x91, 0x99, 0xe8, 0x8a, 0x65, 0x54,
    0x0, 0x42, 0x0, 0x4b, 0x33, 0xd1, 0x14, 0xca,
    0xa8, 0x0,

    /* U+904E "過" */
    0x0, 0x28, 0x7, 0xff, 0x21, 0x40, 0x32, 0xcc,
    0xfc, 0xa0, 0x1c, 0xb8, 0x20, 0x11, 0xd4, 0xcf,
    0x51, 0x80, 0x7a, 0x18, 0x3, 0xe2, 0x29, 0x84,
    0x3, 0xc2, 0xe0, 0x1f, 0x72, 0xab, 0xfc, 0x1,
    0xa6, 0x6d, 0xd0, 0x7, 0x95, 0xdd, 0x3c, 0x1,
    0xa6, 0x66, 0xd0, 0xf, 0xfe, 0x2c, 0xc8, 0x1,
    0x31, 0x9, 0x93, 0x4c, 0xa2, 0x70, 0x3, 0x2f,
    0x90, 0x5, 0xd7, 0x32, 0xf9, 0x95, 0xfa, 0x8,
    0x0, 0xf5, 0x80, 0x3c, 0xa8, 0x98, 0x3, 0xd8,
    0x33, 0x8e, 0x1, 0xc, 0x88, 0xde, 0x1, 0xef,
    0x99, 0x52, 0x0, 0x64, 0x55, 0x88, 0x3, 0xfb,
    0xcc, 0x3, 0xff, 0x8a, 0x20, 0x1e, 0x79, 0x98,
    0x80, 0x3f, 0x4e, 0x80, 0x61, 0x99, 0xd6, 0x1,
    0xf0, 0x96, 0x80, 0x73, 0x0, 0x68, 0x81, 0x8,
    0x5, 0x76, 0x89, 0x49, 0x0, 0xfa, 0x21, 0x40,
    0x15, 0x48, 0x8a, 0x42, 0x23, 0xfa, 0x66, 0x0,
    0x59, 0x80, 0x49, 0x11, 0xfd, 0x33, 0x0,

    /* U+958B "開" */
    0xb, 0x99, 0xe8, 0x0, 0x4c, 0xfa, 0xc4, 0xa,
    0x67, 0x84, 0x2, 0x99, 0xec, 0x30, 0xf, 0xfe,
    0x3b, 0x4c, 0xf3, 0x80, 0x1e, 0x67, 0xc0, 0x6,
    0x99, 0xe7, 0x0, 0x3c, 0xcf, 0x80, 0x3f, 0xf9,
    0xd, 0x33, 0xc0, 0x1a, 0x67, 0xc0, 0x6, 0x99,
    0xf0, 0x2, 0x67, 0xe0, 0xc, 0x33, 0x2e, 0x99,
    0xaf, 0x66, 0x40, 0x1f, 0xc, 0xc9, 0xe6, 0x68,
    0xb9, 0x90, 0x7, 0xff, 0x35, 0x66, 0x4d, 0x33,
    0x74, 0xcc, 0xa0, 0x1e, 0x59, 0x93, 0x4c, 0xdd,
    0x33, 0x28, 0x7, 0xff, 0x39, 0x70, 0x3, 0xff,
    0x86, 0x7e, 0xa0, 0x1f, 0xe3, 0x0, 0x86, 0x68,
    0x3, 0xe5, 0xa9, 0xd1, 0x9, 0x1, 0xa0, 0xe,
    0x36, 0x5, 0xa9, 0xa0,

    /* U+95B1 "閱" */
    0xc, 0x99, 0xe8, 0x0, 0x4c, 0xfb, 0x8, 0x52,
    0x67, 0x84, 0x0, 0xb3, 0x3d, 0x42, 0xf, 0x33,
    0xce, 0x0, 0x39, 0x9e, 0x80, 0x3, 0xcc, 0xf3,
    0x80, 0xe, 0x67, 0xa0, 0x3, 0xff, 0x90, 0xd3,
    0x3d, 0xc0, 0x4, 0x99, 0xeb, 0x0, 0x34, 0xce,
    0xb2, 0x0, 0x6c, 0x4c, 0xeb, 0x0, 0xf1, 0xda,
    0x80, 0x16, 0x54, 0x3, 0xf9, 0xd2, 0x40, 0x34,
    0x4, 0x0, 0x7d, 0xb, 0x93, 0x3e, 0xca, 0x70,
    0xf, 0x41, 0x12, 0x67, 0xc0, 0x4e, 0x1, 0xff,
    0xce, 0xe9, 0xe9, 0x97, 0xce, 0x0, 0x7f, 0x9f,
    0x6a, 0x64, 0xd2, 0xa0, 0x1f, 0xf7, 0x20, 0x7,
    0x8c, 0x3, 0xe5, 0x9b, 0x0, 0x8c, 0x0, 0x28,
    0x1, 0xe6, 0x64, 0x88, 0x5, 0x91, 0x32, 0xa,
    0xd2, 0x18, 0x6, 0x30, 0xe, 0x68, 0x98, 0x7a,
    0xb1,

    /* U+95DC "關" */
    0xb, 0x99, 0xe8, 0x0, 0x4c, 0xfb, 0x8, 0x4e,
    0x67, 0x84, 0x2, 0x99, 0xea, 0x10, 0xf, 0xfe,
    0x3b, 0xcc, 0xf3, 0x80, 0x1e, 0x67, 0xa0, 0x0,
    0xf3, 0x3c, 0xe0, 0x7, 0x99, 0xe8, 0x0, 0x34,
    0xcf, 0x10, 0x1, 0x66, 0x7a, 0x0, 0xd, 0x33,
    0xc, 0x58, 0x3, 0x46, 0x67, 0x40, 0x7, 0x27,
    0xb, 0x0, 0x22, 0x49, 0x0, 0x3e, 0x6a, 0x1d,
    0x20, 0xd3, 0x9f, 0x50, 0xf, 0x93, 0x75, 0x6e,
    0x13, 0xc7, 0x22, 0x1, 0xf1, 0xce, 0x2f, 0x80,
    0x3a, 0xa, 0x40, 0x3e, 0x83, 0x6, 0x96, 0x9d,
    0x52, 0x0, 0xfd, 0x3e, 0xca, 0x4f, 0xc4, 0xc9,
    0xe0, 0x1f, 0xbc, 0x3, 0x8c, 0x1, 0xe0, 0x1f,
    0x86, 0x65, 0x2, 0x11, 0x32, 0x50, 0xf, 0xd1,
    0x38, 0xe0, 0x8, 0x99, 0x80, 0x3f, 0xa8, 0xa0,
    0x3, 0x95, 0xe7, 0x48, 0x60, 0x2, 0xa7, 0x0,
    0x1b, 0x0, 0x4f, 0x36, 0x20,

    /* U+964D "降" */
    0x0, 0xff, 0x30, 0x7, 0xd5, 0x33, 0x54, 0x0,
    0x4c, 0x60, 0x1f, 0x1c, 0xcd, 0xb6, 0x0, 0x39,
    0xc9, 0x9a, 0xdc, 0x3, 0xda, 0x60, 0x5f, 0x13,
    0x38, 0x98, 0x3, 0x97, 0x81, 0x2f, 0x5, 0x0,
    0x13, 0x42, 0x1, 0xde, 0x80, 0x32, 0xc, 0x4f,
    0x56, 0x60, 0x1c, 0x98, 0x0, 0x50, 0xd, 0x40,
    0x60, 0x1e, 0x4f, 0x20, 0x0, 0xb4, 0xa6, 0xd4,
    0xc1, 0x0, 0x74, 0xc0, 0x43, 0x24, 0x91, 0x94,
    0x4a, 0x40, 0x7, 0x62, 0x43, 0x90, 0x1, 0x98,
    0x2, 0xd0, 0x1, 0xcf, 0x87, 0x95, 0x32, 0xb9,
    0x9c, 0x80, 0x1c, 0x20, 0x69, 0x53, 0x2b, 0x99,
    0xc8, 0x1, 0xcd, 0xa0, 0x1f, 0xfc, 0x26, 0x80,
    0x53, 0xd0, 0xf, 0xfe, 0x3, 0x43, 0x4, 0x7c,
    0xcd, 0x75, 0x33, 0x80, 0x3e, 0xba, 0x99, 0xae,
    0xa6, 0x70, 0x7, 0xff, 0x64,

    /* U+9663 "陣" */
    0x0, 0xff, 0x9c, 0x3, 0xd9, 0x33, 0x70, 0x80,
    0x77, 0x0, 0x79, 0x66, 0x64, 0x29, 0x9e, 0x69,
    0x9e, 0x10, 0x9, 0x7c, 0xe6, 0x79, 0xa6, 0x78,
    0x40, 0x2f, 0x50, 0xf, 0xfe, 0x19, 0xe0, 0x1,
    0xe6, 0x73, 0x4c, 0xe4, 0x0, 0xa9, 0xc0, 0x1d,
    0x33, 0x96, 0x66, 0x8c, 0x0, 0xae, 0x0, 0x3e,
    0x30, 0xf, 0xc5, 0xe8, 0x5, 0x33, 0x9a, 0x66,
    0x80, 0xe, 0x6d, 0x2, 0x99, 0xcd, 0x33, 0x40,
    0x7, 0xff, 0x38, 0xa6, 0x73, 0x4c, 0xd6, 0x1,
    0x89, 0x0, 0x17, 0x33, 0x9a, 0x66, 0xa8, 0x0,
    0x9c, 0x64, 0x3, 0xff, 0x86, 0xaa, 0x9, 0x9f,
    0x34, 0xcf, 0x18, 0x7, 0x4c, 0xf9, 0xa6, 0x78,
    0xc0, 0x3f, 0xfb, 0x12, 0x1, 0xfe, 0x90, 0xf,
    0x0,

    /* U+9664 "除" */
    0x0, 0xff, 0x90, 0x40, 0x3a, 0xe6, 0x6d, 0x0,
    0xe1, 0xb0, 0xf, 0x14, 0xca, 0x10, 0x3, 0xa3,
    0xa4, 0x3, 0xf4, 0xc0, 0x4, 0x33, 0x3, 0x32,
    0x0, 0xf1, 0x0, 0x80, 0x6, 0xe0, 0x40, 0x62,
    0x4c, 0x3, 0x5c, 0x80, 0x12, 0x2c, 0x40, 0x21,
    0x9b, 0x80, 0x8, 0xc4, 0x14, 0xaa, 0x26, 0x5b,
    0x33, 0x5d, 0x88, 0x1, 0x30, 0xa, 0xc7, 0x33,
    0x24, 0xcc, 0x66, 0x20, 0x1, 0xf9, 0x80, 0x7f,
    0xf1, 0x1e, 0x80, 0x3f, 0xf8, 0xc9, 0x33, 0xcd,
    0x33, 0xc2, 0x1, 0xc9, 0x33, 0xcd, 0x33, 0xc2,
    0x1, 0x11, 0x80, 0x46, 0x1, 0x88, 0xc0, 0x32,
    0x42, 0xd8, 0x1, 0xc0, 0x38, 0xa8, 0x80, 0x24,
    0x87, 0x10, 0x2f, 0x30, 0xe, 0x98, 0x0, 0xf8,
    0x62, 0x0, 0x1f, 0x44, 0x80, 0x79, 0xec, 0x3,
    0xf1, 0x60, 0x7, 0x98, 0x41, 0xa2, 0x2, 0x1,
    0x94, 0x24, 0x3, 0xe6, 0x88, 0x80, 0x3c,

    /* U+9670 "陰" */
    0x0, 0xff, 0x21, 0x80, 0x7a, 0xa6, 0x6c, 0x0,
    0xc3, 0x4a, 0x1, 0xe3, 0x99, 0x94, 0x2, 0x1b,
    0xf1, 0x50, 0xf, 0xc9, 0x80, 0x2, 0xbb, 0xb,
    0x93, 0x80, 0x7d, 0xca, 0xb, 0x74, 0x20, 0x7,
    0x3a, 0x20, 0xc, 0x7a, 0x34, 0x13, 0x3e, 0x1b,
    0xb4, 0x90, 0x2, 0x98, 0x69, 0x42, 0x67, 0x94,
    0x66, 0xcc, 0x1, 0x52, 0x0, 0x69, 0x9f, 0x5c,
    0x81, 0x8, 0x0, 0xfc, 0xc1, 0xa6, 0x7c, 0x50,
    0x1, 0xe7, 0xa0, 0xf, 0x8f, 0xc4, 0x3, 0xf9,
    0x66, 0x7a, 0xbe, 0x60, 0x3, 0xf2, 0xcc, 0xfe,
    0x80, 0xf, 0x18, 0x7, 0xff, 0xe, 0x26, 0x4d,
    0x33, 0x7e, 0x4c, 0xf8, 0x40, 0x11, 0x26, 0xd3,
    0x2d, 0x8c, 0x99, 0xc, 0xcc, 0x20, 0x1f, 0x1e,
    0x38, 0x5, 0x32, 0x0, 0xfe, 0x7e, 0xe3, 0xc4,
    0xca, 0xf, 0x0, 0x3e, 0x7b, 0x95, 0x54, 0xce,
    0xaf, 0x60, 0x90, 0xc, 0xf8, 0x86, 0x42, 0x1,
    0x8d, 0x80,

    /* U+96E2 "離" */
    0x0, 0xca, 0x1, 0xe5, 0x2, 0x0, 0xfe, 0xc0,
    0xf, 0x78, 0x40, 0x7, 0x44, 0xcc, 0x99, 0x33,
    0x1, 0xe0, 0x4b, 0x80, 0x68, 0xa9, 0x96, 0xe4,
    0x4d, 0x85, 0xa0, 0x1f, 0x80, 0x75, 0x4, 0x21,
    0x48, 0xd0, 0x3d, 0xcc, 0x96, 0x65, 0x0, 0x1a,
    0x33, 0x60, 0x0, 0x81, 0x32, 0x85, 0x99, 0x40,
    0x6, 0x50, 0xc9, 0x0, 0x73, 0x0, 0x7f, 0x84,
    0xe0, 0xe0, 0xd3, 0xc0, 0x3f, 0xc5, 0x1f, 0x73,
    0x16, 0x8a, 0xd3, 0x2b, 0x79, 0x92, 0x80, 0x2e,
    0x64, 0x53, 0x34, 0x3, 0x4c, 0xad, 0xe6, 0x4a,
    0x8, 0x60, 0x1f, 0xfc, 0x58, 0xe9, 0xd7, 0x99,
    0xbc, 0x3, 0xfd, 0x33, 0x2f, 0x55, 0x25, 0x81,
    0xe6, 0x56, 0xf3, 0x25, 0x0, 0xc2, 0x7, 0x40,
    0x13, 0xcc, 0xad, 0xe6, 0x4a, 0x1, 0x10, 0x23,
    0x3a, 0x0, 0x7f, 0xf0, 0x64, 0xc9, 0x7f, 0x40,
    0x3f, 0xf8, 0x37, 0x4c, 0x63, 0x0, 0x5, 0x59,
    0xd9, 0x56, 0x0, 0xf9, 0xe4, 0xc1, 0xc4, 0x45,
    0x42, 0x30, 0x0,

    /* U+96E8 "雨" */
    0x2, 0x2f, 0xfe, 0x28, 0x82, 0xaf, 0xed, 0x55,
    0xfe, 0x7, 0x7f, 0xcc, 0xef, 0xf9, 0x0, 0x3f,
    0xfa, 0x6, 0x1, 0xff, 0x5c, 0xcf, 0x96, 0x67,
    0xed, 0x0, 0x8a, 0x67, 0xcd, 0x33, 0xf2, 0x0,
    0x74, 0x20, 0x7, 0xe2, 0xa0, 0xf, 0xa0, 0x60,
    0x3, 0xcf, 0x54, 0x0, 0xfc, 0xb3, 0x42, 0x0,
    0x59, 0x58, 0x0, 0xff, 0xd, 0x8, 0x1, 0x64,
    0x80, 0x3f, 0xf8, 0x22, 0x0, 0x30, 0xf, 0xfe,
    0xa, 0x40, 0x4, 0x50, 0xa0, 0x1f, 0xc3, 0x3,
    0x2, 0x0, 0x18, 0x19, 0x10, 0xf, 0x14, 0x4a,
    0x80, 0x79, 0x26, 0x40, 0x1e, 0x29, 0x10, 0xf,
    0xe8, 0x0, 0xff, 0xe2, 0x24, 0xcc, 0x20, 0x14,
    0x80, 0x7a, 0x40, 0x24, 0x99, 0xa0, 0x0,

    /* U+96EA "雪" */
    0x0, 0xff, 0xe3, 0x3c, 0xcf, 0xbe, 0x67, 0xca,
    0x0, 0x79, 0x9f, 0x34, 0xcf, 0x94, 0x26, 0x7f,
    0x34, 0xcf, 0xc8, 0x13, 0x3f, 0x34, 0xcf, 0xa3,
    0x0, 0x11, 0x6, 0x10, 0xe, 0x16, 0xa3, 0x0,
    0xd1, 0x4, 0x64, 0x0, 0x99, 0x8b, 0x46, 0x0,
    0xf0, 0x8, 0x95, 0xc0, 0x32, 0x98, 0x0, 0x75,
    0x81, 0x22, 0x94, 0x80, 0x27, 0x74, 0xc1, 0x82,
    0x81, 0x12, 0x69, 0xc4, 0x3c, 0x5, 0x66, 0x4a,
    0x40, 0x2, 0x60, 0x11, 0xce, 0x23, 0x81, 0x88,
    0x2, 0x79, 0x9f, 0xf5, 0x20, 0x6, 0x78, 0x8f,
    0xf7, 0x0, 0x7f, 0xf2, 0x1e, 0x67, 0xff, 0x81,
    0x53, 0x25, 0x79, 0x9f, 0xfe, 0x5, 0x4c, 0x94,
    0x3, 0xff, 0x8e, 0xf3, 0x3f, 0xf3, 0x0, 0x0,

    /* U+96F2 "雲" */
    0x0, 0xff, 0xe3, 0x8c, 0xcf, 0xb3, 0x66, 0x7c,
    0x20, 0x1, 0x99, 0xf4, 0x42, 0x67, 0xc2, 0x7,
    0x73, 0x3f, 0x5c, 0xcf, 0xac, 0x43, 0x66, 0xa6,
    0x7a, 0xe6, 0x75, 0xc6, 0x0, 0x67, 0x87, 0x10,
    0xc, 0x2d, 0x34, 0x1, 0xe4, 0x86, 0x60, 0x4,
    0x2e, 0x93, 0x2, 0x0, 0x37, 0x0, 0x84, 0x44,
    0x1, 0x8, 0x6, 0x61, 0x1, 0x3, 0x99, 0x21,
    0x0, 0x5, 0xdd, 0x2e, 0x22, 0x0, 0x99, 0x22,
    0x48, 0x19, 0x80, 0x5, 0x95, 0x90, 0xc, 0xce,
    0x20, 0x11, 0x18, 0x6, 0x28, 0x0, 0xcb, 0x33,
    0xff, 0xc0, 0x30, 0xc, 0xb3, 0x3f, 0xfc, 0x3,
    0x0, 0x44, 0xcf, 0x74, 0xcf, 0xf9, 0xa2, 0x67,
    0x64, 0xcf, 0xba, 0x67, 0x30, 0x6, 0x5d, 0x70,
    0xe, 0x59, 0x10, 0xf, 0x29, 0x40, 0x6, 0x12,
    0x1c, 0xf2, 0x0, 0xd5, 0x4e, 0x99, 0xd0, 0xc8,
    0xc1, 0x50, 0x40, 0x15, 0x7c, 0xcf, 0x43, 0xb2,
    0xa9, 0x28, 0x40,

    /* U+96F7 "雷" */
    0x8, 0x99, 0xf7, 0x4c, 0xf9, 0x80, 0x11, 0x33,
    0xe7, 0x99, 0xf3, 0x0, 0x7f, 0xf1, 0xb6, 0x67,
    0xe6, 0x99, 0xf5, 0x42, 0x4f, 0xec, 0xce, 0x69,
    0x9d, 0x97, 0x60, 0x9, 0x9e, 0x24, 0xc0, 0x25,
    0x88, 0x9, 0x0, 0x71, 0xc4, 0x98, 0x4, 0x91,
    0x4, 0x0, 0xa0, 0x55, 0xe6, 0x46, 0x1, 0x4c,
    0xa1, 0x0, 0x64, 0x40, 0xb, 0x32, 0x30, 0xe0,
    0x89, 0x90, 0xa0, 0x8, 0x4, 0xea, 0xb8, 0x95,
    0x64, 0x0, 0xe5, 0x26, 0x6e, 0x96, 0x6e, 0xd0,
    0xc, 0x46, 0x7c, 0xa6, 0x7c, 0x1, 0xff, 0xca,
    0xb9, 0x9e, 0x69, 0x9e, 0x50, 0xd, 0x73, 0x3c,
    0xd3, 0x3c, 0xa0, 0x1f, 0xfc, 0x9b, 0x99, 0xe5,
    0x99, 0xe5, 0x0, 0x0,

    /* U+96F9 "雹" */
    0x0, 0x3c, 0xcf, 0xba, 0x67, 0xca, 0x1, 0x3c,
    0xcf, 0x9e, 0x67, 0xca, 0x0, 0x99, 0xfc, 0xd3,
    0x3f, 0x20, 0x2, 0x7b, 0x66, 0x73, 0x4c, 0xd1,
    0x97, 0x62, 0x0, 0x9c, 0x22, 0x4c, 0x2, 0x78,
    0x91, 0x20, 0xb, 0xc0, 0x9, 0x34, 0x20, 0x12,
    0x4c, 0x20, 0x19, 0x3, 0x1d, 0x52, 0x54, 0xc0,
    0x26, 0x99, 0x90, 0x50, 0x0, 0x75, 0xfa, 0xc2,
    0x18, 0xb, 0x13, 0x25, 0x0, 0xe3, 0xac, 0x99,
    0xb2, 0x67, 0xb4, 0x3, 0xc, 0xfc, 0xcf, 0xf9,
    0x40, 0x22, 0x82, 0x88, 0xf9, 0x0, 0x3c, 0xb5,
    0x23, 0x33, 0xf6, 0x80, 0x79, 0x60, 0x0, 0x23,
    0xf0, 0x7, 0xf9, 0x66, 0x7e, 0x12, 0x9a, 0xd0,
    0xe, 0x59, 0x9f, 0xa0, 0xa6, 0x90, 0x20, 0x2,
    0x10, 0xf, 0xfe, 0x8, 0x80, 0x57, 0x53, 0x3f,
    0xf5, 0x50,

    /* U+96FB "電" */
    0x8, 0x99, 0xf7, 0x4c, 0xf9, 0x80, 0x28, 0x99,
    0xf3, 0xcc, 0xf9, 0x80, 0x13, 0x3f, 0x9a, 0x67,
    0xe4, 0x0, 0x4c, 0x4c, 0xf3, 0x4c, 0xfa, 0x30,
    0x2, 0x78, 0x82, 0x0, 0x71, 0xc4, 0x90, 0x7,
    0x34, 0x40, 0xc, 0x2, 0x66, 0x44, 0x90, 0x5,
    0x80, 0x1, 0x32, 0x0, 0xc2, 0x2, 0x0, 0x1c,
    0x5, 0x3a, 0x95, 0x51, 0x80, 0x83, 0xb, 0x52,
    0x82, 0x0, 0xe, 0xa1, 0x8c, 0x1, 0x0, 0x28,
    0xf4, 0xa0, 0x19, 0x36, 0x67, 0xbe, 0x67, 0xac,
    0x3, 0xa6, 0x7c, 0xd3, 0x3c, 0x40, 0x1d, 0x53,
    0x3c, 0xd3, 0x3c, 0xe0, 0x1d, 0x53, 0x3c, 0xd3,
    0x3c, 0xe0, 0x1f, 0xfc, 0xb9, 0x9f, 0x34, 0xcf,
    0x70, 0x2a, 0x3, 0xf4, 0xcf, 0x34, 0xcf, 0x38,
    0x13, 0x1, 0x98, 0x3, 0xd3, 0x3f, 0x71, 0x0,

    /* U+9700 "需" */
    0x2, 0x99, 0xf6, 0x5c, 0xcf, 0x88, 0x0, 0x53,
    0x3e, 0xa8, 0x99, 0xf1, 0x0, 0x7f, 0xf2, 0x32,
    0x67, 0xee, 0x99, 0xf6, 0x20, 0x5c, 0xe, 0x4c,
    0xee, 0x99, 0xac, 0x62, 0x80, 0x21, 0x86, 0x89,
    0x0, 0xcf, 0x9, 0x22, 0x1, 0xe3, 0x89, 0x0,
    0xcf, 0xc, 0x20, 0x19, 0xce, 0x26, 0x60, 0x8,
    0xa2, 0x64, 0xa2, 0xc8, 0x0, 0x1a, 0x99, 0x81,
    0x48, 0x91, 0x32, 0x13, 0x0, 0x14, 0xdd, 0xa6,
    0x76, 0x5c, 0xce, 0xdb, 0x97, 0x29, 0x9f, 0x96,
    0xa6, 0x7e, 0x70, 0x4, 0x4c, 0xd9, 0x85, 0x99,
    0x64, 0xcd, 0x68, 0x1, 0xc, 0xcd, 0x5d, 0xf3,
    0x25, 0x99, 0xa0, 0x80, 0x3f, 0xff, 0x5, 0x14,
    0x40, 0x14, 0x80, 0x4c, 0x40, 0x14, 0x81, 0x44,
    0xa0, 0x0,

    /* U+9727 "霧" */
    0x1, 0x99, 0xfb, 0xa6, 0x7d, 0x0, 0x1, 0x99,
    0xf9, 0xe6, 0x7d, 0x0, 0xa, 0x99, 0xf9, 0xa6,
    0x7e, 0x50, 0x39, 0xce, 0xa9, 0x99, 0xa6, 0x6a,
    0x1d, 0x8d, 0x0, 0x95, 0xda, 0x44, 0x2, 0x68,
    0x59, 0x40, 0x8, 0x40, 0x50, 0xc4, 0xc0, 0x38,
    0x54, 0x1, 0xe1, 0x5, 0x22, 0x90, 0x41, 0xc0,
    0xf4, 0xc3, 0x2, 0xe0, 0xf4, 0x1b, 0x51, 0x80,
    0xe1, 0xd7, 0x3a, 0x14, 0xa0, 0xf1, 0x18, 0x78,
    0x1, 0xd1, 0x9, 0x96, 0x1a, 0x80, 0x6, 0x56,
    0x20, 0x43, 0x7b, 0xe4, 0x2b, 0xb2, 0x2, 0x47,
    0x76, 0xa3, 0x21, 0xb3, 0x8a, 0xf3, 0x90, 0x2,
    0xad, 0x2, 0xaa, 0xd5, 0x54, 0x4f, 0x67, 0xca,
    0x8a, 0x3b, 0x81, 0x9d, 0x95, 0xc2, 0x64, 0x21,
    0x12, 0x2e, 0x0, 0xa8, 0x0, 0x4c, 0x11, 0x22,
    0x65, 0x53, 0x33, 0x5, 0x71, 0x0, 0x20, 0x81,
    0xe6, 0x9e, 0x66, 0x40, 0x68, 0x40, 0xf, 0x96,
    0xa0, 0x3, 0x98, 0x92, 0x48, 0x0, 0x31, 0x21,
    0x21, 0x10, 0xaa, 0x0, 0x49, 0x36, 0x0, 0x19,
    0x92, 0x80, 0x22, 0x14, 0x60,

    /* U+9810 "預" */
    0x5, 0x99, 0xec, 0x39, 0x9d, 0x75, 0x33, 0x38,
    0x1, 0x66, 0x79, 0x8e, 0x67, 0x1d, 0x4c, 0xce,
    0x1, 0xf4, 0xc0, 0x7, 0x8, 0x7, 0xe5, 0x81,
    0x8a, 0x20, 0x4, 0xcc, 0xd3, 0x38, 0x3, 0x2c,
    0xff, 0x18, 0x6, 0x99, 0x7c, 0xcc, 0x1, 0xe1,
    0xee, 0x28, 0x7, 0xff, 0x8, 0x8b, 0x56, 0x19,
    0x80, 0xcf, 0xf0, 0x4, 0xab, 0x7d, 0xf2, 0x60,
    0xb2, 0xaf, 0x98, 0x2, 0x77, 0xae, 0xce, 0xae,
    0x2a, 0xcd, 0xe5, 0x0, 0xfe, 0xb9, 0x0, 0xff,
    0xe2, 0x8f, 0x8, 0x24, 0xcf, 0x90, 0x3, 0xf0,
    0xb8, 0x1, 0x26, 0x7c, 0x80, 0x1f, 0xfd, 0x42,
    0x99, 0xf1, 0x0, 0x7f, 0xf0, 0x2f, 0x6e, 0x64,
    0x37, 0x60, 0xf, 0xfe, 0x4, 0x19, 0x0, 0x22,
    0x9c, 0x3, 0x44, 0x30, 0xc0, 0x62, 0x69, 0xc0,
    0x34, 0x24, 0x80, 0x51, 0xa, 0x10, 0x5, 0x49,
    0x0, 0x78, 0xe4, 0x0,

    /* U+98A8 "風" */
    0x0, 0xff, 0xe5, 0xdc, 0xcf, 0xfd, 0x52, 0x1,
    0xe3, 0x99, 0xff, 0xab, 0x80, 0x3f, 0x44, 0xcd,
    0xb3, 0x39, 0x3, 0xc0, 0x3f, 0x44, 0xcc, 0x93,
    0x39, 0x0, 0x3f, 0xfa, 0x4d, 0x33, 0x34, 0xcd,
    0x40, 0x1f, 0xc2, 0x1d, 0x13, 0x26, 0x99, 0x8c,
    0x3, 0xff, 0xe4, 0x20, 0x1e, 0x10, 0xd8, 0x99,
    0x34, 0xcc, 0x1, 0xfc, 0x5c, 0xb, 0x33, 0x34,
    0xca, 0xa4, 0x3, 0xf2, 0xb8, 0x7, 0xe2, 0x90,
    0xc, 0x40, 0x17, 0x8, 0x7, 0x84, 0x89, 0xf4,
    0x1c, 0x54, 0x0, 0x4c, 0x8, 0x99, 0xc5, 0x2a,
    0xa2, 0x22, 0x24, 0x1, 0x6a, 0x84, 0x4c, 0xeb,
    0x87, 0x64, 0x80, 0x3f, 0x0, 0xa4, 0x3, 0xff,
    0x82, 0x81, 0x30, 0x0,

    /* U+9AD8 "高" */
    0x0, 0xfc, 0xa0, 0x1f, 0xfc, 0x62, 0x0, 0xfc,
    0xf1, 0x1f, 0x66, 0x22, 0x3e, 0x36, 0x99, 0xfa,
    0x3e, 0x67, 0xe3, 0x11, 0xff, 0xe2, 0x80, 0x65,
    0xb9, 0x9f, 0xd4, 0xc0, 0x1f, 0x7c, 0xcf, 0xf0,
    0x7, 0xff, 0x35, 0xb6, 0x67, 0xf5, 0x28, 0x7,
    0x8e, 0x67, 0xfc, 0x60, 0x1b, 0x66, 0x7f, 0xf8,
    0x5c, 0x0, 0x49, 0x9f, 0xfe, 0x13, 0x80, 0x71,
    0xec, 0xcf, 0xac, 0x3, 0xfd, 0x13, 0x3e, 0x20,
    0xf, 0xfe, 0x85, 0xcc, 0xf9, 0x40, 0x3f, 0xd7,
    0x33, 0xec, 0x0, 0xfe, 0x35, 0x0, 0xfc, 0xf0,
    0x0,

    /* U+9B06 "鬆" */
    0x0, 0x1a, 0x27, 0x80, 0x38, 0x60, 0x40, 0x34,
    0x8, 0xf8, 0x2, 0x38, 0x68, 0x10, 0xc, 0x99,
    0x9c, 0x60, 0xb2, 0xd0, 0xe0, 0x60, 0x19, 0xa6,
    0x79, 0x81, 0x65, 0x40, 0xa1, 0x40, 0x33, 0x4c,
    0xf3, 0x0, 0x49, 0x2b, 0x2c, 0x1, 0x9a, 0x67,
    0x98, 0xa, 0x2, 0x5c, 0x44, 0xa0, 0xf2, 0x9f,
    0x32, 0xaa, 0x4b, 0x94, 0x20, 0x1, 0xa1, 0x1,
    0xe1, 0xfa, 0x62, 0x5f, 0x5c, 0x0, 0x91, 0x5,
    0x91, 0x0, 0x79, 0xcc, 0x3b, 0x4f, 0x2, 0xc0,
    0x44, 0xc, 0x3, 0x74, 0xc7, 0xb2, 0xa5, 0x2,
    0x66, 0xe9, 0x0, 0x3f, 0x70, 0x7, 0x42, 0xce,
    0xf0, 0x6, 0x59, 0x95, 0x34, 0xca, 0x1, 0xb4,
    0x40, 0x11, 0x20, 0x12, 0xcc, 0x88, 0x2e, 0x61,
    0x45, 0x9, 0x40, 0xb6, 0x40, 0x32, 0xe3, 0x51,
    0x89, 0xb8, 0x5a, 0x80, 0x12, 0xa4, 0x0, 0x86,
    0x81, 0x16, 0x6c, 0xd, 0x40, 0x50, 0x7, 0x20,
    0xa6, 0xc0, 0x14, 0x10, 0x17, 0x18, 0x16, 0xa8,
    0x4, 0xce, 0x1, 0xe2, 0xfe, 0x78, 0x86, 0xc1,
    0x0, 0xc, 0x3, 0xeb, 0xb2, 0xb4, 0x45, 0xb4,
    0x0
};


/*---------------------
 *  GLYPH DESCRIPTION
 *--------------------*/

static const lv_font_fmt_txt_glyph_dsc_t glyph_dsc[] = {
    {.bitmap_index = 0, .adv_w = 0, .box_w = 0, .box_h = 0, .ofs_x = 0, .ofs_y = 0} /* id = 0 reserved */,
    {.bitmap_index = 0, .adv_w = 70, .box_w = 0, .box_h = 0, .ofs_x = 0, .ofs_y = 0},
    {.bitmap_index = 0, .adv_w = 88, .box_w = 3, .box_h = 15, .ofs_x = 1, .ofs_y = 0},
    {.bitmap_index = 14, .adv_w = 120, .box_w = 5, .box_h = 5, .ofs_x = 1, .ofs_y = 11},
    {.bitmap_index = 25, .adv_w = 167, .box_w = 10, .box_h = 15, .ofs_x = 0, .ofs_y = 0},
    {.bitmap_index = 90, .adv_w = 167, .box_w = 9, .box_h = 19, .ofs_x = 1, .ofs_y = -2},
    {.bitmap_index = 152, .adv_w = 282, .box_w = 17, .box_h = 15, .ofs_x = 0, .ofs_y = 0},
    {.bitmap_index = 257, .adv_w = 199, .box_w = 13, .box_h = 15, .ofs_x = 0, .ofs_y = 0},
    {.bitmap_index = 333, .adv_w = 74, .box_w = 2, .box_h = 5, .ofs_x = 1, .ofs_y = 11},
    {.bitmap_index = 339, .adv_w = 96, .box_w = 5, .box_h = 21, .ofs_x = 1, .ofs_y = -4},
    {.bitmap_index = 374, .adv_w = 96, .box_w = 4, .box_h = 21, .ofs_x = 0, .ofs_y = -4},
    {.bitmap_index = 407, .adv_w = 137, .box_w = 6, .box_h = 6, .ofs_x = 1, .ofs_y = 10},
    {.bitmap_index = 426, .adv_w = 167, .box_w = 10, .box_h = 11, .ofs_x = 0, .ofs_y = 2},
    {.bitmap_index = 449, .adv_w = 74, .box_w = 3, .box_h = 6, .ofs_x = 1, .ofs_y = -4},
    {.bitmap_index = 458, .adv_w = 104, .box_w = 6, .box_h = 1, .ofs_x = 0, .ofs_y = 5},
    {.bitmap_index = 461, .adv_w = 74, .box_w = 3, .box_h = 2, .ofs_x = 1, .ofs_y = 0},
    {.bitmap_index = 464, .adv_w = 127, .box_w = 8, .box_h = 20, .ofs_x = 0, .ofs_y = -4},
    {.bitmap_index = 517, .adv_w = 167, .box_w = 9, .box_h = 15, .ofs_x = 1, .ofs_y = 0},
    {.bitmap_index = 573, .adv_w = 167, .box_w = 9, .box_h = 15, .ofs_x = 1, .ofs_y = 0},
    {.bitmap_index = 593, .adv_w = 167, .box_w = 10, .box_h = 15, .ofs_x = 0, .ofs_y = 0},
    {.bitmap_index = 647, .adv_w = 167, .box_w = 10, .box_h = 15, .ofs_x = 0, .ofs_y = 0},
    {.bitmap_index = 706, .adv_w = 167, .box_w = 10, .box_h = 15, .ofs_x = 0, .ofs_y = 0},
    {.bitmap_index = 750, .adv_w = 167, .box_w = 10, .box_h = 15, .ofs_x = 0, .ofs_y = 0},
    {.bitmap_index = 806, .adv_w = 167, .box_w = 9, .box_h = 15, .ofs_x = 1, .ofs_y = 0},
    {.bitmap_index = 865, .adv_w = 167, .box_w = 10, .box_h = 15, .ofs_x = 0, .ofs_y = 0},
    {.bitmap_index = 911, .adv_w = 167, .box_w = 10, .box_h = 15, .ofs_x = 0, .ofs_y = 0},
    {.bitmap_index = 979, .adv_w = 167, .box_w = 10, .box_h = 15, .ofs_x = 0, .ofs_y = 0},
    {.bitmap_index = 1042, .adv_w = 74, .box_w = 3, .box_h = 11, .ofs_x = 1, .ofs_y = 0},
    {.bitmap_index = 1053, .adv_w = 74, .box_w = 3, .box_h = 15, .ofs_x = 1, .ofs_y = -4},
    {.bitmap_index = 1070, .adv_w = 167, .box_w = 10, .box_h = 9, .ofs_x = 0, .ofs_y = 3},
    {.bitmap_index = 1106, .adv_w = 167, .box_w = 10, .box_h = 5, .ofs_x = 0, .ofs_y = 5},
    {.bitmap_index = 1118, .adv_w = 167, .box_w = 10, .box_h = 9, .ofs_x = 0, .ofs_y = 3},
    {.bitmap_index = 1154, .adv_w = 139, .box_w = 8, .box_h = 15, .ofs_x = 0, .ofs_y = 0},
    {.bitmap_index = 1199, .adv_w = 283, .box_w = 16, .box_h = 18, .ofs_x = 1, .ofs_y = -3},
    {.bitmap_index = 1322, .adv_w = 184, .box_w = 12, .box_h = 15, .ofs_x = 0, .ofs_y = 0},
    {.bitmap_index = 1388, .adv_w = 202, .box_w = 10, .box_h = 15, .ofs_x = 2, .ofs_y = 0},
    {.bitmap_index = 1440, .adv_w = 198, .box_w = 11, .box_h = 15, .ofs_x = 1, .ofs_y = 0},
    {.bitmap_index = 1498, .adv_w = 212, .box_w = 10, .box_h = 15, .ofs_x = 2, .ofs_y = 0},
    {.bitmap_index = 1539, .adv_w = 180, .box_w = 9, .box_h = 15, .ofs_x = 2, .ofs_y = 0},
    {.bitmap_index = 1560, .adv_w = 166, .box_w = 8, .box_h = 15, .ofs_x = 2, .ofs_y = 0},
    {.bitmap_index = 1577, .adv_w = 212, .box_w = 11, .box_h = 15, .ofs_x = 1, .ofs_y = 0},
    {.bitmap_index = 1638, .adv_w = 223, .box_w = 10, .box_h = 15, .ofs_x = 2, .ofs_y = 0},
    {.bitmap_index = 1653, .adv_w = 82, .box_w = 1, .box_h = 15, .ofs_x = 2, .ofs_y = 0},
    {.bitmap_index = 1657, .adv_w = 161, .box_w = 8, .box_h = 15, .ofs_x = 0, .ofs_y = 0},
    {.bitmap_index = 1677, .adv_w = 194, .box_w = 10, .box_h = 15, .ofs_x = 2, .ofs_y = 0},
    {.bitmap_index = 1731, .adv_w = 163, .box_w = 8, .box_h = 15, .ofs_x = 2, .ofs_y = 0},
    {.bitmap_index = 1741, .adv_w = 246, .box_w = 12, .box_h = 15, .ofs_x = 2, .ofs_y = 0},
    {.bitmap_index = 1806, .adv_w = 223, .box_w = 10, .box_h = 15, .ofs_x = 2, .ofs_y = 0},
    {.bitmap_index = 1853, .adv_w = 228, .box_w = 13, .box_h = 15, .ofs_x = 1, .ofs_y = 0},
    {.bitmap_index = 1922, .adv_w = 191, .box_w = 9, .box_h = 15, .ofs_x = 2, .ofs_y = 0},
    {.bitmap_index = 1953, .adv_w = 228, .box_w = 13, .box_h = 18, .ofs_x = 1, .ofs_y = -3},
    {.bitmap_index = 2035, .adv_w = 188, .box_w = 10, .box_h = 15, .ofs_x = 2, .ofs_y = 0},
    {.bitmap_index = 2087, .adv_w = 182, .box_w = 10, .box_h = 15, .ofs_x = 1, .ofs_y = 0},
    {.bitmap_index = 2143, .adv_w = 183, .box_w = 11, .box_h = 15, .ofs_x = 0, .ofs_y = 0},
    {.bitmap_index = 2159, .adv_w = 222, .box_w = 10, .box_h = 15, .ofs_x = 2, .ofs_y = 0},
    {.bitmap_index = 2187, .adv_w = 170, .box_w = 11, .box_h = 15, .ofs_x = 0, .ofs_y = 0},
    {.bitmap_index = 2250, .adv_w = 269, .box_w = 17, .box_h = 15, .ofs_x = 0, .ofs_y = 0},
    {.bitmap_index = 2352, .adv_w = 166, .box_w = 10, .box_h = 15, .ofs_x = 0, .ofs_y = 0},
    {.bitmap_index = 2414, .adv_w = 154, .box_w = 10, .box_h = 15, .ofs_x = 0, .ofs_y = 0},
    {.bitmap_index = 2456, .adv_w = 189, .box_w = 10, .box_h = 15, .ofs_x = 1, .ofs_y = 0},
    {.bitmap_index = 2505, .adv_w = 96, .box_w = 4, .box_h = 20, .ofs_x = 2, .ofs_y = -4},
    {.bitmap_index = 2515, .adv_w = 127, .box_w = 8, .box_h = 20, .ofs_x = 0, .ofs_y = -4},
    {.bitmap_index = 2567, .adv_w = 96, .box_w = 4, .box_h = 20, .ofs_x = 0, .ofs_y = -4},
    {.bitmap_index = 2577, .adv_w = 167, .box_w = 8, .box_h = 9, .ofs_x = 1, .ofs_y = 7},
    {.bitmap_index = 2609, .adv_w = 176, .box_w = 11, .box_h = 1, .ofs_x = 0, .ofs_y = -3},
    {.bitmap_index = 2612, .adv_w = 188, .box_w = 5, .box_h = 5, .ofs_x = 3, .ofs_y = 12},
    {.bitmap_index = 2624, .adv_w = 172, .box_w = 8, .box_h = 11, .ofs_x = 1, .ofs_y = 0},
    {.bitmap_index = 2663, .adv_w = 190, .box_w = 9, .box_h = 17, .ofs_x = 2, .ofs_y = 0},
    {.bitmap_index = 2709, .adv_w = 157, .box_w = 9, .box_h = 11, .ofs_x = 1, .ofs_y = 0},
    {.bitmap_index = 2748, .adv_w = 190, .box_w = 9, .box_h = 17, .ofs_x = 1, .ofs_y = 0},
    {.bitmap_index = 2791, .adv_w = 169, .box_w = 9, .box_h = 11, .ofs_x = 1, .ofs_y = 0},
    {.bitmap_index = 2832, .adv_w = 89, .box_w = 7, .box_h = 17, .ofs_x = 0, .ofs_y = 0},
    {.bitmap_index = 2854, .adv_w = 170, .box_w = 10, .box_h = 16, .ofs_x = 1, .ofs_y = -5},
    {.bitmap_index = 2924, .adv_w = 184, .box_w = 8, .box_h = 16, .ofs_x = 2, .ofs_y = 0},
    {.bitmap_index = 2950, .adv_w = 78, .box_w = 3, .box_h = 15, .ofs_x = 1, .ofs_y = 0},
    {.bitmap_index = 2960, .adv_w = 78, .box_w = 5, .box_h = 20, .ofs_x = -1, .ofs_y = -5},
    {.bitmap_index = 2976, .adv_w = 160, .box_w = 8, .box_h = 16, .ofs_x = 2, .ofs_y = 0},
    {.bitmap_index = 3014, .adv_w = 81, .box_w = 2, .box_h = 17, .ofs_x = 2, .ofs_y = 0},
    {.bitmap_index = 3020, .adv_w = 284, .box_w = 14, .box_h = 11, .ofs_x = 2, .ofs_y = 0},
    {.bitmap_index = 3056, .adv_w = 186, .box_w = 8, .box_h = 11, .ofs_x = 2, .ofs_y = 0},
    {.bitmap_index = 3079, .adv_w = 188, .box_w = 10, .box_h = 11, .ofs_x = 1, .ofs_y = 0},
    {.bitmap_index = 3126, .adv_w = 190, .box_w = 9, .box_h = 16, .ofs_x = 2, .ofs_y = -5},
    {.bitmap_index = 3173, .adv_w = 190, .box_w = 9, .box_h = 16, .ofs_x = 1, .ofs_y = -5},
    {.bitmap_index = 3216, .adv_w = 108, .box_w = 5, .box_h = 11, .ofs_x = 2, .ofs_y = 0},
    {.bitmap_index = 3230, .adv_w = 141, .box_w = 9, .box_h = 11, .ofs_x = 0, .ofs_y = 0},
    {.bitmap_index = 3271, .adv_w = 107, .box_w = 7, .box_h = 14, .ofs_x = 0, .ofs_y = 0},
    {.bitmap_index = 3296, .adv_w = 185, .box_w = 9, .box_h = 11, .ofs_x = 1, .ofs_y = 0},
    {.bitmap_index = 3319, .adv_w = 149, .box_w = 10, .box_h = 11, .ofs_x = 0, .ofs_y = 0},
    {.bitmap_index = 3363, .adv_w = 237, .box_w = 15, .box_h = 11, .ofs_x = 0, .ofs_y = 0},
    {.bitmap_index = 3436, .adv_w = 139, .box_w = 9, .box_h = 11, .ofs_x = 0, .ofs_y = 0},
    {.bitmap_index = 3480, .adv_w = 150, .box_w = 10, .box_h = 16, .ofs_x = 0, .ofs_y = -5},
    {.bitmap_index = 3541, .adv_w = 140, .box_w = 9, .box_h = 11, .ofs_x = 0, .ofs_y = 0},
    {.bitmap_index = 3577, .adv_w = 96, .box_w = 6, .box_h = 20, .ofs_x = 0, .ofs_y = -4},
    {.bitmap_index = 3618, .adv_w = 78, .box_w = 1, .box_h = 23, .ofs_x = 2, .ofs_y = -6},
    {.bitmap_index = 3623, .adv_w = 96, .box_w = 6, .box_h = 20, .ofs_x = 0, .ofs_y = -4},
    {.bitmap_index = 3669, .adv_w = 167, .box_w = 10, .box_h = 3, .ofs_x = 0, .ofs_y = 6},
    {.bitmap_index = 3683, .adv_w = 108, .box_w = 6, .box_h = 6, .ofs_x = 0, .ofs_y = 10},
    {.bitmap_index = 3700, .adv_w = 320, .box_w = 4, .box_h = 4, .ofs_x = 8, .ofs_y = 6},
    {.bitmap_index = 3709, .adv_w = 167, .box_w = 11, .box_h = 15, .ofs_x = 0, .ofs_y = 0},
    {.bitmap_index = 3772, .adv_w = 320, .box_w = 19, .box_h = 1, .ofs_x = 1, .ofs_y = 7},
    {.bitmap_index = 3776, .adv_w = 320, .box_w = 18, .box_h = 15, .ofs_x = 1, .ofs_y = 0},
    {.bitmap_index = 3812, .adv_w = 320, .box_w = 16, .box_h = 18, .ofs_x = 2, .ofs_y = -1},
    {.bitmap_index = 3853, .adv_w = 320, .box_w = 18, .box_h = 13, .ofs_x = 1, .ofs_y = 1},
    {.bitmap_index = 3877, .adv_w = 320, .box_w = 18, .box_h = 16, .ofs_x = 1, .ofs_y = -1},
    {.bitmap_index = 3957, .adv_w = 320, .box_w = 18, .box_h = 19, .ofs_x = 1, .ofs_y = -2},
    {.bitmap_index = 4054, .adv_w = 320, .box_w = 20, .box_h = 19, .ofs_x = 0, .ofs_y = -2},
    {.bitmap_index = 4162, .adv_w = 320, .box_w = 19, .box_h = 18, .ofs_x = 1, .ofs_y = -1},
    {.bitmap_index = 4248, .adv_w = 320, .box_w = 19, .box_h = 19, .ofs_x = 0, .ofs_y = -2},
    {.bitmap_index = 4372, .adv_w = 320, .box_w = 19, .box_h = 19, .ofs_x = 0, .ofs_y = -2},
    {.bitmap_index = 4467, .adv_w = 320, .box_w = 16, .box_h = 17, .ofs_x = 2, .ofs_y = -1},
    {.bitmap_index = 4545, .adv_w = 320, .box_w = 19, .box_h = 18, .ofs_x = 0, .ofs_y = -1},
    {.bitmap_index = 4632, .adv_w = 320, .box_w = 19, .box_h = 19, .ofs_x = 1, .ofs_y = -2},
    {.bitmap_index = 4726, .adv_w = 320, .box_w = 19, .box_h = 19, .ofs_x = 1, .ofs_y = -2},
    {.bitmap_index = 4845, .adv_w = 320, .box_w = 19, .box_h = 19, .ofs_x = 1, .ofs_y = -2},
    {.bitmap_index = 4968, .adv_w = 320, .box_w = 16, .box_h = 18, .ofs_x = 2, .ofs_y = -1},
    {.bitmap_index = 5019, .adv_w = 320, .box_w = 18, .box_h = 19, .ofs_x = 0, .ofs_y = -2},
    {.bitmap_index = 5148, .adv_w = 320, .box_w = 19, .box_h = 19, .ofs_x = 0, .ofs_y = -2},
    {.bitmap_index = 5264, .adv_w = 320, .box_w = 18, .box_h = 19, .ofs_x = 1, .ofs_y = -2},
    {.bitmap_index = 5394, .adv_w = 320, .box_w = 19, .box_h = 19, .ofs_x = 0, .ofs_y = -2},
    {.bitmap_index = 5538, .adv_w = 320, .box_w = 17, .box_h = 17, .ofs_x = 1, .ofs_y = -1},
    {.bitmap_index = 5608, .adv_w = 320, .box_w = 16, .box_h = 16, .ofs_x = 2, .ofs_y = -1},
    {.bitmap_index = 5671, .adv_w = 320, .box_w = 19, .box_h = 18, .ofs_x = 0, .ofs_y = -1},
    {.bitmap_index = 5708, .adv_w = 320, .box_w = 19, .box_h = 19, .ofs_x = 0, .ofs_y = -2},
    {.bitmap_index = 5818, .adv_w = 320, .box_w = 19, .box_h = 19, .ofs_x = 1, .ofs_y = -2},
    {.bitmap_index = 5959, .adv_w = 320, .box_w = 19, .box_h = 19, .ofs_x = 0, .ofs_y = -2},
    {.bitmap_index = 6090, .adv_w = 320, .box_w = 19, .box_h = 17, .ofs_x = 0, .ofs_y = -1},
    {.bitmap_index = 6217, .adv_w = 320, .box_w = 20, .box_h = 19, .ofs_x = 0, .ofs_y = -2},
    {.bitmap_index = 6370, .adv_w = 320, .box_w = 19, .box_h = 19, .ofs_x = 1, .ofs_y = -2},
    {.bitmap_index = 6483, .adv_w = 320, .box_w = 18, .box_h = 19, .ofs_x = 1, .ofs_y = -2},
    {.bitmap_index = 6610, .adv_w = 320, .box_w = 20, .box_h = 19, .ofs_x = 0, .ofs_y = -2},
    {.bitmap_index = 6746, .adv_w = 320, .box_w = 18, .box_h = 19, .ofs_x = 1, .ofs_y = -2},
    {.bitmap_index = 6847, .adv_w = 320, .box_w = 19, .box_h = 17, .ofs_x = 1, .ofs_y = -2},
    {.bitmap_index = 6940, .adv_w = 320, .box_w = 19, .box_h = 19, .ofs_x = 1, .ofs_y = -2},
    {.bitmap_index = 7062, .adv_w = 320, .box_w = 20, .box_h = 19, .ofs_x = 0, .ofs_y = -2},
    {.bitmap_index = 7186, .adv_w = 320, .box_w = 18, .box_h = 18, .ofs_x = 1, .ofs_y = -1},
    {.bitmap_index = 7282, .adv_w = 320, .box_w = 20, .box_h = 18, .ofs_x = 0, .ofs_y = -2},
    {.bitmap_index = 7393, .adv_w = 320, .box_w = 19, .box_h = 15, .ofs_x = 0, .ofs_y = 0},
    {.bitmap_index = 7425, .adv_w = 320, .box_w = 18, .box_h = 17, .ofs_x = 1, .ofs_y = -1},
    {.bitmap_index = 7481, .adv_w = 320, .box_w = 16, .box_h = 18, .ofs_x = 2, .ofs_y = -1},
    {.bitmap_index = 7568, .adv_w = 320, .box_w = 19, .box_h = 18, .ofs_x = 1, .ofs_y = -1},
    {.bitmap_index = 7685, .adv_w = 320, .box_w = 19, .box_h = 19, .ofs_x = 0, .ofs_y = -2},
    {.bitmap_index = 7803, .adv_w = 320, .box_w = 18, .box_h = 19, .ofs_x = 1, .ofs_y = -2},
    {.bitmap_index = 7927, .adv_w = 320, .box_w = 20, .box_h = 19, .ofs_x = 0, .ofs_y = -2},
    {.bitmap_index = 8048, .adv_w = 320, .box_w = 20, .box_h = 19, .ofs_x = 0, .ofs_y = -2},
    {.bitmap_index = 8157, .adv_w = 320, .box_w = 20, .box_h = 19, .ofs_x = 0, .ofs_y = -2},
    {.bitmap_index = 8302, .adv_w = 320, .box_w = 19, .box_h = 19, .ofs_x = 1, .ofs_y = -2},
    {.bitmap_index = 8430, .adv_w = 320, .box_w = 14, .box_h = 16, .ofs_x = 3, .ofs_y = -1},
    {.bitmap_index = 8460, .adv_w = 320, .box_w = 18, .box_h = 18, .ofs_x = 1, .ofs_y = -1},
    {.bitmap_index = 8557, .adv_w = 320, .box_w = 19, .box_h = 19, .ofs_x = 1, .ofs_y = -2},
    {.bitmap_index = 8671, .adv_w = 320, .box_w = 19, .box_h = 19, .ofs_x = 1, .ofs_y = -2},
    {.bitmap_index = 8815, .adv_w = 320, .box_w = 19, .box_h = 18, .ofs_x = 1, .ofs_y = -2},
    {.bitmap_index = 8921, .adv_w = 320, .box_w = 16, .box_h = 18, .ofs_x = 0, .ofs_y = -2},
    {.bitmap_index = 8981, .adv_w = 320, .box_w = 18, .box_h = 19, .ofs_x = 1, .ofs_y = -2},
    {.bitmap_index = 9079, .adv_w = 320, .box_w = 19, .box_h = 19, .ofs_x = 0, .ofs_y = -2},
    {.bitmap_index = 9216, .adv_w = 320, .box_w = 19, .box_h = 18, .ofs_x = 0, .ofs_y = -1},
    {.bitmap_index = 9324, .adv_w = 320, .box_w = 19, .box_h = 19, .ofs_x = 0, .ofs_y = -2},
    {.bitmap_index = 9486, .adv_w = 320, .box_w = 19, .box_h = 18, .ofs_x = 1, .ofs_y = -1},
    {.bitmap_index = 9606, .adv_w = 320, .box_w = 19, .box_h = 19, .ofs_x = 1, .ofs_y = -2},
    {.bitmap_index = 9706, .adv_w = 320, .box_w = 19, .box_h = 19, .ofs_x = 0, .ofs_y = -2},
    {.bitmap_index = 9828, .adv_w = 320, .box_w = 20, .box_h = 19, .ofs_x = 0, .ofs_y = -2},
    {.bitmap_index = 9954, .adv_w = 320, .box_w = 19, .box_h = 19, .ofs_x = 1, .ofs_y = -2},
    {.bitmap_index = 10073, .adv_w = 320, .box_w = 19, .box_h = 19, .ofs_x = 0, .ofs_y = -2},
    {.bitmap_index = 10215, .adv_w = 320, .box_w = 19, .box_h = 19, .ofs_x = 1, .ofs_y = -2},
    {.bitmap_index = 10361, .adv_w = 320, .box_w = 19, .box_h = 19, .ofs_x = 0, .ofs_y = -2},
    {.bitmap_index = 10489, .adv_w = 320, .box_w = 19, .box_h = 19, .ofs_x = 0, .ofs_y = -2},
    {.bitmap_index = 10619, .adv_w = 320, .box_w = 19, .box_h = 19, .ofs_x = 1, .ofs_y = -2},
    {.bitmap_index = 10767, .adv_w = 320, .box_w = 18, .box_h = 19, .ofs_x = 1, .ofs_y = -2},
    {.bitmap_index = 10908, .adv_w = 320, .box_w = 18, .box_h = 18, .ofs_x = 1, .ofs_y = -1},
    {.bitmap_index = 11017, .adv_w = 320, .box_w = 20, .box_h = 18, .ofs_x = 0, .ofs_y = -2},
    {.bitmap_index = 11144, .adv_w = 320, .box_w = 18, .box_h = 18, .ofs_x = 0, .ofs_y = -2},
    {.bitmap_index = 11223, .adv_w = 320, .box_w = 18, .box_h = 18, .ofs_x = 1, .ofs_y = -2},
    {.bitmap_index = 11324, .adv_w = 320, .box_w = 20, .box_h = 18, .ofs_x = 0, .ofs_y = -1},
    {.bitmap_index = 11456, .adv_w = 320, .box_w = 17, .box_h = 18, .ofs_x = 2, .ofs_y = -1},
    {.bitmap_index = 11533, .adv_w = 320, .box_w = 18, .box_h = 18, .ofs_x = 1, .ofs_y = -1},
    {.bitmap_index = 11648, .adv_w = 320, .box_w = 18, .box_h = 18, .ofs_x = 1, .ofs_y = -1},
    {.bitmap_index = 11738, .adv_w = 320, .box_w = 19, .box_h = 18, .ofs_x = 0, .ofs_y = -1},
    {.bitmap_index = 11864, .adv_w = 320, .box_w = 20, .box_h = 18, .ofs_x = 0, .ofs_y = -1},
    {.bitmap_index = 12015, .adv_w = 320, .box_w = 20, .box_h = 19, .ofs_x = 0, .ofs_y = -2},
    {.bitmap_index = 12141, .adv_w = 320, .box_w = 18, .box_h = 17, .ofs_x = 1, .ofs_y = -1},
    {.bitmap_index = 12268, .adv_w = 320, .box_w = 19, .box_h = 19, .ofs_x = 0, .ofs_y = -2},
    {.bitmap_index = 12419, .adv_w = 320, .box_w = 14, .box_h = 18, .ofs_x = 3, .ofs_y = -1},
    {.bitmap_index = 12472, .adv_w = 320, .box_w = 16, .box_h = 19, .ofs_x = 3, .ofs_y = -2},
    {.bitmap_index = 12562, .adv_w = 320, .box_w = 19, .box_h = 18, .ofs_x = 1, .ofs_y = -1},
    {.bitmap_index = 12648, .adv_w = 320, .box_w = 18, .box_h = 19, .ofs_x = 1, .ofs_y = -2},
    {.bitmap_index = 12780, .adv_w = 320, .box_w = 20, .box_h = 18, .ofs_x = 0, .ofs_y = -1},
    {.bitmap_index = 12917, .adv_w = 320, .box_w = 19, .box_h = 19, .ofs_x = 1, .ofs_y = -2},
    {.bitmap_index = 13045, .adv_w = 320, .box_w = 20, .box_h = 19, .ofs_x = 0, .ofs_y = -2},
    {.bitmap_index = 13188, .adv_w = 320, .box_w = 20, .box_h = 19, .ofs_x = 0, .ofs_y = -2},
    {.bitmap_index = 13336, .adv_w = 320, .box_w = 20, .box_h = 19, .ofs_x = 0, .ofs_y = -2},
    {.bitmap_index = 13490, .adv_w = 320, .box_w = 20, .box_h = 19, .ofs_x = 0, .ofs_y = -2},
    {.bitmap_index = 13628, .adv_w = 320, .box_w = 20, .box_h = 19, .ofs_x = 0, .ofs_y = -2},
    {.bitmap_index = 13763, .adv_w = 320, .box_w = 18, .box_h = 18, .ofs_x = 1, .ofs_y = -2},
    {.bitmap_index = 13863, .adv_w = 320, .box_w = 18, .box_h = 18, .ofs_x = 1, .ofs_y = -2},
    {.bitmap_index = 13976, .adv_w = 320, .box_w = 18, .box_h = 18, .ofs_x = 1, .ofs_y = -2},
    {.bitmap_index = 14101, .adv_w = 320, .box_w = 18, .box_h = 18, .ofs_x = 2, .ofs_y = -1},
    {.bitmap_index = 14218, .adv_w = 320, .box_w = 18, .box_h = 19, .ofs_x = 2, .ofs_y = -2},
    {.bitmap_index = 14323, .adv_w = 320, .box_w = 18, .box_h = 19, .ofs_x = 2, .ofs_y = -2},
    {.bitmap_index = 14450, .adv_w = 320, .box_w = 18, .box_h = 19, .ofs_x = 2, .ofs_y = -2},
    {.bitmap_index = 14580, .adv_w = 320, .box_w = 19, .box_h = 18, .ofs_x = 1, .ofs_y = -1},
    {.bitmap_index = 14719, .adv_w = 320, .box_w = 19, .box_h = 18, .ofs_x = 0, .ofs_y = -2},
    {.bitmap_index = 14822, .adv_w = 320, .box_w = 17, .box_h = 18, .ofs_x = 2, .ofs_y = -1},
    {.bitmap_index = 14926, .adv_w = 320, .box_w = 18, .box_h = 19, .ofs_x = 1, .ofs_y = -2},
    {.bitmap_index = 15057, .adv_w = 320, .box_w = 17, .box_h = 17, .ofs_x = 2, .ofs_y = -1},
    {.bitmap_index = 15157, .adv_w = 320, .box_w = 18, .box_h = 17, .ofs_x = 1, .ofs_y = -1},
    {.bitmap_index = 15271, .adv_w = 320, .box_w = 18, .box_h = 17, .ofs_x = 2, .ofs_y = -1},
    {.bitmap_index = 15383, .adv_w = 320, .box_w = 18, .box_h = 18, .ofs_x = 1, .ofs_y = -2},
    {.bitmap_index = 15489, .adv_w = 320, .box_w = 18, .box_h = 18, .ofs_x = 1, .ofs_y = -2},
    {.bitmap_index = 15638, .adv_w = 320, .box_w = 20, .box_h = 18, .ofs_x = 0, .ofs_y = -2},
    {.bitmap_index = 15762, .adv_w = 320, .box_w = 20, .box_h = 18, .ofs_x = 0, .ofs_y = -2},
    {.bitmap_index = 15862, .adv_w = 320, .box_w = 18, .box_h = 18, .ofs_x = 1, .ofs_y = -1},
    {.bitmap_index = 15943, .adv_w = 320, .box_w = 19, .box_h = 18, .ofs_x = 1, .ofs_y = -1}
};

/*---------------------
 *  CHARACTER MAPPING
 *--------------------*/

static const uint16_t unicode_list_1[] = {
    0x0, 0x7, 0x1ffc, 0x4d50, 0x4d59, 0x4d7d, 0x4ddc, 0x4de4,
    0x4dfe, 0x4e1a, 0x4eac, 0x4f9f, 0x4fac, 0x50b7, 0x50b8, 0x50bd,
    0x5100, 0x5107, 0x514a, 0x51d7, 0x51ef, 0x5222, 0x5225, 0x52c3,
    0x562b, 0x566f, 0x5697, 0x5781, 0x57d3, 0x5823, 0x5834, 0x5866,
    0x586a, 0x586c, 0x5877, 0x5879, 0x588e, 0x58cd, 0x5af4, 0x5b9b,
    0x5d35, 0x5d42, 0x5d88, 0x5da5, 0x5df6, 0x5e87, 0x62e2, 0x62eb,
    0x648e, 0x6500, 0x6535, 0x6592, 0x65c4, 0x65e6, 0x6644, 0x6658,
    0x6659, 0x6771, 0x685d, 0x69af, 0x6b73, 0x6b84, 0x6c25, 0x6d55,
    0x6dfb, 0x6ed6, 0x6f25, 0x7018, 0x7071, 0x7118, 0x71b9, 0x72d7,
    0x7400, 0x7478, 0x74c0, 0x780a, 0x79ca, 0x79e7, 0x7a1b, 0x7b01,
    0x7d2a, 0x7e8a, 0x7ed5, 0x80b6, 0x813a, 0x81bf, 0x81c2, 0x86f2,
    0x89dd, 0x8a1b, 0x8ad0, 0x8f51, 0x8f60, 0x8f81, 0x8f9e, 0x94db,
    0x9501, 0x952c, 0x959d, 0x95b3, 0x95b4, 0x95c0, 0x9632, 0x9638,
    0x963a, 0x9642, 0x9647, 0x9649, 0x964b, 0x9650, 0x9677, 0x9760,
    0x97f8, 0x9a28, 0x9a56
};

/*Collect the unicode lists and glyph_id offsets*/
static const lv_font_fmt_txt_cmap_t cmaps[] =
{
    {
        .range_start = 32, .range_length = 95, .glyph_id_start = 1,
        .unicode_list = NULL, .glyph_id_ofs_list = NULL, .list_length = 0, .type = LV_FONT_FMT_TXT_CMAP_FORMAT0_TINY
    },
    {
        .range_start = 176, .range_length = 39511, .glyph_id_start = 96,
        .unicode_list = unicode_list_1, .glyph_id_ofs_list = NULL, .list_length = 115, .type = LV_FONT_FMT_TXT_CMAP_SPARSE_TINY
    }
};

/*-----------------
 *    KERNING
 *----------------*/


/*Map glyph_ids to kern left classes*/
static const uint8_t kern_left_class_mapping[] =
{
    0, 0, 0, 1, 0, 0, 0, 0,
    1, 2, 0, 0, 0, 3, 4, 3,
    5, 0, 0, 0, 0, 0, 0, 0,
    0, 0, 0, 6, 6, 0, 0, 0,
    0, 0, 7, 8, 9, 10, 11, 12,
    13, 0, 0, 14, 15, 16, 0, 0,
    10, 17, 10, 18, 19, 20, 21, 22,
    23, 24, 25, 26, 2, 27, 0, 0,
    0, 0, 28, 29, 30, 0, 31, 32,
    33, 34, 0, 0, 35, 36, 34, 34,
    29, 29, 37, 38, 39, 40, 37, 41,
    42, 43, 44, 45, 2, 0, 0, 0,
    0, 0, 0, 0, 0, 0, 0, 0,
    0, 0, 0, 0, 0, 0, 0, 0,
    0, 0, 0, 0, 0, 0, 0, 0,
    0, 0, 0, 0, 0, 0, 0, 0,
    0, 0, 0, 0, 0, 0, 0, 0,
    0, 0, 0, 0, 0, 0, 0, 0,
    0, 0, 0, 0, 0, 0, 0, 0,
    0, 0, 0, 0, 0, 0, 0, 0,
    0, 0, 0, 0, 0, 0, 0, 0,
    0, 0, 0, 0, 0, 0, 0, 0,
    0, 0, 0, 0, 0, 0, 0, 0,
    0, 0, 0, 0, 0, 0, 0, 0,
    0, 0, 0, 0, 0, 0, 0, 0,
    0, 0, 0, 0, 0, 0, 0, 0,
    0, 0, 0
};

/*Map glyph_ids to kern right classes*/
static const uint8_t kern_right_class_mapping[] =
{
    0, 0, 1, 2, 0, 0, 0, 0,
    2, 0, 3, 4, 0, 5, 6, 5,
    7, 0, 0, 0, 0, 0, 0, 0,
    0, 0, 0, 8, 8, 0, 0, 0,
    9, 0, 10, 0, 11, 0, 0, 0,
    11, 0, 0, 12, 0, 0, 0, 0,
    11, 0, 11, 0, 13, 14, 15, 16,
    17, 18, 19, 20, 0, 21, 3, 0,
    0, 0, 22, 0, 23, 23, 23, 24,
    25, 0, 26, 27, 0, 0, 28, 28,
    23, 28, 23, 28, 29, 30, 31, 32,
    33, 34, 35, 36, 0, 0, 3, 0,
    0, 0, 0, 0, 0, 0, 0, 0,
    0, 0, 0, 0, 0, 0, 0, 0,
    0, 0, 0, 0, 0, 0, 0, 0,
    0, 0, 0, 0, 0, 0, 0, 0,
    0, 0, 0, 0, 0, 0, 0, 0,
    0, 0, 0, 0, 0, 0, 0, 0,
    0, 0, 0, 0, 0, 0, 0, 0,
    0, 0, 0, 0, 0, 0, 0, 0,
    0, 0, 0, 0, 0, 0, 0, 0,
    0, 0, 0, 0, 0, 0, 0, 0,
    0, 0, 0, 0, 0, 0, 0, 0,
    0, 0, 0, 0, 0, 0, 0, 0,
    0, 0, 0, 0, 0, 0, 0, 0,
    0, 0, 0, 0, 0, 0, 0, 0,
    0, 0, 0
};

/*Kern values between classes*/
static const int8_t kern_class_values[] =
{
    0, 0, 0, 0, -36, 0, 0, 0,
    0, -14, 0, -28, -4, 0, 0, 0,
    0, -4, 0, 0, 0, 0, -14, 0,
    0, 0, 0, 0, -7, 0, 0, 0,
    0, 0, 0, 0, 0, 0, 0, 0,
    0, 0, 0, 0, 0, 0, 0, -7,
    0, 0, 0, 0, 0, 0, 0, 0,
    0, 0, 0, 0, 0, 0, 28, 0,
    0, 0, 0, 0, 0, 0, 0, 0,
    0, -25, 0, -40, 0, 0, 0, 0,
    0, 0, 0, 0, 0, -35, -5, -20,
    -11, 0, -27, 0, 0, 0, -4, 0,
    0, 0, 6, 0, 0, -12, 0, -5,
    -4, 0, -7, 0, 0, 0, 0, 0,
    0, 0, 0, 0, 0, 0, 0, -7,
    -4, -14, 0, -6, -4, -7, -20, -7,
    0, 0, 0, 0, 0, 0, 0, 0,
    0, -11, 0, 0, 0, -4, 0, 0,
    0, 0, 0, 0, 0, 0, 0, 0,
    0, -14, -4, -28, 0, 0, 0, 0,
    0, 0, 0, 0, 0, -7, -15, 0,
    -4, 14, 14, 0, 0, 7, -7, 0,
    0, 0, 0, 0, 0, 0, 0, -23,
    0, 0, 0, 0, 0, 0, 0, 0,
    0, 0, 0, 0, 0, 0, -6, 0,
    0, 0, 0, 0, 0, 0, 1, 0,
    0, 0, 0, 0, 0, 0, 0, 0,
    0, -14, 0, -36, 0, 0, 0, 0,
    -6, -4, -4, 0, 0, -14, -6, -4,
    0, 4, -4, -4, -14, 11, 0, -4,
    0, 0, 0, 0, 11, -4, -4, 0,
    0, 0, 0, 0, 0, 0, 0, -11,
    0, 0, 0, 0, 0, 0, 0, -5,
    -4, -7, 0, 0, 0, 0, -4, 0,
    0, 0, 0, 0, 0, 0, 0, 0,
    0, -4, 0, -4, -4, -4, -4, 0,
    0, 0, 0, 0, 0, -6, 0, 0,
    0, 0, -8, -4, -7, -8, -4, 0,
    0, 0, 0, -4, 0, 0, 0, 0,
    -7, 0, 0, 0, 0, -7, -4, -4,
    -4, 0, -4, 0, 0, 0, 0, -15,
    0, 0, -8, 0, 0, -4, 0, -10,
    0, -7, 0, -4, -4, -4, -7, -7,
    0, 0, 0, 0, 0, 0, 0, 0,
    0, 0, 0, 0, 0, -4, 0, 0,
    0, 0, 0, 0, 0, 0, 0, 0,
    0, 0, 0, 0, 0, 0, 0, 0,
    0, 0, 0, 0, 0, 0, -4, 0,
    0, 0, 0, 0, 0, -7, 0, -4,
    0, -7, -4, 0, 0, 0, 0, 0,
    -20, 0, -30, 0, 0, -13, -4, -50,
    -5, 0, 0, 4, 4, -7, 4, -11,
    0, -11, -4, 0, -7, 0, 0, -7,
    -5, -4, -5, -3, -3, -6, -3, -4,
    0, 0, 0, -11, 0, 0, 0, 0,
    0, 0, 0, 0, 0, -7, 0, -4,
    0, 0, 0, 0, 0, 0, 0, 0,
    0, 0, 0, 0, 0, 0, 0, 0,
    0, 0, 0, 0, 0, 0, 0, 0,
    -7, 0, 0, 0, 0, 0, 0, -14,
    0, 0, 0, 0, 0, 0, 0, 0,
    0, 0, 0, 0, 0, 0, 0, 0,
    0, 0, 0, 0, 0, 0, 0, 0,
    0, -4, 0, -14, 0, -4, 0, 0,
    0, -4, -5, 0, 0, -4, -4, -3,
    -4, 0, -3, 0, 0, 0, 0, 0,
    0, 0, -4, 0, 0, -7, -6, -3,
    -3, -3, -3, -4, 0, -18, 0, -48,
    0, -22, 0, 0, -6, 4, -6, 0,
    -6, -42, -8, -26, -19, 0, -24, 0,
    -28, 0, -4, -4, 0, 0, 0, 0,
    0, -5, -4, -8, -11, 0, -8, 0,
    0, 0, 0, 0, -34, -14, -34, 0,
    0, -18, 0, -53, -4, -11, 0, 0,
    0, -7, -4, -35, 0, -18, -9, 0,
    -14, 0, 0, 0, -4, 0, 0, 0,
    0, -4, 0, -7, 0, 0, 0, -4,
    0, -11, 0, 0, 0, 0, 0, -8,
    -5, -4, 0, 7, 4, 0, 3, -4,
    0, 0, -4, 0, 0, 0, 0, 0,
    0, 0, 0, 0, 0, 0, 0, 0,
    0, 0, 0, -7, 0, 4, 0, 0,
    0, 0, 0, -4, -4, -7, 0, 0,
    0, 0, -4, 0, 0, 0, 0, 0,
    0, 0, 0, 0, 0, -7, 0, 0,
    0, 0, 0, 4, 0, 0, 0, 0,
    -35, -28, -37, -7, 0, -14, -7, -46,
    -18, 0, 0, 0, 0, -7, -4, -22,
    0, -28, -20, -8, -28, 0, 0, -18,
    -20, -8, -18, -14, -15, -18, -14, -29,
    0, 0, 0, 0, -3, 0, -15, 0,
    0, -7, 0, -14, -4, 0, 0, 0,
    0, -4, -4, 0, 0, 0, 0, 0,
    -4, 0, 0, 0, 0, 0, 0, 0,
    0, 0, 0, 0, 0, 0, 0, 0,
    -20, -6, -21, 0, 0, -4, -4, -28,
    -4, 0, -4, 4, 0, 0, 0, -6,
    0, -4, -4, 0, -8, 0, 0, -7,
    -3, 0, -11, -3, -3, -4, -3, -10,
    0, 0, 0, 0, -11, -4, -16, 0,
    0, 0, -4, -28, -4, 0, 0, 0,
    0, 0, 0, -4, 0, -7, 0, 0,
    -7, 0, 0, 0, 0, 0, 0, 0,
    0, 0, 0, -4, 0, -4, 0, -4,
    0, -7, 0, 0, 0, 4, -4, 3,
    -4, -7, -4, 0, 0, 0, 0, 0,
    0, -4, 0, -3, 0, 0, 0, 0,
    0, -3, -4, -3, -4, -4, -3, -4,
    0, 0, 0, 0, -26, -20, -28, -6,
    0, -4, -4, -35, -5, -4, -4, 0,
    0, 0, 0, -11, 0, -21, -11, 0,
    -21, 0, 0, -14, -11, -4, -11, -4,
    -7, -11, -4, -14, 0, 0, 0, 0,
    0, -15, 0, 0, 0, -4, -7, -14,
    -11, 0, -4, -4, -4, 0, -4, -7,
    0, -7, -10, -7, -6, 0, 0, 0,
    0, -4, -11, -7, -7, -7, -7, 0,
    0, 0, 0, 0, 0, 0, 0, 0,
    0, 0, 0, 0, 0, -35, -14, -21,
    -14, 0, -28, 0, 0, 0, 0, 0,
    14, 0, 28, 0, 0, 0, 0, -7,
    -4, 0, 7, 0, 0, 0, 0, -22,
    0, 0, 0, 0, 1, 0, 0, 0,
    0, -7, 0, -3, 0, 0, -7, 0,
    0, 0, 0, 0, 0, 0, 0, 0,
    0, -4, 0, 0, 0, 0, 0, 0,
    0, -14, 0, -14, -4, 4, 0, 0,
    1, 0, 0, 0, 0, -20, 0, -6,
    0, 0, -13, 0, -6, -6, 0, 0,
    0, 0, 0, 0, 0, -4, 0, 0,
    0, -4, 0, 0, 0, 0, 0, 0,
    0, -3, 0, 0, 0, 0, 0, 0,
    0, -7, 0, -4, 0, 0, -7, 0,
    0, -4, -6, 0, -4, 0, 0, 0,
    0, -4, 0, 4, 4, 6, 4, 0,
    0, 0, 0, -15, 0, 4, 0, 0,
    0, 0, 0, -7, -7, -7, 0, -3,
    -4, 0, -6, 0, -3, -6, 0, 0,
    -4, 0, 0, 0, 0, -4, 0, 5,
    5, 0, 5, 2, 8, 14, 21, 0,
    -14, -4, -8, 0, 11, 0, 0, 0,
    0, 18, 0, 25, 18, 14, 25, 0,
    30, -7, -4, 0, -6, 0, -4, 0,
    0, 0, 0, 7, 0, 0, 0, -4,
    0, 0, 8, -14, 0, 0, 22, 0,
    -10, 0, 0, 0, 0, -6, 0, 0,
    0, 0, -4, 0, 0, -5, -4, 0,
    0, 0, 11, 0, 0, 0, 0, 0,
    0, 0, 8, -4, 0, 0, 0, -15,
    0, 0, 0, 0, 0, 0, 0, 0,
    0, -7, 0, -4, 0, 0, -3, 0,
    0, 0, 0, 0, 0, 0, 0, 0,
    0, 0, 0, 0, 0, 0, 0, 0,
    0, 0, 0, -8, 7, -5, 0, 7,
    1, 0, 0, 0, 0, -7, 0, 0,
    0, 0, -2, 0, 0, -4, -4, 0,
    -4, 0, -4, 0, 0, -4, -4, 0,
    0, 0, 0, 0, 0, 0, 0, 0,
    0, 0, 0, 0, 0, 0, 0, 0,
    0, 0, 0, 0, 0, 0, 0, 0,
    0, 0, 0, 0, 0, 0, 2, 0,
    0, 0, 0, 0, 0, 0, 0, 0,
    0, 0, 0, -11, 0, 0, 0, 0,
    0, 0, 0, 0, 0, -7, 0, -4,
    0, 0, -11, 0, 0, 0, 0, 0,
    0, 0, 0, 0, 0, 0, 0, 0,
    0, 0, 0, 0, 0, 0, 0, 0,
    -12, -7, -15, 14, 0, -4, 0, -14,
    0, 0, 0, 0, 0, 0, 0, -4,
    7, -7, -4, 0, -4, 0, 0, 0,
    0, 0, 0, 14, 11, 0, 14, 0,
    0, 0, 0, -23, 0, 4, 0, 0,
    0, 0, 0, 0, 0, -7, 0, -4,
    0, 0, -7, 0, 0, 0, 0, 0,
    0, 0, 0, 0, 0, -7, 0, 0,
    0, 0, 0, 0, 0, 0, 0, 0,
    7, -6, 7, 8, -6, 0, 0, 0,
    0, -4, 0, 0, 0, 0, 0, 0,
    0, -8, -4, 0, -4, 0, 0, 0,
    -4, -7, 0, 0, 0, -7, 0, 0,
    0, 0, 0, -4, -5, 0, -7, 0,
    0, -4, 0, -14, 0, -7, 0, -3,
    0, 0, -4, -4, 0, -7, 0, 0,
    0, 0, -4, 0, 0, 0, 0, 0,
    0, 0, 0, -7, 0, 0, 0, -4,
    -3, 0, -4, 0, 0, 0, 0, -11,
    0, -7, 0, -3, 0, -4, -7, 0,
    0, -4, 0, 0, 0, 0, -4, 0,
    0, 0, 0, 0, 0, 0, 0, -4,
    -4, 0, 0, -8, 0, -4, 0, 0,
    0, 0, -4, 0, 0, -14, 0, -4,
    0, -4, -11, 0, 0, -4, -4, 0,
    0, 0, 0, 0, 0, -7, 0, 0,
    0, 0, 3, 0, 0, 0, 0, 0,
    -5, 0, -8, 0, 0, 0, 0, -14,
    0, -7, 0, 0, 0, 0, 0, 0,
    0, -7, 0, 0, 0, 0, -4, 0,
    0, 0, 0, 0, 0, -4, 0, -7,
    0, 0, 0, 0, 0, -3, 0, 0,
    0, 0, 0, 0, 0, -11, 0, 0,
    0, 0, -14, 0, 0, -11, -4, 0,
    -4, 0, 0, 0, 0, 0, -4, 0,
    0, 0, 0, 0
};


/*Collect the kern class' data in one place*/
static const lv_font_fmt_txt_kern_classes_t kern_classes =
{
    .class_pair_values   = kern_class_values,
    .left_class_mapping  = kern_left_class_mapping,
    .right_class_mapping = kern_right_class_mapping,
    .left_class_cnt      = 45,
    .right_class_cnt     = 36,
};

/*--------------------
 *  ALL CUSTOM DATA
 *--------------------*/

#if LVGL_VERSION_MAJOR == 8
/*Store all the custom data of the font*/
static  lv_font_fmt_txt_glyph_cache_t cache;
#endif

#if LVGL_VERSION_MAJOR >= 8
static const lv_font_fmt_txt_dsc_t font_dsc = {
#else
static lv_font_fmt_txt_dsc_t font_dsc = {
#endif
    .glyph_bitmap = glyph_bitmap,
    .glyph_dsc = glyph_dsc,
    .cmaps = cmaps,
    .kern_dsc = &kern_classes,
    .kern_scale = 16,
    .cmap_num = 2,
    .bpp = 4,
    .kern_classes = 1,
    .bitmap_format = 1,
#if LVGL_VERSION_MAJOR == 8
    .cache = &cache
#endif
};



/*-----------------
 *  PUBLIC FONT
 *----------------*/

/*Initialize a public general font descriptor*/
#if LVGL_VERSION_MAJOR >= 8
const lv_font_t font_noto_20 = {
#else
lv_font_t font_noto_20 = {
#endif
    .get_glyph_dsc = lv_font_get_glyph_dsc_fmt_txt,    /*Function pointer to get glyph's data*/
    .get_glyph_bitmap = lv_font_get_bitmap_fmt_txt,    /*Function pointer to get glyph's bitmap*/
    .line_height = 23,          /*The maximum line height required by the font*/
    .base_line = 6,             /*Baseline measured from the bottom of the line*/
#if !(LVGL_VERSION_MAJOR == 6 && LVGL_VERSION_MINOR == 0)
    .subpx = LV_FONT_SUBPX_NONE,
#endif
#if LV_VERSION_CHECK(7, 4, 0) || LVGL_VERSION_MAJOR >= 8
    .underline_position = -2,
    .underline_thickness = 1,
#endif
    .dsc = &font_dsc,          /*The custom font data. Will be accessed by `get_glyph_bitmap/dsc` */
#if LV_VERSION_CHECK(8, 2, 0) || LVGL_VERSION_MAJOR >= 9
    .fallback = NULL,
#endif
    .user_data = NULL,
};



#endif /*#if FONT_NOTO_20*/

