/*******************************************************************************
 * Size: 16 px
 * Bpp: 4
 * Opts: --font C:\Users\Ruanyouyi\Documents\PlatformIO\Projects\NLDeskCYD\.pio\NotoSansTC-Bold.ttf --size 16 --bpp 4 --format lvgl --range 0x20-0x7E --symbols °·€一三中二五亮今作偏停內全六冰冷出劇功勒動即四土均報境壓壤外多夜大天夾好室屋工已常幕度強排掛放新日時晴暖更月有校植機氣水法清溫澆濕烈無燈物率環用異確空窗立箱線缺羅腦自良色螢認請讀送逐週過開閱關降陣除陰離雨雪雲雷雹電需霧預風高鬆 --lv-include lvgl.h -o C:\Users\Ruanyouyi\Documents\PlatformIO\Projects\NLDeskCYD\src\font_noto_16_bold.c
 ******************************************************************************/

#ifdef LV_LVGL_H_INCLUDE_SIMPLE
#include "lvgl.h"
#else
#include "lvgl.h"
#endif

#ifndef FONT_NOTO_16_BOLD
#define FONT_NOTO_16_BOLD 1
#endif

#if FONT_NOTO_16_BOLD

/*-----------------
 *    BITMAPS
 *----------------*/

/*Store the image of the glyphs*/
static LV_ATTRIBUTE_LARGE_CONST const uint8_t glyph_bitmap[] = {
    /* U+0020 " " */

    /* U+0021 "!" */
    0x3f, 0xf1, 0x8, 0x0, 0xcc, 0x0, 0x10, 0xc,
    0x20, 0x20, 0x11, 0x80, 0x4, 0x2, 0x36, 0x0,
    0x6d, 0x81, 0x77, 0x5, 0x44, 0x4e, 0xa2, 0x4e,

    /* U+0022 "\"" */
    0x9f, 0xc0, 0x9f, 0xc1, 0x7, 0x1, 0x7, 0xf0,
    0x10, 0xf0, 0x12, 0x2, 0x2, 0x2, 0x60, 0xe0,
    0x60, 0xe3, 0x74, 0x3, 0x74,

    /* U+0023 "#" */
    0x0, 0xbd, 0x42, 0x70, 0x2, 0x20, 0x60, 0x56,
    0x0, 0x98, 0x8, 0x8, 0x80, 0xf, 0xb0, 0xef,
    0x17, 0xe0, 0x73, 0x17, 0x60, 0x69, 0x8, 0x65,
    0x8d, 0xb, 0x70, 0x3, 0x10, 0x8, 0x10, 0x37,
    0x9b, 0x7d, 0x7, 0xc2, 0xb8, 0x2b, 0x90, 0xbe,
    0x1d, 0x7, 0x43, 0x2c, 0x20, 0x8, 0x30, 0x31,
    0x0, 0x4c, 0x4, 0x5, 0xc0, 0x0,

    /* U+0024 "$" */
    0x0, 0xd0, 0x80, 0x1e, 0x17, 0xc0, 0xe, 0x4c,
    0x7, 0xb2, 0x0, 0x25, 0x90, 0x82, 0x60, 0x3,
    0x81, 0x7b, 0xe6, 0x80, 0xc, 0x4, 0x0, 0x64,
    0x0, 0x20, 0x3b, 0x80, 0x3a, 0x10, 0x23, 0x98,
    0x3, 0x5c, 0x88, 0xa6, 0x40, 0x19, 0xb9, 0x81,
    0x8c, 0x3, 0xa4, 0x0, 0xc1, 0x10, 0x0, 0x10,
    0x1, 0x85, 0xdd, 0xfd, 0xa0, 0x86, 0x3a, 0xc2,
    0x33, 0x58, 0x0, 0xa7, 0xc1, 0xa4, 0x3, 0x85,
    0xf0, 0x2,

    /* U+0025 "%" */
    0x4, 0xdf, 0xc2, 0x0, 0x87, 0xd4, 0x2, 0x1b,
    0x1a, 0x2f, 0x0, 0xa0, 0xd4, 0x2, 0x70, 0x85,
    0x92, 0x20, 0x13, 0x40, 0x6, 0x10, 0x60, 0x10,
    0x60, 0x84, 0x40, 0x6, 0x10, 0x10, 0x10, 0x73,
    0x58, 0x0, 0xe4, 0x9, 0x1b, 0x13, 0x85, 0x39,
    0xff, 0x48, 0x14, 0xaf, 0x1d, 0x22, 0x21, 0xdb,
    0x35, 0x9c, 0x1b, 0xb3, 0xd2, 0x18, 0xac, 0x8c,
    0x89, 0x60, 0x1, 0x30, 0x53, 0x80, 0x11, 0x0,
    0x4, 0x80, 0x3a, 0x1c, 0x40, 0x48, 0x0, 0x44,
    0x0, 0xcc, 0x72, 0x0, 0xa1, 0x88, 0xd, 0x0,
    0x68, 0x91, 0x0, 0x33, 0xb3, 0xb9, 0x80,

    /* U+0026 "&" */
    0x0, 0xa7, 0xfd, 0x42, 0x1, 0xea, 0x64, 0x55,
    0x40, 0x7, 0x94, 0x2e, 0x81, 0x40, 0x3f, 0x98,
    0x14, 0x3, 0xc8, 0x19, 0x25, 0x0, 0x1e, 0x20,
    0x34, 0xc1, 0x9, 0xb3, 0x9, 0x60, 0x3, 0x88,
    0x13, 0x21, 0xa3, 0x6, 0x19, 0xb0, 0x60, 0x1c,
    0xc, 0xc, 0xda, 0x47, 0xca, 0x30, 0x2, 0x6,
    0x43, 0x82, 0x0, 0x23, 0x6, 0x10, 0xdc, 0xf1,
    0x0, 0x1e, 0x28, 0x7a, 0x89, 0x83, 0x6f, 0x39,
    0x20,

    /* U+0027 "'" */
    0x9f, 0xc1, 0x7, 0xf0, 0x12, 0x2, 0x60, 0xe3,
    0x74,

    /* U+0028 "(" */
    0x0, 0xfa, 0x6c, 0x0, 0x2c, 0x1, 0x48, 0x78,
    0x1, 0x85, 0x0, 0xc5, 0x0, 0xa, 0x1a, 0x0,
    0xe0, 0x20, 0x1, 0x0, 0x80, 0x7c, 0x60, 0x20,
    0xe, 0x2, 0x0, 0x20, 0x68, 0x0, 0xc5, 0x0,
    0x27, 0x13, 0x0, 0x58, 0x48, 0x0, 0x95, 0xc0,
    0x2a, 0xd0,

    /* U+0029 ")" */
    0x0, 0xf5, 0xc8, 0x4, 0x2c, 0x40, 0x9, 0xb,
    0x0, 0x18, 0xb0, 0x4, 0x80, 0x80, 0xc, 0x3,
    0x0, 0x10, 0x70, 0x1, 0xc0, 0xc0, 0x3e, 0x70,
    0x30, 0x1, 0x7, 0x0, 0x3c, 0xc, 0x0, 0x80,
    0x80, 0x64, 0xa0, 0xa, 0x9, 0x0, 0x22, 0x98,
    0x3, 0x68, 0x0,

    /* U+002A "*" */
    0x0, 0xaa, 0xc0, 0x32, 0x8, 0x98, 0x50, 0x6,
    0xf9, 0xb, 0xac, 0x87, 0x94, 0x0, 0x9a, 0x40,
    0x2e, 0x22, 0x52, 0x0, 0x11, 0xee, 0x1, 0x80,
    0xb, 0x8c, 0xb8, 0xc0,

    /* U+002B "+" */
    0x0, 0xca, 0x40, 0x1e, 0x2a, 0xb0, 0xf, 0xfe,
    0x4b, 0x7f, 0xb4, 0x1b, 0xfd, 0xaa, 0xb2, 0x1,
    0x2a, 0xc7, 0x54, 0x90, 0x4a, 0xa4, 0x0, 0x7f,
    0xf1, 0x80,

    /* U+002C "," */
    0x3, 0xb7, 0x0, 0x7a, 0x41, 0x85, 0x80, 0x18,
    0x1e, 0x81, 0x80, 0xac, 0x8c, 0x34, 0xfc, 0x1,
    0x9a, 0x40,

    /* U+002D "-" */
    0x2a, 0xac, 0x22, 0x55, 0xc6,

    /* U+002E "." */
    0x0, 0xcf, 0xf4, 0x14, 0xa, 0x14, 0xc, 0x0,

    /* U+002F "/" */
    0x0, 0xdd, 0x40, 0x11, 0x8e, 0x0, 0x48, 0x8,
    0x1, 0x60, 0x90, 0x4, 0x8e, 0x1, 0x18, 0x60,
    0x4, 0x80, 0x80, 0x16, 0x10, 0x80, 0x48, 0x80,
    0x8, 0xc3, 0x0, 0x2b, 0x4, 0x0, 0x90, 0x84,
    0x2, 0x34, 0x0, 0x90, 0x30, 0x2, 0xc0, 0x40,
    0xb, 0x64, 0x40, 0x20,

    /* U+0030 "0" */
    0x0, 0x1e, 0x7f, 0x40, 0x4, 0x78, 0x64, 0x2f,
    0x20, 0x8, 0x6, 0xdd, 0x3, 0x10, 0x20, 0x58,
    0x12, 0x2, 0x98, 0x0, 0x80, 0x4, 0x1a, 0xe0,
    0x20, 0x10, 0x80, 0x80, 0x4, 0x3, 0xce, 0x1,
    0xc2, 0x2, 0x60, 0x2, 0x0, 0x10, 0x68, 0x20,
    0x58, 0x12, 0x2, 0x84, 0x83, 0x6e, 0x81, 0x88,
    0xb, 0xc, 0x85, 0xe4, 0x0,

    /* U+0031 "1" */
    0x2, 0x7e, 0xf3, 0x0, 0x26, 0xc0, 0x80, 0x66,
    0x76, 0x0, 0xe2, 0x8b, 0x0, 0xff, 0xf4, 0xcf,
    0x60, 0x3, 0x79, 0x88, 0x44, 0x0, 0x11, 0x80,

    /* U+0032 "2" */
    0x2, 0xae, 0xfd, 0x60, 0x1, 0x62, 0x80, 0x94,
    0xb8, 0x12, 0x47, 0x71, 0x82, 0x40, 0x14, 0xe0,
    0xa, 0x1, 0x0, 0xf3, 0x80, 0x7e, 0xf0, 0x50,
    0xe, 0x54, 0x8, 0x0, 0xc5, 0x41, 0x4, 0x1,
    0x16, 0x2, 0xb8, 0x4, 0x58, 0x29, 0x40, 0x11,
    0x60, 0x82, 0xf7, 0xfa, 0x5c, 0x40, 0x2, 0x20,
    0x1, 0x80,

    /* U+0033 "3" */
    0x2, 0xae, 0xfe, 0x80, 0xb, 0x14, 0x8, 0x5e,
    0xc0, 0x15, 0x1d, 0xb0, 0x8, 0x20, 0x8e, 0x0,
    0x30, 0xf, 0x8e, 0x1, 0x4, 0x0, 0x3f, 0x86,
    0xb6, 0x1, 0xa, 0x98, 0x2c, 0x0, 0x6a, 0xcc,
    0x3, 0xa0, 0x7, 0x19, 0x6, 0x6, 0x28, 0x1,
    0x8, 0x39, 0x4e, 0xbf, 0xac, 0x9, 0x96, 0xd0,
    0x46, 0x6c, 0x0,

    /* U+0034 "4" */
    0x0, 0xd1, 0xfe, 0x90, 0xc, 0x4e, 0x1, 0xf4,
    0x81, 0x80, 0x72, 0xa1, 0xa8, 0x7, 0x58, 0x40,
    0x7, 0x40, 0xaa, 0x0, 0x62, 0x70, 0xb0, 0xe,
    0xb0, 0x1d, 0xc7, 0x7, 0xb3, 0x1, 0x33, 0x8,
    0xa, 0x57, 0xfe, 0x60, 0x6f, 0x0, 0xff, 0xe3,
    0x0,

    /* U+0035 "5" */
    0x5, 0xff, 0xf0, 0x0, 0xc0, 0x3f, 0x8, 0x2f,
    0xfe, 0x0, 0x78, 0x18, 0x7, 0x84, 0xa, 0x64,
    0xa0, 0x1c, 0x8c, 0xca, 0xb0, 0x4, 0x4f, 0x7c,
    0x2, 0x20, 0x5, 0x84, 0x1c, 0x83, 0x0, 0x3f,
    0xd6, 0x80, 0x6, 0x20, 0xc5, 0x4b, 0xfe, 0x90,
    0x44, 0x2e, 0x28, 0x88, 0xa2, 0xc0,

    /* U+0036 "6" */
    0x0, 0xa3, 0xbf, 0x5c, 0x2, 0xc7, 0x11, 0x14,
    0x28, 0x39, 0x96, 0xf7, 0x29, 0x42, 0x82, 0x8,
    0x5, 0x40, 0x48, 0x11, 0xe5, 0xc4, 0xc, 0x1,
    0x90, 0xd1, 0xe2, 0x20, 0x3, 0xf6, 0x90, 0xc9,
    0x0, 0x28, 0x4a, 0xc0, 0xc4, 0x40, 0x60, 0x1e,
    0x70, 0x80, 0x5, 0x1, 0x84, 0xa, 0x6e, 0x8c,
    0x64, 0x7, 0xd4, 0x88, 0x98, 0x20,

    /* U+0037 "7" */
    0x3f, 0xff, 0xa8, 0x3, 0xf1, 0x1f, 0xfe, 0xb0,
    0x28, 0x0, 0xe9, 0xe, 0x0, 0xe6, 0x24, 0x30,
    0xe, 0xb0, 0xf0, 0xe, 0x22, 0x2, 0x0, 0x72,
    0x81, 0x80, 0x7b, 0x41, 0x80, 0x3c, 0xc0, 0x40,
    0x1e, 0x20, 0xe0, 0xf, 0x8, 0x18, 0x4,

    /* U+0038 "8" */
    0x0, 0x2e, 0x7f, 0xa8, 0x40, 0xb, 0x46, 0xa6,
    0xba, 0x0, 0xe0, 0x9a, 0xc2, 0x32, 0x0, 0xf3,
    0x0, 0x5a, 0x10, 0x82, 0x86, 0x40, 0xcc, 0x1b,
    0xe1, 0xe0, 0x1, 0xb9, 0x18, 0xc, 0x0, 0x34,
    0x73, 0x16, 0xa, 0xc6, 0x26, 0x20, 0x8e, 0x18,
    0x20, 0x62, 0x0, 0x20, 0x32, 0x40, 0xfa, 0xc5,
    0xa, 0xb, 0x73, 0x53, 0x4c, 0x30,

    /* U+0039 "9" */
    0x0, 0x3f, 0x7e, 0xa8, 0x5, 0x30, 0x26, 0x54,
    0xc0, 0x4c, 0x1b, 0x96, 0x12, 0x2e, 0x4, 0x40,
    0x43, 0x4, 0x0, 0xf3, 0x6, 0xb8, 0x12, 0x82,
    0xa8, 0x4, 0x98, 0x2b, 0xe8, 0x80, 0x29, 0xa6,
    0x66, 0xb8, 0x70, 0x1, 0x66, 0x44, 0x80, 0x60,
    0x4a, 0x0, 0x91, 0x24, 0xf, 0xaf, 0xf3, 0x7,
    0x0, 0x39, 0x0, 0x9, 0x86, 0x0,

    /* U+003A ":" */
    0x7f, 0xa0, 0xa0, 0x50, 0xa0, 0x50, 0x7f, 0xa0,
    0xf, 0xe7, 0xfa, 0xa, 0x5, 0xa, 0x6, 0x0,

    /* U+003B ";" */
    0x7, 0xfa, 0x0, 0x50, 0x28, 0x2, 0x81, 0x40,
    0xf, 0xf4, 0x1, 0xff, 0xc0, 0x3b, 0x70, 0x7,
    0xa4, 0x18, 0x58, 0x1, 0x81, 0xe8, 0x18, 0xa,
    0xc8, 0xc3, 0x4f, 0xc0, 0x19, 0xa4, 0x0,

    /* U+003C "<" */
    0x0, 0xf9, 0x60, 0x3, 0x1c, 0xf5, 0x28, 0xb,
    0x6e, 0x31, 0xbf, 0xa7, 0x49, 0xbe, 0x6c, 0x10,
    0x80, 0x17, 0x4c, 0x2, 0x5c, 0x64, 0xaf, 0xa5,
    0x0, 0x1c, 0xfc, 0x9a, 0xd6, 0x0, 0x66, 0xcd,
    0x77, 0x0, 0x78, 0xa2, 0xc0,

    /* U+003D "=" */
    0x6f, 0xff, 0xb5, 0x57, 0xf8, 0xea, 0xbe, 0x80,
    0xf, 0xe6, 0xff, 0xfb, 0x55, 0x7f, 0x80,

    /* U+003E ">" */
    0x48, 0x10, 0xf, 0x13, 0xf5, 0xa8, 0x6, 0x6a,
    0x44, 0x57, 0xc9, 0x80, 0x16, 0xfa, 0x51, 0xb2,
    0xc0, 0x21, 0x53, 0x10, 0x70, 0x28, 0xdc, 0x72,
    0x9d, 0x5d, 0x73, 0x7d, 0xc6, 0x10, 0x4a, 0xe8,
    0x20, 0x9, 0x6d, 0x40, 0x3c,

    /* U+003F "?" */
    0x2, 0xaf, 0xf6, 0x20, 0xe, 0x28, 0x81, 0xd9,
    0xd, 0x53, 0xb8, 0x0, 0x40, 0x45, 0x1, 0x10,
    0x18, 0x6, 0x91, 0x35, 0x0, 0x9d, 0x8b, 0x40,
    0x21, 0x80, 0xe1, 0x0, 0x8c, 0x4c, 0xc0, 0x18,
    0xbb, 0x0, 0x38, 0xfb, 0x44, 0x3, 0x50, 0x92,
    0x80, 0x6a, 0x12, 0x50, 0x0,

    /* U+0040 "@" */
    0x0, 0xe4, 0xae, 0xff, 0x6c, 0x8, 0x7, 0x86,
    0xec, 0xed, 0x30, 0xee, 0xf4, 0x0, 0xc5, 0xe9,
    0x5b, 0xc, 0xf5, 0xa5, 0x64, 0x1, 0x78, 0xea,
    0x80, 0x71, 0x68, 0x40, 0x1, 0x8a, 0x48, 0x1b,
    0xbe, 0x3d, 0x5, 0x94, 0x1, 0x42, 0xc0, 0xb2,
    0x4c, 0xe0, 0xa1, 0x80, 0x40, 0x68, 0x0, 0xb1,
    0xc9, 0x21, 0x10, 0x8, 0x8, 0x80, 0x81, 0x5,
    0x80, 0x4, 0xa0, 0x2, 0x2, 0x0, 0xc2, 0x1c,
    0x4, 0x6, 0x0, 0xd2, 0x11, 0x1, 0x83, 0x6,
    0x94, 0x81, 0x94, 0xa4, 0x0, 0x15, 0x8, 0xd1,
    0x1a, 0x2e, 0x9a, 0xd2, 0xa0, 0x8, 0xf, 0x2b,
    0xcc, 0x54, 0x65, 0xf3, 0x0, 0x45, 0x45, 0xb0,
    0xe2, 0x48, 0xa8, 0x20, 0x1c, 0xba, 0xaf, 0x7b,
    0xab, 0xd0, 0xf, 0xc5, 0x5f, 0x97, 0x6e, 0xb0,
    0xe,

    /* U+0041 "A" */
    0x0, 0xcd, 0xfe, 0xb0, 0xf, 0xda, 0x0, 0x40,
    0xf, 0x85, 0x5, 0x1, 0x40, 0x3c, 0x80, 0x98,
    0x1e, 0x1, 0xee, 0xf, 0x40, 0x40, 0xf, 0x20,
    0x21, 0x88, 0x90, 0x3, 0x28, 0x10, 0x82, 0x6,
    0x80, 0x6f, 0x2, 0xcc, 0x20, 0x38, 0x6, 0x50,
    0x1, 0x98, 0x40, 0x4c, 0x0, 0x80, 0xf, 0xfc,
    0x41, 0x60, 0xd, 0x4, 0x0, 0xc8, 0xa, 0x0,
    0x70, 0xc0, 0xd, 0xa0, 0x44,

    /* U+0042 "B" */
    0x8f, 0xfd, 0xd6, 0x80, 0x1c, 0x66, 0x14, 0xb4,
    0x0, 0x8b, 0x31, 0xe4, 0x1a, 0x1, 0xf3, 0x80,
    0x7e, 0x45, 0xd, 0x0, 0x8b, 0xfd, 0x60, 0xe8,
    0x1, 0x91, 0x4, 0xe, 0xe0, 0x8, 0xae, 0xdb,
    0x41, 0x2, 0x1, 0xe4, 0x0, 0x10, 0x7, 0x98,
    0x0, 0x40, 0x2, 0xcc, 0x74, 0x3, 0x8, 0x4,
    0x66, 0x13, 0x99, 0x0,

    /* U+0043 "C" */
    0x0, 0x8e, 0xbb, 0xf5, 0xc0, 0x33, 0x62, 0x88,
    0x14, 0x48, 0x0, 0xe4, 0x13, 0x7f, 0x12, 0x0,
    0x10, 0x5, 0x64, 0x7, 0x62, 0x0, 0x40, 0xa0,
    0xf, 0x84, 0x0, 0x40, 0x1f, 0xfc, 0x61, 0x0,
    0x10, 0x7, 0xe4, 0xa, 0x0, 0xfd, 0xe0, 0x56,
    0x40, 0x7a, 0xa0, 0x4, 0x80, 0x4d, 0xfc, 0x29,
    0x0, 0x9e, 0xd0, 0x0, 0x51, 0x80,

    /* U+0044 "D" */
    0x8f, 0xfd, 0x8e, 0x1, 0xe2, 0x3, 0x8d, 0x20,
    0x8, 0xb7, 0xec, 0x4b, 0x80, 0x3c, 0x96, 0x6,
    0x60, 0xf, 0x28, 0x1, 0x0, 0x3e, 0x10, 0xf0,
    0xf, 0xfe, 0x28, 0x87, 0x0, 0x79, 0x80, 0x8,
    0x1, 0xcb, 0x20, 0x84, 0x0, 0x2e, 0xfa, 0x2,
    0xa0, 0xc, 0x20, 0x71, 0xa2, 0x0,

    /* U+0045 "E" */
    0x8f, 0xff, 0x58, 0x7, 0xc2, 0x0, 0x2f, 0xfd,
    0x40, 0x1f, 0xfc, 0x62, 0xff, 0xc0, 0x1f, 0x8,
    0x4, 0x5f, 0xf7, 0x0, 0x7f, 0xf1, 0xcb, 0xff,
    0x68, 0x7, 0xc6,

    /* U+0046 "F" */
    0x8f, 0xff, 0x60, 0x7, 0xce, 0x0, 0x2f, 0xfd,
    0x60, 0x1f, 0xfc, 0x62, 0xff, 0xc0, 0x1f, 0xf1,
    0x7f, 0xe0, 0xf, 0xfe, 0xa8,

    /* U+0047 "G" */
    0x0, 0x8a, 0xbb, 0xfa, 0x84, 0x2, 0x5d, 0x51,
    0x1, 0x5f, 0x0, 0x1d, 0x2, 0x6f, 0xf3, 0x50,
    0x2, 0x40, 0xac, 0x80, 0x65, 0x0, 0xa, 0x14,
    0x1, 0xf0, 0x80, 0x8, 0x1, 0x7d, 0xd2, 0x80,
    0x79, 0x84, 0x63, 0x10, 0x1, 0x0, 0x37, 0xd0,
    0x2, 0x40, 0xa0, 0xf, 0xd0, 0x5, 0x86, 0x2,
    0xc0, 0x11, 0xc8, 0x1e, 0x7f, 0x10, 0x18, 0x1,
    0xb1, 0x44, 0x5, 0x31, 0x40,

    /* U+0048 "H" */
    0x8f, 0xd0, 0xd, 0x7f, 0x40, 0x1f, 0xfd, 0xe2,
    0xff, 0xc8, 0x1, 0xff, 0xc2, 0x2f, 0xfc, 0x80,
    0x1f, 0xfd, 0xe0,

    /* U+0049 "I" */
    0x8f, 0xd0, 0xf, 0xfe, 0xa8,

    /* U+004A "J" */
    0x0, 0xea, 0xfb, 0x0, 0xff, 0xf8, 0x88, 0x9,
    0x6c, 0x81, 0xa0, 0x6b, 0x13, 0x7e, 0x0, 0xb2,
    0x59, 0x80, 0x13, 0x44,

    /* U+004B "K" */
    0x8f, 0xd0, 0xa, 0x7f, 0x84, 0x3, 0xca, 0xc1,
    0x42, 0x1, 0xc5, 0x41, 0x8, 0x1, 0xee, 0x4,
    0x70, 0xf, 0x49, 0x8d, 0x0, 0x78, 0x98, 0x4,
    0x80, 0x3f, 0x8, 0x78, 0x7, 0xc9, 0x80, 0x6c,
    0x1, 0xc3, 0x44, 0xe1, 0x2, 0x1, 0x8c, 0x42,
    0x4, 0x50, 0x1, 0xfa, 0x1, 0x88, 0x3, 0xe6,
    0x20, 0xe0,

    /* U+004C "L" */
    0x8f, 0xd0, 0xf, 0xff, 0xf8, 0x6, 0x2f, 0xfd,
    0x20, 0x1f, 0x18,

    /* U+004D "M" */
    0x8f, 0xf2, 0x0, 0x69, 0xff, 0x18, 0x5, 0xa0,
    0x19, 0xc0, 0x3c, 0xc0, 0x12, 0x8, 0x7, 0x10,
    0x28, 0x3, 0x80, 0x80, 0x32, 0x7, 0x80, 0x14,
    0xc4, 0x3, 0x9, 0x28, 0xa8, 0x59, 0x0, 0x61,
    0x50, 0x4f, 0x6, 0x10, 0xe, 0xa0, 0xe5, 0x41,
    0x0, 0xf1, 0x1a, 0x7, 0x0, 0x7e, 0xa0, 0x2,
    0x80, 0x7e, 0x71, 0x60, 0xf, 0xe1, 0xe9, 0x0,
    0xe0,

    /* U+004E "N" */
    0x8f, 0xf1, 0x0, 0x57, 0xf0, 0x1, 0x40, 0x7,
    0xf2, 0x98, 0x7, 0xc8, 0x1e, 0x1, 0xf1, 0x91,
    0xa0, 0x7, 0x8a, 0x2, 0x40, 0x3c, 0x2a, 0x44,
    0x51, 0x0, 0xf4, 0x84, 0x18, 0x7, 0x90, 0xc8,
    0x80, 0x1f, 0x78, 0x20, 0x7, 0xc6, 0x80, 0x1f,
    0xd2, 0x1, 0x0,

    /* U+004F "O" */
    0x0, 0x97, 0x3f, 0xda, 0xe0, 0x1d, 0x34, 0x60,
    0x2, 0x8d, 0x10, 0x2, 0xb0, 0x37, 0x7d, 0x1,
    0x58, 0x2, 0x40, 0xe4, 0x41, 0x60, 0x14, 0x40,
    0xc2, 0xc0, 0x33, 0x0, 0x10, 0x40, 0x4, 0x1,
    0x84, 0x0, 0x60, 0x1f, 0xfc, 0x1, 0x0, 0x10,
    0x6, 0x20, 0x1, 0x2, 0x5, 0x0, 0x6a, 0x0,
    0x28, 0x78, 0x15, 0x8, 0x33, 0x83, 0x8, 0x23,
    0x82, 0xf7, 0xc8, 0x1c, 0x80, 0x51, 0x66, 0x0,
    0x28, 0xc0, 0x0,

    /* U+0050 "P" */
    0x8f, 0xfd, 0xd6, 0x60, 0x18, 0x88, 0x29, 0x88,
    0x0, 0x2d, 0xd7, 0x18, 0x40, 0x7, 0xd, 0x1,
    0x80, 0x78, 0x40, 0x40, 0x38, 0xe4, 0x10, 0x0,
    0x5f, 0xec, 0x11, 0x58, 0x4, 0x44, 0x48, 0xf1,
    0x0, 0x16, 0xea, 0xdc, 0x40, 0x3f, 0xfa, 0x0,

    /* U+0051 "Q" */
    0x0, 0x97, 0x3f, 0xda, 0xe0, 0x1d, 0x34, 0x60,
    0x2, 0x8d, 0x10, 0x2, 0xb0, 0x37, 0x7d, 0x1,
    0x58, 0x2, 0x40, 0xe4, 0x41, 0x60, 0x14, 0x40,
    0xc2, 0xc0, 0x33, 0x0, 0x10, 0x40, 0x4, 0x1,
    0x84, 0x0, 0x60, 0x1f, 0xfc, 0x1, 0x0, 0x10,
    0x6, 0x20, 0x1, 0x2, 0x5, 0x80, 0x65, 0x0,
    0x28, 0x78, 0x1c, 0x0, 0x12, 0x1, 0x84, 0x11,
    0xc1, 0xff, 0xac, 0xe, 0x40, 0x28, 0xb3, 0x1,
    0x14, 0x60, 0x7, 0x26, 0x30, 0x9, 0x0, 0x7e,
    0x93, 0xa, 0xfe, 0xa0, 0xf, 0x64, 0x98, 0x8,
    0x80,

    /* U+0052 "R" */
    0x8f, 0xfe, 0xb5, 0x0, 0xe2, 0x20, 0x25, 0x30,
    0x4, 0x5b, 0xaf, 0x40, 0xb0, 0xf, 0xb8, 0x8,
    0x3, 0xe3, 0x0, 0xfc, 0x76, 0x8, 0x1, 0x17,
    0xfb, 0x8, 0x64, 0x3, 0x10, 0x80, 0x3c, 0x80,
    0x22, 0xdc, 0x0, 0x30, 0x7, 0x89, 0xc2, 0x4,
    0x3, 0xd0, 0x21, 0x60, 0x1f, 0x40, 0x2a, 0x0,

    /* U+0053 "S" */
    0x0, 0x1d, 0xff, 0xb5, 0xc0, 0x23, 0xc4, 0x0,
    0x14, 0x58, 0x2, 0x0, 0xbb, 0xf1, 0x24, 0x0,
    0xc0, 0xe2, 0x7, 0x64, 0x0, 0x40, 0x5a, 0x30,
    0xe, 0x83, 0x5, 0xcd, 0x60, 0x8, 0x72, 0x48,
    0xa, 0x68, 0x3, 0x36, 0xd9, 0x82, 0x98, 0x7,
    0x27, 0x0, 0x18, 0x2b, 0x54, 0x0, 0xa0, 0x7,
    0x14, 0x2a, 0xff, 0x40, 0x31, 0xf, 0x41, 0x80,
    0xe, 0x64, 0x0,

    /* U+0054 "T" */
    0x8f, 0xff, 0xd1, 0xe0, 0x1f, 0xbd, 0xff, 0xd8,
    0x0, 0xdf, 0xf3, 0x80, 0x7f, 0xff, 0xc0, 0x3f,
    0xf8, 0x60,

    /* U+0055 "U" */
    0x9f, 0xc0, 0xd, 0x7f, 0x20, 0x1f, 0xff, 0x1,
    0x0, 0xfc, 0x3c, 0x6, 0x1, 0x94, 0x39, 0xc0,
    0x12, 0x22, 0x91, 0x7, 0x17, 0x6, 0xee, 0x30,
    0x38, 0x84, 0x49, 0x80, 0xe, 0x60, 0x0,

    /* U+0056 "V" */
    0xe, 0xf8, 0x0, 0xd1, 0xfa, 0x8, 0xa, 0x1,
    0x94, 0x14, 0x3c, 0x8, 0x40, 0x2, 0x41, 0x60,
    0xa0, 0x4, 0x0, 0x20, 0x9, 0x80, 0x10, 0x30,
    0x1, 0x80, 0x80, 0x16, 0x83, 0x80, 0x10, 0x3c,
    0x2, 0x40, 0x12, 0x28, 0x14, 0x2, 0x22, 0x2,
    0x20, 0x10, 0x3, 0x94, 0x33, 0x1, 0xa0, 0x1d,
    0x60, 0x88, 0x4, 0x0, 0xe3, 0x11, 0x88, 0x80,
    0x1e, 0x70, 0x2, 0x80, 0x40,

    /* U+0057 "W" */
    0x9f, 0xc0, 0xa, 0xfe, 0x0, 0x2f, 0xf1, 0xf8,
    0x18, 0x4, 0x80, 0x80, 0x2, 0x0, 0x1a, 0x80,
    0x4, 0xc, 0x0, 0x60, 0x7, 0x2, 0x3, 0x0,
    0x28, 0x20, 0x10, 0x18, 0x10, 0x38, 0x0, 0x80,
    0x83, 0x41, 0x41, 0x3, 0x43, 0x40, 0xe, 0x1e,
    0x8, 0x58, 0x18, 0xc, 0x6, 0x0, 0xd0, 0x21,
    0x13, 0xa0, 0x28, 0x18, 0x30, 0x0, 0xc1, 0x54,
    0x1a, 0x4, 0x26, 0x0, 0x20, 0x2, 0x80, 0xe0,
    0x20, 0x20, 0x58, 0x18, 0x4, 0x22, 0x6, 0x3,
    0xc, 0x5, 0x5, 0x0, 0xca, 0x2, 0x60, 0x7,
    0x2, 0xf, 0x0, 0xc6, 0x0, 0x50, 0x1, 0x8,
    0x1, 0x40, 0x0,

    /* U+0058 "X" */
    0x4f, 0xf2, 0x0, 0xb, 0xfc, 0xa8, 0x61, 0x0,
    0xb, 0x3, 0x50, 0xf0, 0x33, 0xb, 0x4, 0x0,
    0xd, 0x2, 0x18, 0xd, 0x0, 0x29, 0x4, 0x90,
    0xf0, 0xc, 0x4a, 0x2, 0x86, 0x1, 0xcc, 0x0,
    0x70, 0xe, 0x53, 0x20, 0x35, 0x0, 0xd0, 0x16,
    0xe1, 0x0, 0x13, 0x10, 0xb4, 0x81, 0x38, 0x2,
    0x2, 0x40, 0x58, 0x24, 0x60, 0x44, 0xe0, 0x8,
    0x1, 0x90,

    /* U+0059 "Y" */
    0xd, 0xfa, 0x0, 0x93, 0xfc, 0x41, 0x60, 0xa2,
    0x0, 0xe0, 0x52, 0x6, 0x10, 0x70, 0x15, 0x9,
    0x0, 0xa4, 0x2c, 0x18, 0xc, 0xc0, 0x13, 0x89,
    0x1d, 0x4, 0x0, 0x73, 0x7, 0x11, 0x10, 0x3,
    0xa4, 0x8, 0x20, 0x3, 0xc2, 0xc0, 0x2a, 0x1,
    0xf0, 0x81, 0x80, 0x7f, 0xf6, 0x40,

    /* U+005A "Z" */
    0xc, 0xff, 0xf8, 0x81, 0xc0, 0x3e, 0x30, 0xbf,
    0xfb, 0x40, 0x12, 0x20, 0x1d, 0xc0, 0x6c, 0x1,
    0xcc, 0x61, 0xc0, 0x1c, 0x32, 0xe, 0x40, 0x1d,
    0x40, 0x50, 0x1, 0xca, 0x81, 0xc0, 0x1c, 0x36,
    0xc, 0x60, 0x1d, 0x2, 0x29, 0x0, 0xe3, 0x60,
    0x1f, 0xfe, 0x26, 0x0, 0xfe,

    /* U+005B "[" */
    0x6f, 0xf9, 0x0, 0xf, 0x8a, 0x0, 0xe3, 0x10,
    0xf, 0xff, 0x6c, 0xfa, 0x3e, 0x64, 0x80,

    /* U+005C "\\" */
    0x6f, 0x20, 0x9, 0x1, 0x0, 0x22, 0x1c, 0x0,
    0xc8, 0x80, 0xd, 0x82, 0x40, 0x12, 0x2, 0x0,
    0x44, 0x38, 0x1, 0x91, 0x0, 0x1b, 0x4, 0xc0,
    0x27, 0x4, 0x0, 0x84, 0xb0, 0x3, 0x22, 0x0,
    0x36, 0x1, 0x80, 0x48, 0x8, 0x1, 0x9, 0x60,
    0x6, 0x8c,

    /* U+005D "]" */
    0x3f, 0xf9, 0x8f, 0x20, 0x2, 0x32, 0x0, 0xff,
    0xf6, 0x9f, 0xd0, 0x0, 0xf3, 0x27,

    /* U+005E "^" */
    0x0, 0x9f, 0xf8, 0x3, 0xd4, 0x2, 0x80, 0x18,
    0xc9, 0x43, 0x80, 0x34, 0x84, 0x9a, 0x88, 0x0,
    0x54, 0x8e, 0x81, 0x80, 0xc, 0x14, 0xe, 0x14,
    0x0, 0xa0, 0x60, 0x15, 0x24,

    /* U+005F "_" */
    0x11, 0xfe, 0xde, 0xef, 0xb3, 0xee, 0xfe, 0xe0,

    /* U+0060 "`" */
    0x0, 0x18, 0x6, 0xac, 0x30, 0xe, 0xd2, 0x0,
    0x53, 0x8f, 0x80, 0x51, 0x32, 0x0,

    /* U+0061 "a" */
    0x1, 0x7d, 0xff, 0x50, 0x80, 0x2e, 0x8, 0x41,
    0x74, 0x1, 0x13, 0xfd, 0x60, 0x64, 0x4, 0xc6,
    0xfc, 0x0, 0x60, 0x3d, 0xc8, 0x60, 0x0, 0x86,
    0x94, 0x7e, 0x0, 0x44, 0x20, 0xa0, 0x80, 0x11,
    0x8, 0x6e, 0xac, 0x3, 0x51, 0x0, 0x29, 0x40,
    0x0,

    /* U+0062 "b" */
    0xbf, 0x90, 0xf, 0xfe, 0xc4, 0xf7, 0xd0, 0x80,
    0x4c, 0xc0, 0x2, 0xe0, 0x4, 0x5b, 0xd2, 0x4,
    0x80, 0x4, 0x20, 0x61, 0xc, 0x0, 0xf1, 0x80,
    0x7e, 0x20, 0xf0, 0x2, 0x80, 0x20, 0x0, 0xa0,
    0x3, 0xfe, 0x70, 0x62, 0x0, 0x5a, 0x88, 0x9e,
    0x40,

    /* U+0063 "c" */
    0x0, 0x15, 0x77, 0xe2, 0x1, 0xea, 0x88, 0x8f,
    0x3, 0x80, 0xfb, 0x99, 0x6, 0x41, 0x2, 0x6,
    0xe, 0x0, 0x60, 0xc, 0xe0, 0x6, 0x0, 0xc6,
    0x21, 0x2, 0x6, 0x41, 0x60, 0x7d, 0xcc, 0x90,
    0x5c, 0x40, 0x13, 0xf0,

    /* U+0064 "d" */
    0x0, 0xf2, 0x7f, 0x84, 0x3, 0xff, 0xa8, 0x9b,
    0xfb, 0x80, 0x19, 0x6c, 0x80, 0x9c, 0x3, 0x40,
    0x1f, 0xf9, 0xc0, 0x22, 0x20, 0x40, 0x3, 0x0,
    0x21, 0x0, 0x30, 0x7, 0x84, 0x0, 0xc0, 0x1e,
    0x21, 0xf, 0x0, 0x68, 0x6, 0x90, 0x4f, 0xf3,
    0x0, 0x67, 0x81, 0x3, 0xc0, 0x8,

    /* U+0065 "e" */
    0x0, 0x1d, 0xff, 0xa8, 0x80, 0x9, 0x88, 0x42,
    0xb8, 0x0, 0x90, 0x9d, 0xe5, 0x16, 0x32, 0xe,
    0x88, 0x8, 0x7b, 0x80, 0x1d, 0xe4, 0x0, 0x38,
    0x3, 0xbf, 0xf4, 0x98, 0x85, 0x0, 0x44, 0x0,
    0xa0, 0x4f, 0xce, 0xc0, 0x2, 0x62, 0x1, 0x9a,
    0x40,

    /* U+0066 "f" */
    0x0, 0x1e, 0x7f, 0x94, 0x1, 0xa6, 0x2, 0xc0,
    0x82, 0x1b, 0xc6, 0x2, 0x0, 0x20, 0x4, 0x50,
    0x3, 0xec, 0x3c, 0x40, 0x4, 0x40, 0x7b, 0x0,
    0x6c, 0x80, 0x7f, 0xf7, 0xc0,

    /* U+0067 "g" */
    0x1, 0x9e, 0xff, 0xe2, 0xa, 0x60, 0x62, 0x0,
    0x8, 0x1, 0x3, 0x67, 0x0, 0x78, 0x80, 0x82,
    0xc9, 0x80, 0x3b, 0xc1, 0xf6, 0x6, 0x80, 0x2a,
    0xb, 0xb6, 0x72, 0x0, 0x4a, 0xa, 0x86, 0x1,
    0xce, 0x1f, 0x99, 0x49, 0x80, 0x3c, 0x4, 0xce,
    0x6c, 0x22, 0x52, 0x7f, 0xda, 0x0, 0x11, 0x2,
    0x53, 0xc7, 0x82, 0x19, 0xa8, 0xd6, 0x18, 0x66,
    0xc0,

    /* U+0068 "h" */
    0xbf, 0x90, 0xf, 0xfe, 0xc3, 0xf7, 0xe1, 0x0,
    0x4d, 0x2, 0x7, 0x20, 0x10, 0xdf, 0xb0, 0x20,
    0x4, 0xe8, 0x1a, 0x0, 0x10, 0xf, 0xff, 0x8,

    /* U+0069 "i" */
    0x9f, 0x74, 0xb, 0xe8, 0xe3, 0x72, 0xbf, 0x90,
    0xf, 0xfe, 0x60,

    /* U+006A "j" */
    0x0, 0x4f, 0xb8, 0x1, 0x2, 0xc0, 0x1d, 0x1c,
    0x0, 0x37, 0x20, 0x5, 0xfd, 0x0, 0x7f, 0xf7,
    0x98, 0xe, 0x38, 0x83, 0x4c, 0x45, 0x8,

    /* U+006B "k" */
    0xbf, 0x90, 0xf, 0xfe, 0xd5, 0x7e, 0x80, 0x73,
    0xa8, 0xe0, 0x6, 0x48, 0xd, 0x10, 0x8, 0xac,
    0x20, 0xc0, 0x32, 0x0, 0x30, 0x3, 0xca, 0x8,
    0xa0, 0x18, 0xea, 0x2, 0xc4, 0x2, 0x50, 0x72,
    0x18, 0x0, 0xf4, 0x83, 0x20,

    /* U+006C "l" */
    0xbf, 0x90, 0xf, 0xfe, 0xd9, 0x81, 0x82, 0xbc,
    0x98, 0x70,

    /* U+006D "m" */
    0xbf, 0x48, 0xef, 0xb1, 0x5d, 0xfd, 0x30, 0xa,
    0xdc, 0x81, 0x3e, 0x80, 0x5, 0xc0, 0x11, 0x76,
    0x30, 0xd, 0xed, 0x81, 0x10, 0x0, 0x82, 0x1e,
    0x2, 0x80, 0xa0, 0x1, 0x0, 0xff, 0xfd, 0x0,

    /* U+006E "n" */
    0xbf, 0x48, 0xef, 0xc2, 0x0, 0xad, 0xc8, 0xe,
    0x40, 0x22, 0xec, 0x80, 0x40, 0x9, 0x4, 0xc,
    0x0, 0x20, 0x1f, 0xfe, 0x10,

    /* U+006F "o" */
    0x0, 0x1d, 0xff, 0xac, 0xc0, 0x24, 0xc4, 0x0,
    0x26, 0x20, 0x2, 0x81, 0x3f, 0xc8, 0x14, 0x6,
    0x21, 0x0, 0x8, 0x1, 0x37, 0x0, 0x8, 0x0,
    0x40, 0xe, 0xe0, 0x0, 0x80, 0x4, 0x0, 0xe6,
    0x21, 0x0, 0x8, 0x1, 0x30, 0xa0, 0x4f, 0xf2,
    0x5, 0x0, 0x13, 0x10, 0x0, 0x98, 0x80,

    /* U+0070 "p" */
    0xbf, 0x6a, 0xff, 0x50, 0x80, 0x52, 0x88, 0x5,
    0xc0, 0x8, 0xfa, 0xf0, 0x9, 0x0, 0xa, 0x0,
    0x31, 0xc, 0x0, 0xf1, 0x80, 0x7e, 0x20, 0xf0,
    0x2, 0x88, 0x40, 0x1, 0x40, 0x7, 0xde, 0xe0,
    0xc4, 0x0, 0x55, 0x0, 0xbc, 0x80, 0x47, 0x5f,
    0xd0, 0x1, 0xff, 0xc8,

    /* U+0071 "q" */
    0x0, 0x26, 0xfe, 0xa7, 0x78, 0x82, 0xd9, 0x1,
    0x58, 0x80, 0x50, 0x7, 0xfe, 0x70, 0x8, 0x88,
    0x10, 0x0, 0xc0, 0x8, 0x40, 0xc, 0x1, 0xe1,
    0x0, 0x30, 0x7, 0x88, 0x43, 0xc0, 0x1a, 0x1,
    0xa4, 0x13, 0xfc, 0xc0, 0x19, 0xe0, 0x40, 0xe0,
    0x3, 0x9f, 0xbf, 0xc, 0x3, 0xff, 0x96,

    /* U+0072 "r" */
    0x0, 0xf5, 0xfa, 0x47, 0xf0, 0x2, 0x5c, 0x90,
    0x0, 0x55, 0xb4, 0x0, 0x45, 0x0, 0xc4, 0x1,
    0xff, 0xcf,

    /* U+0073 "s" */
    0x1, 0xae, 0xfd, 0x60, 0x6, 0xa8, 0x19, 0x40,
    0x88, 0xc3, 0x73, 0xb0, 0x44, 0x41, 0xcc, 0x24,
    0x0, 0xf4, 0x29, 0xf7, 0x0, 0x15, 0xeb, 0x4,
    0x18, 0x30, 0x94, 0x88, 0x32, 0xcf, 0x66, 0x88,
    0x22, 0xc9, 0x98, 0x93, 0x4,

    /* U+0074 "t" */
    0x0, 0x43, 0x80, 0x61, 0x78, 0x0, 0xc4, 0x1,
    0xd3, 0x80, 0xf, 0xf1, 0x8, 0x80, 0x4, 0x40,
    0x88, 0x0, 0x37, 0x44, 0x1, 0xff, 0xca, 0x30,
    0x0, 0x80, 0x48, 0x0, 0xed, 0x20, 0x1a, 0x20,
    0x36,

    /* U+0075 "u" */
    0xdf, 0x80, 0x3, 0x7f, 0x80, 0x3f, 0xfb, 0x8c,
    0x8, 0x5, 0x60, 0xc, 0x3, 0xfd, 0x0, 0x9d,
    0x40, 0xd, 0x80, 0x0,

    /* U+0076 "v" */
    0x9f, 0xb0, 0x9, 0xbf, 0x74, 0x8, 0x1, 0x68,
    0x52, 0x8, 0x28, 0x1, 0x1, 0x41, 0xc3, 0x1,
    0x0, 0x88, 0x1a, 0xe, 0x1a, 0x14, 0x0, 0x41,
    0x11, 0x20, 0x28, 0x4, 0xe1, 0x44, 0x50, 0x5,
    0x40, 0xe1, 0x40, 0x18, 0xc4, 0x0, 0xa0, 0x0,

    /* U+0077 "w" */
    0x6f, 0xe0, 0x1, 0xff, 0x88, 0x1, 0xde, 0x68,
    0x2, 0x20, 0x40, 0x2, 0x1, 0x8, 0x19, 0x8,
    0x20, 0x60, 0x86, 0x3, 0x81, 0x80, 0x10, 0x30,
    0x15, 0x5, 0x3, 0x1, 0x0, 0x18, 0xa, 0x43,
    0xa8, 0x24, 0xa1, 0x80, 0x4, 0x3, 0x40, 0x3d,
    0x7, 0x30, 0x40, 0x1, 0x8, 0x68, 0x22, 0x3,
    0x80, 0xc0, 0x32, 0x2, 0x18, 0x18, 0x20, 0x20,
    0x6, 0xc0, 0x2, 0x0, 0x10, 0x1, 0x80, 0x0,

    /* U+0078 "x" */
    0x4f, 0xf1, 0x80, 0xff, 0x91, 0xa, 0x1e, 0x12,
    0x8, 0x80, 0xb0, 0x36, 0x70, 0x90, 0x0, 0xc0,
    0x48, 0x39, 0x0, 0x4c, 0x1, 0x48, 0x6, 0xb0,
    0xa, 0x40, 0x23, 0x51, 0xb0, 0x72, 0x0, 0x70,
    0x4a, 0x28, 0x70, 0x39, 0xb, 0x84, 0x1, 0xb0,

    /* U+0079 "y" */
    0x9f, 0xc0, 0x9, 0xff, 0x2c, 0xc, 0x80, 0x16,
    0x14, 0x48, 0xa, 0x2, 0x60, 0xe1, 0xc1, 0x40,
    0xe0, 0x82, 0xa, 0x24, 0x78, 0x1c, 0x1, 0x48,
    0x5a, 0x2, 0x80, 0x4c, 0xc, 0x2a, 0x1, 0x85,
    0x44, 0x38, 0x3, 0xb0, 0x5, 0x0, 0x3a, 0x82,
    0x40, 0x36, 0x71, 0x8b, 0x80, 0x42, 0x62, 0x98,
    0x1, 0x80,

    /* U+007A "z" */
    0xe, 0xff, 0xe9, 0x5, 0x22, 0x8, 0x3, 0xc2,
    0xf7, 0x44, 0x8, 0xc0, 0x13, 0x98, 0x48, 0x4,
    0x50, 0x12, 0x40, 0x17, 0x2, 0x30, 0x4, 0xe6,
    0x14, 0x1, 0x14, 0x0, 0xe6, 0xea, 0x5c, 0x0,
    0x24, 0x52, 0x80,

    /* U+007B "{" */
    0x0, 0x37, 0x7a, 0x0, 0x20, 0x69, 0x40, 0x2,
    0x25, 0x10, 0xf, 0xc2, 0x1, 0xfe, 0x51, 0x20,
    0x3, 0x50, 0x78, 0x1, 0xdc, 0x10, 0x0, 0x18,
    0x15, 0x0, 0xff, 0x8, 0x7, 0xff, 0x0, 0x44,
    0x1, 0x30, 0x72, 0x0, 0x27, 0x71, 0x0,

    /* U+007C "|" */
    0x5c, 0x13, 0x38, 0x3, 0xff, 0xc8,

    /* U+007D "}" */
    0x3f, 0xe6, 0x0, 0x1d, 0x8c, 0x80, 0x48, 0x40,
    0x20, 0x1c, 0x20, 0x11, 0x80, 0x78, 0x40, 0x31,
    0xb, 0x0, 0x5c, 0x32, 0xe0, 0x9, 0x16, 0x50,
    0x2, 0x84, 0x90, 0x7, 0xe3, 0x0, 0xf8, 0x40,
    0x2, 0x40, 0x20, 0x7c, 0xc, 0x0, 0x3c, 0xd9,
    0x0, 0x0,

    /* U+007E "~" */
    0x5, 0xdf, 0x90, 0x2, 0x89, 0xd0, 0x23, 0x75,
    0xd4, 0x1c, 0xed, 0xd8, 0xd1, 0xa4,

    /* U+00B0 "°" */
    0x4, 0xdf, 0x90, 0x1b, 0xac, 0x48, 0x50, 0x73,
    0x53, 0x60, 0x50, 0x42, 0x24, 0xd7, 0x84, 0x3,
    0x7e, 0xe0, 0x80,

    /* U+00B7 "·" */
    0x0, 0xf9, 0x7b, 0x8a, 0x0, 0xa1, 0x15, 0x0,
    0x7e, 0xa1, 0x15, 0x0,

    /* U+20AC "€" */
    0x0, 0x8a, 0xbb, 0xf0, 0xc0, 0x23, 0xd5, 0x2,
    0x3e, 0x0, 0xb8, 0x17, 0xb6, 0xf0, 0x0, 0x84,
    0x16, 0x0, 0x41, 0x8, 0xb0, 0x7, 0x7f, 0xc0,
    0x9, 0x40, 0x2c, 0xcb, 0x40, 0x2, 0x40, 0x26,
    0x71, 0x0, 0x25, 0x80, 0xff, 0xe3, 0x0, 0x44,
    0x80, 0x2f, 0x74, 0x60, 0x1, 0x61, 0xf, 0x22,
    0x22, 0x0, 0x2a, 0x4, 0xed, 0xbb, 0x8, 0x1,
    0x31, 0x4, 0x93, 0x44,

    /* U+4E00 "一" */
    0x2, 0x2f, 0xfe, 0x10, 0x96, 0xef, 0xff, 0xa,
    0xc0, 0x3f, 0xf8, 0x66,

    /* U+4E09 "三" */
    0x0, 0xff, 0xe1, 0xf, 0xff, 0xff, 0x0, 0x40,
    0x47, 0xff, 0x80, 0x3, 0xdd, 0xff, 0xc0, 0x10,
    0xf, 0xfe, 0x97, 0x77, 0xf6, 0x0, 0x61, 0x1f,
    0xf0, 0x6, 0xff, 0xfe, 0xd0, 0xf, 0xfe, 0x95,
    0xdf, 0xff, 0x6, 0x91, 0x3f, 0xf8, 0x2b, 0x97,
    0x7f, 0xfc, 0xc,

    /* U+4E2D "中" */
    0x0, 0xe1, 0xfe, 0x0, 0xff, 0xeb, 0x5e, 0xee,
    0xc0, 0x1d, 0xde, 0x26, 0x22, 0xe0, 0x1, 0x17,
    0x8, 0x3, 0x7f, 0xda, 0x3, 0xff, 0x10, 0x6,
    0x30, 0x1, 0x80, 0x7f, 0xf3, 0x2a, 0xed, 0x40,
    0x37, 0x71, 0x0, 0x64, 0x4c, 0x0, 0x44, 0x80,
    0x3a, 0xf3, 0x16, 0x0, 0xcc, 0x88, 0x1, 0x9c,
    0x86, 0x65, 0x1, 0x33, 0xb7, 0xcc, 0x44, 0x1,
    0xff, 0xdc,

    /* U+4E8C "二" */
    0x0, 0x11, 0x7f, 0xf0, 0x0, 0x37, 0x6e, 0xff,
    0xbc, 0x3, 0x38, 0x7, 0xf8, 0x40, 0x35, 0xff,
    0xff, 0xb0, 0x3, 0xff, 0xfe, 0x1, 0xf8, 0x47,
    0xff, 0x84, 0x5, 0xdd, 0xff, 0xc2, 0x20, 0xf,
    0xfe, 0x21, 0x77, 0x7f, 0xf0, 0x88,

    /* U+4E94 "五" */
    0x3, 0xff, 0xff, 0xe0, 0x10, 0x7, 0xff, 0x18,
    0xff, 0xf0, 0x3, 0x7f, 0xf8, 0x80, 0x3c, 0x40,
    0x2, 0x0, 0xfe, 0x3b, 0xb7, 0x0, 0x2e, 0xec,
    0x60, 0xe, 0x64, 0x41, 0x80, 0x11, 0x23, 0xf0,
    0xe, 0x5d, 0xd2, 0x83, 0x6e, 0x94, 0x4, 0x3,
    0xc4, 0x46, 0xc, 0x22, 0x0, 0x38, 0x3, 0xf1,
    0x83, 0x80, 0x4, 0xc, 0x3, 0xe2, 0x0, 0x10,
    0x1, 0x81, 0x80, 0x31, 0x9c, 0xa0, 0x46, 0x78,
    0x18, 0xcc, 0x5, 0x99, 0x40, 0x16, 0x64, 0x21,
    0x59, 0x83, 0x32, 0xaf, 0xff, 0x8, 0x40,

    /* U+4EAE "亮" */
    0x0, 0xf9, 0xa8, 0x80, 0x3e, 0x66, 0xf5, 0xac,
    0xb3, 0x70, 0x94, 0xcf, 0x88, 0x12, 0x67, 0x8c,
    0xb3, 0x15, 0x5f, 0xec, 0xc1, 0x1, 0x9a, 0xab,
    0xfc, 0x66, 0x0, 0xf7, 0x77, 0x80, 0x3f, 0xdf,
    0xfe, 0x0, 0xfd, 0x54, 0xbb, 0xf5, 0x50, 0x2,
    0x2f, 0xf5, 0x57, 0xfb, 0xfc, 0x20, 0x3, 0x88,
    0x2a, 0xa2, 0xa, 0xa8, 0x81, 0x0, 0x65, 0x75,
    0x53, 0xbc, 0xaa, 0x67, 0x60, 0x1, 0x64, 0x2,
    0x3, 0x0, 0x7a, 0x74, 0x40, 0xc5, 0x20, 0x38,
    0x3, 0xd5, 0x24, 0x77, 0xd6, 0x2c, 0xa0, 0x1b,
    0x6d, 0x90, 0xcc, 0xc0, 0xb7, 0x20, 0x14, 0x1,
    0xa0, 0xb8, 0x86, 0xf5, 0x20, 0x6, 0x7f, 0xfd,
    0x0,

    /* U+4ECA "今" */
    0x0, 0xf9, 0x98, 0x1, 0xff, 0xc1, 0x49, 0x93,
    0x80, 0x7f, 0xc9, 0x60, 0x8, 0x40, 0xf, 0xe6,
    0xb0, 0x59, 0xb, 0x80, 0xf, 0xd, 0xc8, 0x35,
    0x35, 0x3, 0xea, 0x0, 0x6, 0x39, 0x0, 0x8e,
    0xa9, 0xe4, 0x25, 0x76, 0x23, 0x60, 0x2c, 0x45,
    0x5c, 0x5e, 0xa0, 0xc6, 0x55, 0x1a, 0x71, 0xbb,
    0xc3, 0x57, 0xc2, 0x8, 0x1f, 0xee, 0xdd, 0xef,
    0xf7, 0x18, 0x5, 0xe0, 0x1f, 0xe3, 0x0, 0xd1,
    0xff, 0xf2, 0x1, 0x48, 0x7, 0xfc, 0xe8, 0x1e,
    0x1, 0xff, 0x2c, 0x5, 0x10, 0x7, 0xf8, 0xe8,
    0x1d, 0x40, 0x3f, 0xe8, 0x4, 0x80, 0xf, 0xfe,
    0x5, 0xda, 0x80, 0x3c,

    /* U+4F5C "作" */
    0x0, 0x84, 0xc0, 0x23, 0x0, 0xff, 0x4e, 0x40,
    0x16, 0x68, 0x7, 0xe1, 0x70, 0xa0, 0xb0, 0xa0,
    0xf, 0xd0, 0xa, 0x44, 0x60, 0x9d, 0xde, 0x60,
    0x46, 0x9, 0xe, 0x0, 0x9, 0x17, 0x9, 0x58,
    0x0, 0x60, 0xcb, 0x80, 0x7f, 0xf3, 0xc0, 0x4,
    0x2c, 0x1c, 0x20, 0x37, 0x78, 0x64, 0x84, 0x7,
    0x28, 0xc0, 0x24, 0x4c, 0x7, 0x86, 0x0, 0x25,
    0x0, 0xdd, 0xd8, 0x40, 0x40, 0x3f, 0x8, 0xf0,
    0x7, 0xfc, 0x3f, 0xf9, 0x0, 0x3f, 0xe2, 0x2c,
    0x1, 0xff, 0xe, 0xee, 0x40, 0xf, 0xfe, 0x30,
    0x80, 0x7f, 0xf0, 0x40,

    /* U+504F "偏" */
    0x0, 0x85, 0x40, 0x3c, 0x28, 0xa0, 0x1d, 0x35,
    0x48, 0x9b, 0xce, 0xe5, 0xd3, 0x0, 0x42, 0xe1,
    0xee, 0xcc, 0x4, 0x79, 0xc6, 0x0, 0xa4, 0x14,
    0x40, 0xea, 0xf7, 0xc5, 0x18, 0x0, 0x4e, 0x12,
    0x0, 0x38, 0x8f, 0x58, 0x3, 0xc0, 0x4, 0x0,
    0x6e, 0xee, 0x0, 0xa4, 0x80, 0x39, 0xbb, 0xb8,
    0x2, 0xd0, 0x10, 0xc, 0x91, 0x1e, 0xb0, 0x4b,
    0x50, 0x0, 0x83, 0x6e, 0xf6, 0x69, 0x2, 0x0,
    0x46, 0x4, 0xa8, 0xa8, 0xaa, 0x41, 0x0, 0xee,
    0x0, 0x1d, 0x8c, 0x1c, 0x80, 0x7c, 0x80, 0x3,
    0xa1, 0x93, 0x80, 0xf, 0x19, 0x88, 0x44, 0x80,
    0x82, 0x60, 0x1e, 0xa0, 0x50, 0x2e, 0x1d, 0x27,
    0x1, 0x0, 0xd6, 0x92, 0x6e, 0x6, 0x67, 0x63,
    0x20,

    /* U+505C "停" */
    0x0, 0x8c, 0xc0, 0x19, 0xdc, 0x1, 0xfa, 0x31,
    0xd9, 0xa8, 0x83, 0x36, 0x0, 0x89, 0xe, 0x67,
    0x0, 0x26, 0x71, 0x0, 0x20, 0x27, 0x66, 0x7f,
    0x61, 0x1, 0xa8, 0x29, 0xcc, 0xfe, 0x30, 0x7,
    0x0, 0x71, 0x6e, 0xe2, 0x0, 0x9c, 0x80, 0x38,
    0xb7, 0x71, 0x0, 0x4a, 0x2, 0x1, 0x55, 0x7e,
    0x10, 0x2d, 0x30, 0x2f, 0xaa, 0xfd, 0xc8, 0x4,
    0x1, 0x96, 0x23, 0xca, 0x1, 0xe3, 0x26, 0xcc,
    0xf3, 0x13, 0x80, 0x61, 0xd4, 0x66, 0x22, 0x19,
    0x97, 0xa6, 0x1, 0xe8, 0xdd, 0x8, 0x66, 0xb8,
    0x7, 0xf4, 0xc8, 0x40, 0x40, 0x3f, 0xe2, 0x60,
    0x60, 0xf, 0xb3, 0x80, 0x2b, 0xff, 0x48, 0x7,
    0x0,

    /* U+5167 "內" */
    0x0, 0xa7, 0xfe, 0xd0, 0xf, 0xef, 0x55, 0x1,
    0x80, 0x7f, 0x35, 0x50, 0xc4, 0x40, 0x1c, 0x7f,
    0xfc, 0x61, 0xdf, 0xfb, 0x80, 0x22, 0x20, 0x80,
    0x44, 0x41, 0x0, 0xc9, 0xba, 0x60, 0x0, 0xee,
    0xbc, 0x3, 0xc2, 0xe2, 0x83, 0x0, 0x1f, 0xa8,
    0x22, 0x0, 0xea, 0x1, 0xcd, 0x68, 0x6c, 0x70,
    0x15, 0x60, 0x18, 0xd1, 0x1a, 0x0, 0x78, 0x2,
    0x0, 0xcb, 0x96, 0x20, 0x13, 0xec, 0x80, 0x71,
    0x80, 0x78, 0x80, 0x3f, 0xf8, 0x17, 0xdc, 0x3,
    0x0, 0xfe, 0xd1, 0x3, 0x90,

    /* U+5168 "全" */
    0x0, 0xa3, 0xff, 0x98, 0x3, 0xfb, 0x8c, 0x40,
    0x29, 0x40, 0xf, 0xcd, 0x2, 0x15, 0x40, 0xb6,
    0x0, 0xfa, 0x2c, 0x29, 0x55, 0x41, 0x34, 0x20,
    0x12, 0xeb, 0x8e, 0x28, 0x1, 0x6c, 0x57, 0xa0,
    0x56, 0x88, 0x4f, 0xf3, 0x34, 0x18, 0x83, 0xaa,
    0x9e, 0xe0, 0x8c, 0xfc, 0x57, 0x50, 0x81, 0x8,
    0xdf, 0xee, 0x0, 0x7f, 0xca, 0xa7, 0x0, 0xff,
    0xe3, 0x9f, 0xfd, 0xc0, 0xf, 0xfc, 0x40, 0x18,
    0x59, 0xa5, 0x0, 0x33, 0x63, 0x0, 0xc5, 0x33,
    0x58, 0x2, 0x67, 0x8, 0x5, 0x5d, 0xdb, 0xc0,
    0x1d, 0xdd, 0x80, 0x6, 0x11, 0xe0, 0x0, 0x8f,
    0x10, 0x0,

    /* U+516D "六" */
    0x0, 0xf1, 0x43, 0x0, 0x7f, 0xf0, 0x5d, 0xd2,
    0x20, 0x1f, 0xfc, 0x5, 0x10, 0x90, 0xf, 0xfe,
    0xb, 0x0, 0x7e, 0x1c, 0xcf, 0x29, 0x26, 0x67,
    0x28, 0x19, 0xf8, 0x88, 0x67, 0xe2, 0x1c, 0xcf,
    0xfe, 0x13, 0x1, 0x9c, 0x42, 0x67, 0x80, 0x4c,
    0xe1, 0x0, 0xd7, 0xb6, 0x0, 0x6c, 0xf0, 0xf,
    0x8d, 0x43, 0x80, 0xc, 0x25, 0x0, 0x1e, 0xf0,
    0x35, 0x0, 0xa8, 0x1d, 0x0, 0x33, 0x98, 0x78,
    0x6, 0x45, 0xa, 0x0, 0x8e, 0x1, 0xcc, 0x3,
    0xac, 0x6, 0x40, 0x74, 0xa, 0x0, 0x3c, 0x32,
    0xc, 0x63, 0x45, 0xe0, 0x1f, 0x98, 0xe4, 0xc1,
    0x34, 0x80, 0x3f, 0xb1, 0x80,

    /* U+51B0 "冰" */
    0x0, 0xfe, 0xef, 0x0, 0xf3, 0xa8, 0x7, 0xff,
    0x4, 0xa2, 0xa8, 0x20, 0x1f, 0xf1, 0x58, 0xab,
    0x0, 0x78, 0x81, 0x94, 0x0, 0x9e, 0xa1, 0xbb,
    0x40, 0x1, 0xce, 0x68, 0x80, 0x3, 0x5e, 0x45,
    0x80, 0x13, 0xa1, 0x44, 0x1, 0xa3, 0xe4, 0x34,
    0x0, 0x63, 0x4a, 0x1, 0x98, 0x1, 0x80, 0x80,
    0x13, 0x28, 0x6, 0x69, 0x70, 0x51, 0x30, 0x1,
    0x38, 0x7, 0x40, 0x2b, 0x83, 0x80, 0x56, 0x32,
    0x1, 0x40, 0xa8, 0x40, 0x58, 0x4, 0xc4, 0xd0,
    0x4, 0xe1, 0x38, 0xe, 0x40, 0x1b, 0x81, 0xe4,
    0x9d, 0xc6, 0xa9, 0x0, 0x1c, 0x76, 0x36, 0x11,
    0x0, 0xab, 0xd, 0xf1, 0x0, 0x93, 0x88, 0x3,
    0x8, 0x2, 0x80, 0xa8, 0x3, 0x80,

    /* U+51B7 "冷" */
    0x0, 0xfe, 0x62, 0x0, 0xf3, 0xc0, 0x7, 0x34,
    0xf8, 0x7, 0xa9, 0xcc, 0x2, 0x29, 0x2, 0x80,
    0xe, 0x80, 0xf0, 0x1, 0x60, 0x49, 0xbc, 0x80,
    0x65, 0x33, 0x11, 0xe0, 0xc3, 0x61, 0xb6, 0x10,
    0x5, 0xfb, 0x58, 0x21, 0xb5, 0x47, 0x3, 0xd5,
    0x0, 0x19, 0x78, 0xd0, 0x2a, 0xc9, 0xe, 0x8a,
    0x1, 0x9f, 0x97, 0xff, 0x9e, 0x2c, 0x3, 0x28,
    0x17, 0xff, 0xdc, 0x80, 0x12, 0x53, 0x9b, 0x37,
    0x20, 0x1, 0x40, 0x2e, 0x3, 0x19, 0x94, 0x4c,
    0x30, 0x50, 0x80, 0x5, 0x49, 0x0, 0x19, 0x83,
    0xd2, 0x84, 0x0, 0xa4, 0x28, 0x2, 0xb2, 0xc3,
    0x67, 0x0, 0xce, 0xc, 0x1, 0x3c, 0x80, 0x28,
    0x3, 0xb2, 0x4, 0x3, 0x34, 0x84, 0x0, 0x71,
    0xb8, 0x7, 0x9a, 0xac, 0x3, 0x0,

    /* U+51FA "出" */
    0x0, 0xe3, 0xfe, 0x0, 0xff, 0xe4, 0xff, 0x80,
    0x3e, 0x3f, 0xe0, 0xf, 0xfe, 0xa0, 0x83, 0x80,
    0x67, 0x0, 0xf7, 0x7d, 0x80, 0xff, 0xac, 0x3,
    0x19, 0xe2, 0x0, 0x19, 0xe5, 0x4, 0x9d, 0xcc,
    0x70, 0xe, 0x65, 0xfc, 0x53, 0x4a, 0x1, 0xfa,
    0xa9, 0x60, 0x1f, 0xfd, 0x22, 0x29, 0x80, 0x48,
    0xa3, 0x0, 0xd3, 0xba, 0xa0, 0x6, 0xec, 0xa0,
    0x7, 0x33, 0xff, 0x8, 0x0,

    /* U+5287 "劇" */
    0x0, 0xd5, 0xe4, 0x1, 0xff, 0xc2, 0xdf, 0xf3,
    0x80, 0x5f, 0xa0, 0x1e, 0x8a, 0xa2, 0xcf, 0x88,
    0x5, 0x1f, 0xe5, 0x8, 0xaa, 0x78, 0x7, 0xe8,
    0x50, 0x88, 0xb, 0x0, 0x7e, 0xe4, 0x8, 0xd5,
    0xd0, 0xf, 0xda, 0xc0, 0xc4, 0x68, 0x1, 0xf9,
    0xa5, 0x8c, 0x88, 0x20, 0x1f, 0xa3, 0x99, 0x56,
    0x80, 0xf, 0x8, 0x4b, 0x1, 0xe3, 0xc0, 0x7,
    0x8c, 0x10, 0xce, 0x97, 0x60, 0xf, 0x39, 0xb,
    0xb0, 0xa0, 0x84, 0x60, 0x80, 0x4, 0x9d, 0x69,
    0xc0, 0x11, 0x46, 0x60, 0x9, 0xc0, 0x1b, 0x28,
    0x46, 0xcc, 0xd, 0xd0, 0xa, 0xa5, 0xd7, 0xb1,
    0x48, 0x49, 0x9, 0x12, 0x0,

    /* U+529F "功" */
    0x0, 0xfe, 0xaf, 0x40, 0xf, 0xfe, 0x41, 0x77,
    0x76, 0x0, 0x7f, 0x84, 0x78, 0x80, 0x2, 0x1,
    0x8, 0x0, 0xbb, 0x40, 0xbb, 0xfb, 0xd0, 0x2f,
    0xfb, 0xc4, 0x4, 0xc0, 0x2, 0x25, 0x30, 0x1,
    0x18, 0x0, 0x40, 0x3e, 0xbc, 0x20, 0xdc, 0x10,
    0xf, 0xf8, 0x80, 0x3f, 0xf8, 0x46, 0x6, 0x0,
    0x11, 0x0, 0x71, 0xc6, 0xa, 0x2, 0x0, 0x71,
    0x4e, 0x0, 0xb9, 0x9a, 0x42, 0xc0, 0x40, 0xc0,
    0xc, 0x44, 0x6b, 0xf5, 0x12, 0x30, 0x30, 0x60,
    0x2a, 0xed, 0x94, 0x58, 0x9, 0x0, 0x20, 0x8,
    0x1, 0x44, 0x0, 0xf4, 0xe, 0x97, 0xb2, 0x18,
    0x1, 0xe6, 0x18, 0x80, 0x61, 0x2, 0xb0, 0x7,
    0x87, 0x9c, 0x0, 0xff, 0xea, 0x0, 0x0,

    /* U+52D2 "勒" */
    0x0, 0xff, 0xe3, 0x6f, 0x83, 0x79, 0x0, 0x3f,
    0x0, 0x38, 0xcc, 0x7, 0xc0, 0xe2, 0x1, 0xf2,
    0xe0, 0x86, 0x38, 0x54, 0x0, 0x7c, 0x96, 0x21,
    0x6e, 0x15, 0x62, 0xe, 0x1, 0x85, 0xc, 0x29,
    0x81, 0xff, 0x81, 0x3f, 0xe0, 0xa, 0x98, 0x4d,
    0xcd, 0xcc, 0x4, 0xc0, 0x35, 0xd9, 0x40, 0xd3,
    0x63, 0x81, 0xf0, 0x80, 0x25, 0x27, 0x0, 0x8c,
    0x58, 0x4, 0x0, 0x20, 0x12, 0x58, 0x3c, 0x80,
    0x8, 0x38, 0xc, 0x3, 0x2f, 0x83, 0x50, 0x3,
    0xc1, 0x40, 0x4c, 0x1, 0x30, 0xe0, 0x51, 0x2,
    0x40, 0x30, 0x0, 0x81, 0xee, 0x8c, 0xf, 0x75,
    0x64, 0x80, 0x20, 0xe0, 0xca, 0xa4, 0x1, 0x55,
    0x83, 0xc0, 0x80, 0x41, 0x7f, 0xdc, 0x9, 0xea,
    0x8, 0x19, 0xa1, 0xa0, 0x1f, 0xa0, 0xe9, 0x4c,
    0x51, 0x80, 0x30, 0xf5, 0x81, 0x60, 0x8b, 0xfd,
    0x62, 0x0,

    /* U+52D5 "動" */
    0x0, 0x9, 0x23, 0x45, 0x0, 0x3b, 0xc0, 0x31,
    0x7f, 0x6d, 0xcb, 0xaa, 0x80, 0x2, 0x1, 0x89,
    0x9a, 0x3, 0xce, 0x50, 0xf, 0x8d, 0x10, 0xe0,
    0x7d, 0x94, 0x1, 0xf0, 0xaa, 0x9c, 0x9, 0x54,
    0x1e, 0x22, 0xff, 0x84, 0x95, 0x48, 0x4, 0xaa,
    0x3, 0x0, 0x18, 0x0, 0x40, 0x9e, 0xc0, 0xec,
    0x89, 0x80, 0x78, 0x40, 0x19, 0x64, 0xe, 0x40,
    0x4, 0xc, 0x1, 0xe5, 0xa0, 0x3a, 0x0, 0x30,
    0x10, 0x18, 0x6, 0x5a, 0x3, 0xa0, 0x1, 0x87,
    0x0, 0x4, 0x1, 0x33, 0x1, 0xcc, 0xae, 0xc0,
    0x80, 0x26, 0x3, 0x33, 0x1, 0xcc, 0xbc, 0xc8,
    0x82, 0x2, 0x3, 0xdc, 0xc0, 0x3b, 0xa1, 0xa,
    0x2, 0x7, 0x3, 0xdc, 0xd0, 0x3a, 0xa1, 0x11,
    0x33, 0x40, 0xc0, 0xaa, 0x37, 0x5f, 0xda, 0x5e,
    0x66, 0x13, 0x90, 0x16, 0x53, 0x20, 0x1, 0x69,
    0x7, 0xfb, 0x4, 0x0,

    /* U+5373 "即" */
    0x9, 0xff, 0xf1, 0xe7, 0x75, 0xf8, 0x1, 0x12,
    0x20, 0x40, 0x4, 0x20, 0x11, 0x0, 0x57, 0x72,
    0x80, 0x6e, 0xe0, 0x7, 0x5d, 0xca, 0x1, 0xff,
    0x12, 0x20, 0x40, 0x3f, 0xe9, 0xff, 0x20, 0x7,
    0xfd, 0x55, 0x28, 0x7, 0xfc, 0x6a, 0xa1, 0x0,
    0xff, 0xa7, 0xf6, 0xfc, 0xc0, 0x3f, 0xc3, 0xb6,
    0x20, 0x10, 0x90, 0x7, 0x85, 0x42, 0x0, 0x27,
    0xd0, 0x20, 0x50, 0xbf, 0x50, 0x62, 0x0, 0x22,
    0xbf, 0x9, 0x81, 0x11, 0xd8, 0x10, 0x0, 0x55,
    0x4, 0x2c, 0xfb, 0xa8, 0x86, 0xb0, 0x7, 0xd3,
    0x4, 0x0, 0x12, 0xe, 0xf0, 0xc,

    /* U+56DB "四" */
    0x34, 0x4f, 0xfe, 0x1, 0x65, 0xdf, 0xff, 0x4,
    0x0, 0xcc, 0x0, 0x30, 0x82, 0xb1, 0x80, 0x69,
    0x90, 0x84, 0xa0, 0x44, 0xd8, 0x7, 0x84, 0x40,
    0x1f, 0xf0, 0x81, 0x80, 0x7f, 0xc8, 0xe, 0x1,
    0xff, 0x40, 0x78, 0x18, 0x44, 0x2c, 0x3, 0x61,
    0x11, 0x42, 0x81, 0x5c, 0xc0, 0x34, 0x17, 0x80,
    0xf, 0xfe, 0x80, 0xc, 0x9a, 0x40, 0x1f, 0xf7,
    0xff, 0xf4, 0x0, 0x62, 0x2f, 0xe1, 0x0, 0x10,
    0xee, 0xff, 0x59, 0xf0,

    /* U+571F "土" */
    0x0, 0xf0, 0xff, 0x80, 0x3f, 0xff, 0x85, 0xbb,
    0xb0, 0x1, 0xbb, 0xc6, 0x0, 0x12, 0x2e, 0x0,
    0x11, 0x70, 0x4, 0x7f, 0xfb, 0x80, 0x1d, 0xff,
    0x8c, 0x3, 0xfc, 0x20, 0x1f, 0xfe, 0xb2, 0x2f,
    0x0, 0x8, 0xbc, 0x9, 0xbb, 0xd8, 0x0, 0xdd,
    0xf2, 0xb9, 0x9f, 0xff, 0x9, 0x80,

    /* U+5747 "均" */
    0x0, 0xfc, 0x20, 0x1f, 0xd9, 0xe2, 0x0, 0x4e,
    0xb0, 0xf, 0xfe, 0xf, 0x1, 0x80, 0x7f, 0xf0,
    0x5, 0x42, 0x80, 0x3f, 0xf8, 0x12, 0x0, 0xdf,
    0xfe, 0x6, 0xc3, 0xd, 0x97, 0x3, 0x3e, 0x0,
    0xb8, 0xc0, 0x6, 0xc0, 0xb9, 0x9c, 0x1, 0x47,
    0x98, 0x6b, 0x8b, 0x55, 0x4c, 0x1, 0xf8, 0xe3,
    0xcd, 0x56, 0xc0, 0x0, 0x80, 0x7c, 0x3f, 0xfa,
    0x84, 0xc, 0x3, 0x89, 0x80, 0x3c, 0x60, 0x20,
    0x1d, 0x92, 0xdf, 0xfb, 0x84, 0x1c, 0x1b, 0x8c,
    0xa, 0x49, 0x57, 0x3b, 0x1, 0x0, 0x89, 0x2f,
    0x59, 0x2a, 0xb4, 0xf8, 0x70, 0x36, 0xda, 0x0,
    0x72, 0xf7, 0x14, 0x10, 0x4, 0x80, 0x3e, 0x51,
    0x1a, 0xc, 0x3, 0xfe, 0xff, 0x73, 0x80, 0x0,

    /* U+5831 "報" */
    0x0, 0xaf, 0xc4, 0x3, 0xfe, 0x44, 0x38, 0x22,
    0x7, 0xbf, 0xfb, 0x0, 0x17, 0x63, 0xa, 0xb5,
    0x0, 0x2a, 0xc0, 0x1a, 0x64, 0x41, 0x12, 0xa0,
    0x55, 0x50, 0x4, 0x62, 0x20, 0x7, 0x8a, 0x80,
    0x6, 0xa8, 0xe, 0x9, 0x10, 0x20, 0x78, 0xe0,
    0x0, 0xb2, 0x97, 0x83, 0x40, 0x5e, 0x19, 0x40,
    0x1a, 0x45, 0xc3, 0x0, 0xa8, 0x11, 0xd, 0x48,
    0x6, 0xee, 0xad, 0x11, 0x70, 0x56, 0x2, 0xa0,
    0x4, 0xf4, 0x4, 0x20, 0x24, 0x64, 0x40, 0x8,
    0x84, 0xc4, 0x14, 0x7, 0x74, 0x81, 0xfa, 0x80,
    0x6, 0x49, 0xa, 0x7, 0xff, 0x20, 0x6f, 0xd0,
    0x2, 0x4, 0x90, 0x80, 0xd9, 0x82, 0xc, 0xcf,
    0x0, 0x8, 0x1, 0x88, 0x12, 0x64, 0xa1, 0x12,
    0xa0, 0x7e, 0x2a, 0x5a, 0x80, 0x10, 0x80, 0x78,
    0xaa, 0xa4, 0x40, 0x5, 0x5e, 0x20, 0xe, 0xe6,
    0x28, 0x2d, 0x80,

    /* U+5883 "境" */
    0x0, 0xff, 0x18, 0x7, 0xd9, 0xe2, 0x1, 0xab,
    0x14, 0x3, 0xfd, 0x5f, 0xe5, 0xa, 0xff, 0x48,
    0x7, 0xde, 0xc4, 0xce, 0xa6, 0xd8, 0x1, 0xf2,
    0xe1, 0x6c, 0x61, 0xe2, 0x82, 0x59, 0x85, 0x35,
    0x70, 0x4d, 0x40, 0x7d, 0x0, 0xa0, 0x1, 0x3d,
    0x50, 0x9, 0x44, 0x15, 0x40, 0xbc, 0x41, 0xb3,
    0x6c, 0xdf, 0x70, 0x0, 0x44, 0x6, 0x6, 0xc1,
    0xdd, 0x2b, 0x10, 0x7, 0xf3, 0x44, 0x46, 0x1,
    0xff, 0x4e, 0x64, 0x80, 0x1f, 0x65, 0x0, 0x2f,
    0xfe, 0x50, 0x9, 0x74, 0xc0, 0x85, 0x18, 0x81,
    0x4c, 0xa0, 0x80, 0x4, 0x47, 0xdb, 0x33, 0x4,
    0xd0, 0x2b, 0x30, 0x57, 0x36, 0xd, 0xb1, 0x4d,
    0x40, 0xb, 0x10, 0x40, 0x30, 0x0, 0xd9, 0xb6,
    0x1, 0x9c, 0xc4, 0x80, 0x1d, 0x9f, 0x20, 0x16,
    0x7f, 0xb4, 0x40,

    /* U+58D3 "壓" */
    0xa, 0xff, 0xff, 0xe0, 0x90, 0x5, 0xe, 0xfd,
    0x32, 0x57, 0x74, 0x90, 0x4, 0x8e, 0x42, 0x8c,
    0xd2, 0x3, 0x8, 0x7, 0x84, 0x84, 0x8, 0xc4,
    0x4d, 0xe0, 0x18, 0x50, 0x44, 0xc9, 0xd8, 0xc,
    0xea, 0x1, 0xa9, 0x13, 0x2f, 0xe0, 0x3, 0x3c,
    0x3, 0xce, 0xae, 0x4, 0xe0, 0x5, 0x20, 0xf,
    0x53, 0xb0, 0x2, 0x5, 0x24, 0x80, 0x2, 0x6,
    0x3c, 0xce, 0x1a, 0x75, 0x21, 0x82, 0xe, 0x38,
    0xdb, 0x8e, 0x6b, 0x48, 0x57, 0x22, 0x4, 0x47,
    0xe6, 0x8, 0x6, 0x36, 0x61, 0x30, 0x8, 0x98,
    0x66, 0x71, 0x84, 0xce, 0x50, 0x40, 0xd3, 0xdd,
    0xc8, 0x1b, 0xb9, 0x80, 0xc0, 0xb7, 0x79, 0x3,
    0x77, 0x8d, 0xb9, 0x73, 0x3f, 0xf8, 0x6,

    /* U+58E4 "壤" */
    0x0, 0xfe, 0x24, 0x0, 0xfb, 0xa8, 0x3, 0xb2,
    0x80, 0x3f, 0x87, 0xff, 0x8, 0xbf, 0xf3, 0x80,
    0x61, 0x44, 0xff, 0x10, 0x8, 0x80, 0x61, 0xde,
    0x1e, 0x77, 0x85, 0x5b, 0x81, 0x7d, 0xcf, 0xd9,
    0xcc, 0xdc, 0xce, 0x1, 0xfb, 0x54, 0x2, 0xf5,
    0x0, 0x37, 0x8a, 0xf3, 0x52, 0x85, 0x99, 0x8a,
    0x60, 0x3, 0xd5, 0x44, 0x9, 0xa3, 0x9, 0xa0,
    0xf, 0x4b, 0x98, 0x33, 0x90, 0x3c, 0x80, 0x70,
    0x87, 0x80, 0x3b, 0xc4, 0x3c, 0xc0, 0x6, 0x2b,
    0xbf, 0x6, 0x11, 0x3, 0x8, 0xa8, 0x86, 0x0,
    0xde, 0xda, 0x80, 0x88, 0xad, 0x1a, 0xb1, 0x6f,
    0x86, 0x6d, 0x53, 0xa4, 0xa9, 0x38, 0x92, 0x90,
    0x35, 0xe0, 0x1a, 0xb5, 0x44, 0x88, 0x20, 0x1a,
    0xf5, 0x0, 0x98, 0xaa, 0xe, 0x88, 0x3, 0xc7,
    0x7f, 0x90, 0xf, 0xd8, 0x60,

    /* U+5916 "外" */
    0x0, 0xa6, 0xcc, 0x2, 0x2f, 0xe0, 0xf, 0xce,
    0x84, 0x1, 0xff, 0xc1, 0x21, 0x21, 0x1, 0x0,
    0xff, 0x90, 0xb, 0xfd, 0xdc, 0x10, 0xf, 0xea,
    0x3, 0x31, 0x0, 0x88, 0x3, 0xf1, 0x98, 0x73,
    0x14, 0x6, 0x1, 0x30, 0x7, 0x40, 0xc, 0x6,
    0x2, 0x0, 0x6, 0x6c, 0x2, 0x24, 0x12, 0x79,
    0x40, 0xc0, 0x0, 0x9a, 0x60, 0x0, 0xb7, 0x58,
    0x4c, 0x2, 0x80, 0x16, 0x91, 0xd8, 0x0, 0x8c,
    0x7c, 0x0, 0xc0, 0x18, 0x70, 0xb8, 0x3, 0xac,
    0x6, 0x40, 0x38, 0x75, 0x40, 0x33, 0xb0, 0x58,
    0x80, 0x7f, 0xd3, 0x0, 0xca, 0x1, 0xff, 0x6b,
    0x3, 0xc8, 0x7, 0xff, 0x3, 0xce, 0xe0, 0x3,
    0xff, 0x80,

    /* U+591A "多" */
    0x0, 0xf2, 0xd3, 0x0, 0x7f, 0xf0, 0x1e, 0x96,
    0xa2, 0x12, 0x60, 0x1e, 0x3c, 0x80, 0x1, 0xbb,
    0x9a, 0x0, 0x32, 0xde, 0x18, 0x67, 0xfa, 0x80,
    0x12, 0x1, 0xc8, 0x85, 0xc, 0x67, 0xa0, 0xb2,
    0x0, 0xcb, 0xb7, 0x54, 0x9, 0x80, 0xc4, 0x0,
    0xf1, 0xb, 0xc0, 0x0, 0x83, 0x4c, 0x3, 0xa7,
    0x7a, 0x9, 0x5c, 0x80, 0x15, 0x32, 0x40, 0x0,
    0x92, 0x4e, 0xb, 0x80, 0x5, 0x9a, 0x90, 0x4,
    0x7f, 0x6e, 0x20, 0x5f, 0xfb, 0x44, 0x20, 0x3,
    0x42, 0x1a, 0x5, 0x28, 0xf0, 0xaa, 0x80, 0x37,
    0xee, 0x5c, 0x8d, 0x71, 0xa5, 0x0, 0x71, 0x10,
    0x8, 0x44, 0x0, 0x7b, 0x0, 0xe4, 0x7a, 0xdd,
    0x40, 0xae, 0xc0, 0x7, 0x8a, 0x14, 0x92, 0x3a,
    0x88, 0x3, 0xe6, 0xad, 0xfb, 0x71, 0x0, 0xf8,

    /* U+591C "夜" */
    0x0, 0xf0, 0xbb, 0x80, 0x3f, 0xf8, 0x51, 0x2,
    0x0, 0xf1, 0x7f, 0xf7, 0x0, 0x37, 0xff, 0x88,
    0xcf, 0x1, 0x9c, 0x42, 0x67, 0xc0, 0x39, 0x8e,
    0x1, 0xcc, 0x38, 0xd6, 0x66, 0x20, 0xa, 0x42,
    0x80, 0x94, 0x2a, 0xee, 0x60, 0x9, 0x50, 0x5c,
    0x38, 0x0, 0x68, 0x96, 0x80, 0xe, 0x81, 0x42,
    0xd, 0x25, 0xfd, 0x83, 0x80, 0xf4, 0x2, 0x87,
    0x2, 0xe7, 0x86, 0x15, 0x6, 0x13, 0x0, 0x78,
    0xa3, 0x65, 0xa0, 0x58, 0x1, 0x73, 0xc0, 0xf,
    0xd4, 0x37, 0xe6, 0x8a, 0x1, 0x18, 0x7, 0xd,
    0x82, 0xd, 0x0, 0x7f, 0x9e, 0xc0, 0x3, 0xaa,
    0x1, 0xf3, 0x74, 0xb, 0xe9, 0x9a, 0xb8, 0xc0,
    0x39, 0xcd, 0xfa, 0xb, 0x2d, 0x10, 0x60, 0x3,
    0xfb, 0x1d, 0x81, 0x0, 0x92, 0xe8, 0x0,

    /* U+5927 "大" */
    0x0, 0xf0, 0xff, 0x80, 0x3f, 0xfa, 0x26, 0x1,
    0xff, 0xc3, 0x10, 0x10, 0xf, 0xc2, 0x3c, 0xc0,
    0x62, 0x3e, 0x1, 0xee, 0xea, 0x2, 0xee, 0xf1,
    0x0, 0x8f, 0x0, 0x61, 0x1e, 0x1, 0xee, 0xe3,
    0x0, 0x2f, 0x77, 0x10, 0x7, 0x11, 0x80, 0x14,
    0x80, 0x3f, 0xd6, 0xa, 0xa0, 0x80, 0xf, 0xe3,
    0x60, 0x98, 0x5, 0x40, 0xf, 0x87, 0x41, 0x4c,
    0x98, 0x2c, 0xc0, 0x38, 0xb0, 0x4a, 0xc0, 0x12,
    0x41, 0x8a, 0x1, 0x3e, 0x90, 0xf8, 0x80, 0x58,
    0x41, 0x56, 0x43, 0x60, 0x9e, 0x40, 0x18, 0x71,
    0x1, 0xc8, 0x76, 0xac, 0x40, 0x3c, 0x37, 0x6e,
    0x0,

    /* U+5929 "天" */
    0x3, 0xaa, 0xff, 0xe0, 0x18, 0x1, 0x57, 0xff,
    0x82, 0xc0, 0x4, 0xaa, 0xd0, 0x3, 0x55, 0xce,
    0x0, 0x25, 0x5e, 0x0, 0x2a, 0xf1, 0x0, 0x7f,
    0x18, 0x7, 0xee, 0xee, 0xd0, 0x2e, 0xef, 0x0,
    0x4, 0x78, 0x2, 0x11, 0xf0, 0x3, 0xff, 0x8c,
    0x0, 0xdf, 0xfc, 0x1, 0xe3, 0x30, 0x1, 0x8c,
    0x3, 0xf8, 0x78, 0x16, 0x3, 0x84, 0x3, 0xe1,
    0xd2, 0x1b, 0x73, 0x2c, 0x20, 0xe, 0x6f, 0x31,
    0xd1, 0xd, 0x22, 0x6c, 0x8, 0x1f, 0x48, 0x9e,
    0x18, 0x0, 0x71, 0x1, 0xf9, 0x4d, 0x4e, 0xb0,
    0x80, 0x30, 0xdd, 0x8d, 0x14, 0x2f, 0x14, 0x3,
    0xf2, 0x65, 0x80,

    /* U+593E "夾" */
    0x0, 0xf1, 0x7f, 0x80, 0x3f, 0xf9, 0x63, 0x77,
    0xd2, 0x0, 0xbb, 0xf1, 0x1a, 0x27, 0x80, 0x8,
    0x9e, 0x12, 0xdd, 0x2a, 0xb2, 0xc0, 0x1b, 0xa4,
    0x5d, 0xd1, 0x81, 0x11, 0x10, 0x6c, 0x0, 0x23,
    0x46, 0x22, 0x0, 0x4a, 0x24, 0x1, 0xce, 0xe,
    0x1, 0xd0, 0x7, 0x6c, 0x0, 0x1b, 0x4, 0xb0,
    0xa, 0x49, 0x59, 0x38, 0x1, 0xa4, 0xaa, 0x4c,
    0x2, 0x71, 0xb9, 0xb4, 0x0, 0x13, 0x5d, 0x32,
    0x81, 0x66, 0x4, 0x34, 0x58, 0xc4, 0x60, 0x99,
    0x0, 0x8, 0x81, 0x2c, 0x31, 0xc0, 0xf2, 0x1,
    0xe3, 0xc6, 0xd, 0x12, 0xb0, 0x6d, 0x50, 0x1,
    0x66, 0xc, 0xb4, 0xc0, 0x9, 0x82, 0x55, 0xc4,
    0x46, 0x18, 0xd2, 0x0, 0xc7, 0xce, 0x8, 0x41,
    0x5c, 0xe0, 0x1f, 0xa3, 0xe8, 0x0,

    /* U+597D "好" */
    0x0, 0xff, 0xe3, 0x67, 0x88, 0x7, 0xff, 0x4,
    0x40, 0x40, 0xf, 0xff, 0xe7, 0x0, 0x88, 0x40,
    0x44, 0x48, 0x98, 0x42, 0x40, 0x2, 0x4, 0x4e,
    0xd7, 0xbb, 0xa4, 0x42, 0x81, 0x78, 0xf, 0x40,
    0xec, 0x2, 0xe0, 0x94, 0x1, 0x0, 0x12, 0x1,
    0x68, 0x2, 0x4d, 0xd8, 0x0, 0x8c, 0x13, 0x20,
    0x74, 0x0, 0x20, 0x58, 0x6, 0x50, 0x57, 0x1,
    0xff, 0x88, 0x33, 0xfc, 0xc0, 0x60, 0xc, 0xc,
    0x22, 0x80, 0x4, 0x51, 0x83, 0x7, 0xb8, 0x36,
    0xec, 0x41, 0xdb, 0xa5, 0x9, 0x90, 0x88, 0xc4,
    0x3, 0xfe, 0x40, 0x1, 0xc0, 0x7, 0xf8, 0x7c,
    0x14, 0x5d, 0x40, 0x3f, 0x17, 0x92, 0xd6, 0xb2,
    0xde, 0x90, 0x8, 0x4, 0x4c, 0xca, 0x3, 0x90,
    0x32, 0x17, 0x20, 0xd, 0x12, 0x1, 0xd1, 0xfd,
    0x0, 0x18,

    /* U+5BA4 "室" */
    0x0, 0xf9, 0x18, 0x3, 0xf0, 0x8f, 0x15, 0xc9,
    0x88, 0xf0, 0x3, 0xbb, 0xb4, 0x1, 0x9d, 0xdc,
    0x1, 0x95, 0x7f, 0xc0, 0x18, 0xcf, 0xff, 0x80,
    0x46, 0x0, 0xc8, 0x66, 0xff, 0x46, 0x0, 0x49,
    0xf0, 0x3, 0x9f, 0x80, 0x5a, 0xa0, 0x18, 0x6a,
    0x1, 0x92, 0x64, 0x25, 0x84, 0x1, 0x95, 0x40,
    0x7, 0x84, 0x65, 0x50, 0xf8, 0x6, 0x49, 0xcd,
    0xf1, 0xc, 0xba, 0xa6, 0x0, 0x67, 0xd8, 0x9b,
    0x12, 0xbb, 0xba, 0xc0, 0x36, 0xa2, 0x60, 0x2,
    0x26, 0x70, 0xd, 0x5f, 0xf8, 0x1, 0xff, 0xb4,
    0x2, 0xcc, 0xf0, 0x3, 0x33, 0xc4, 0x24, 0x5e,
    0x11, 0x11, 0x78, 0x0,

    /* U+5C4B "屋" */
    0x0, 0x77, 0xff, 0xfc, 0x60, 0x1c, 0xef, 0xf8,
    0x40, 0x3e, 0xff, 0xfc, 0x60, 0x1f, 0x44, 0x7e,
    0x20, 0xf, 0xaf, 0x33, 0xf8, 0x80, 0x3a, 0xf3,
    0x3f, 0xc0, 0x10, 0x84, 0x30, 0x1, 0xa0, 0xc0,
    0xe2, 0xc0, 0x30, 0x9b, 0x81, 0x8f, 0x0, 0xf,
    0xd8, 0x0, 0x20, 0x78, 0x20, 0x6e, 0xc2, 0x82,
    0xf0, 0x0, 0x20, 0x7a, 0xbd, 0xe3, 0xf, 0xbc,
    0x78, 0x0, 0x28, 0x15, 0xdb, 0x78, 0xc3, 0x7f,
    0x5c, 0x2, 0xd0, 0xcd, 0x88, 0x84, 0x1e, 0x22,
    0x0, 0xa, 0x3, 0x81, 0x9e, 0xc, 0x33, 0x90,
    0x10, 0x1a, 0x6e, 0xf1, 0x5, 0xdf, 0xa, 0xf4,
    0x57, 0xff, 0xfc, 0x20,

    /* U+5DE5 "工" */
    0x0, 0xff, 0xe2, 0xb7, 0xff, 0xff, 0x1, 0xc0,
    0x3f, 0xf8, 0xcd, 0xff, 0xb4, 0x1, 0xff, 0xce,
    0x1, 0xff, 0xff, 0x0, 0xff, 0xed, 0x1e, 0x67,
    0x78, 0x3, 0x33, 0xc8, 0xe6, 0x7c, 0x40, 0x3,
    0x3f, 0xa, 0x6e, 0xff, 0xf0, 0x94,

    /* U+5DF2 "已" */
    0xaf, 0xff, 0xf9, 0x0, 0x6, 0x23, 0xfc, 0x1,
    0xd3, 0xdd, 0xfc, 0x80, 0x1c, 0xaa, 0x0, 0xff,
    0xe0, 0xd5, 0x0, 0x3f, 0xf8, 0x64, 0x5f, 0x38,
    0x7, 0xdb, 0xbf, 0x18, 0x7, 0xc8, 0x9f, 0x8,
    0x7, 0xd7, 0x7f, 0xa1, 0x80, 0x3f, 0xf8, 0xa,
    0xe2, 0x20, 0xf, 0xfe, 0xc, 0x72, 0x0, 0x44,
    0x1, 0xf1, 0x20, 0x30, 0x18, 0x6f, 0x77, 0xda,
    0x6, 0x41, 0xca, 0x23, 0xfc, 0x9c, 0x0,

    /* U+5E38 "常" */
    0x2, 0x96, 0x0, 0x7f, 0x80, 0xf, 0x6, 0x1,
    0x34, 0x88, 0x6, 0x38, 0x70, 0x4, 0x40, 0x45,
    0x74, 0x0, 0xa8, 0x2, 0x99, 0x2a, 0x84, 0x4a,
    0xa0, 0x2, 0xa0, 0x12, 0xb0, 0x3, 0xff, 0xfb,
    0x40, 0x32, 0x7f, 0xfe, 0x0, 0xae, 0x0, 0x9,
    0x33, 0x84, 0x1, 0x10, 0x67, 0x0, 0x36, 0x66,
    0x10, 0x37, 0x70, 0x1, 0xd1, 0x85, 0x54, 0xc8,
    0x81, 0x0, 0x84, 0xaa, 0xa2, 0xf, 0xaa, 0x10,
    0x80, 0x33, 0xbb, 0x10, 0x67, 0x73, 0x78, 0x3,
    0x2b, 0x30, 0x0, 0xac, 0x80, 0x1e, 0x89, 0x91,
    0x4, 0x4c, 0x80, 0x3f, 0xf8, 0x1d, 0xa0, 0x1a,
    0x98, 0xc0, 0x39, 0xd1, 0x6c, 0x0,

    /* U+5E55 "幕" */
    0x0, 0xd3, 0xe8, 0x0, 0x5f, 0x80, 0xc, 0x3f,
    0xf3, 0x5, 0xed, 0xd0, 0x3f, 0xfc, 0x43, 0x11,
    0x18, 0x2d, 0xf2, 0x81, 0xc4, 0x46, 0xe, 0xa7,
    0x17, 0xc4, 0x3d, 0x70, 0x6a, 0xe2, 0x0, 0xbb,
    0x4c, 0xfd, 0x57, 0x60, 0xf, 0x3a, 0xaf, 0xc0,
    0x1f, 0x8f, 0xbb, 0xc4, 0x1, 0xf9, 0xa6, 0x7c,
    0xc0, 0x18, 0x57, 0xe2, 0x2, 0xd, 0x11, 0xde,
    0xa2, 0x55, 0x31, 0x1, 0x6, 0x88, 0xe9, 0xa2,
    0x3e, 0x91, 0x6, 0xe2, 0x4e, 0x80, 0x2a, 0xe3,
    0x36, 0x48, 0x83, 0x71, 0x27, 0x40, 0x15, 0x61,
    0x99, 0x9c, 0xc1, 0xa0, 0x6, 0x20, 0x4, 0xee,
    0x30, 0xb8, 0x70, 0xb7, 0x3, 0x61, 0x0, 0x45,
    0x0, 0x7f, 0x86, 0x42, 0x80, 0x20,

    /* U+5EA6 "度" */
    0x0, 0xf8, 0x55, 0x40, 0x1f, 0xc2, 0x1, 0x25,
    0x50, 0x40, 0x3e, 0xfe, 0xff, 0xa8, 0x1, 0xdf,
    0xfa, 0x0, 0x32, 0x20, 0xcc, 0x89, 0x19, 0x91,
    0x1a, 0x1, 0xd, 0xd9, 0xce, 0xae, 0xc2, 0x77,
    0x65, 0x0, 0xdd, 0xe8, 0x1d, 0xfe, 0x20, 0xff,
    0x28, 0x6, 0x97, 0x10, 0x77, 0x84, 0x1d, 0xe0,
    0xc, 0xf0, 0xa0, 0xf, 0xf0, 0x2, 0x20, 0x40,
    0x20, 0x60, 0x19, 0xe2, 0x2, 0x1, 0xc6, 0x2,
    0xaf, 0x91, 0x1e, 0x60, 0x8, 0x41, 0xa6, 0x23,
    0xf4, 0xa0, 0x1, 0x40, 0xb2, 0x40, 0xb3, 0xf0,
    0x81, 0x90, 0x1, 0x81, 0xa0, 0xd0, 0x59, 0x91,
    0x44, 0x80, 0x4a, 0xc, 0xf3, 0x60, 0x3, 0x0,
    0x5c, 0xb9, 0x91, 0x10, 0xe1, 0x89, 0x66, 0xdc,
    0xcc, 0xd0, 0x25, 0xb4, 0x1b, 0xfd, 0x4c, 0x91,
    0x9f, 0xb8, 0x40,

    /* U+5F37 "強" */
    0x0, 0xfc, 0x34, 0xe0, 0x1c, 0x5f, 0xfc, 0x0,
    0x95, 0xe0, 0x61, 0x0, 0x1a, 0x24, 0x1, 0x1b,
    0x94, 0xa4, 0xe8, 0x0, 0x6e, 0xe3, 0x2, 0xd0,
    0x48, 0xd1, 0x38, 0x0, 0x22, 0xa0, 0x83, 0x88,
    0x33, 0xb0, 0xb, 0x98, 0x55, 0x2c, 0x81, 0x62,
    0xf0, 0x9b, 0xb1, 0xcc, 0x4, 0xa2, 0x21, 0x3,
    0xb2, 0x47, 0x5d, 0x2, 0x4, 0x77, 0x8a, 0x20,
    0xe0, 0x51, 0x9, 0x6, 0x4, 0xbb, 0x9c, 0x1f,
    0x40, 0xfc, 0x2, 0x20, 0x24, 0x48, 0x0, 0x94,
    0x2, 0xe0, 0x13, 0x7f, 0xc4, 0xe, 0x6, 0xe0,
    0x50, 0x1, 0xf1, 0x81, 0xff, 0xb4, 0xe, 0xca,
    0x0, 0x30, 0x88, 0x80, 0x23, 0x0, 0x39, 0x40,
    0x0, 0xef, 0x1, 0xeb, 0x75, 0xc0, 0x78, 0x6,
    0x80, 0x48, 0x44, 0x80, 0x22, 0x8d, 0x59, 0xc3,
    0x0, 0x7f, 0xda, 0x55, 0xfe, 0xdc, 0xa9, 0x8f,
    0x80,

    /* U+6392 "排" */
    0x0, 0x5f, 0x80, 0x6e, 0xc0, 0xfd, 0x0, 0xff,
    0xe6, 0x91, 0x4, 0x2, 0x32, 0x20, 0xa5, 0xa8,
    0x5d, 0x6e, 0x80, 0x30, 0xee, 0x9c, 0x90, 0x41,
    0x1, 0x98, 0x1, 0xcc, 0xc5, 0x6f, 0x30, 0xea,
    0x99, 0x8, 0x4, 0x53, 0x23, 0x0, 0x38, 0x8,
    0xaa, 0x82, 0x1, 0x15, 0x50, 0x80, 0x35, 0x32,
    0xa8, 0x3, 0x95, 0x42, 0xba, 0x80, 0xbf, 0xf0,
    0x38, 0x0, 0xbf, 0xc6, 0x44, 0x0, 0x5c, 0x2,
    0x0, 0x80, 0x79, 0xb5, 0x1, 0x27, 0xac, 0x34,
    0x0, 0x5f, 0xea, 0x12, 0x0, 0x88, 0xc0, 0x8,
    0x1, 0x22, 0x34, 0x3, 0xae, 0xc0, 0x66, 0x0,
    0x15, 0xd9, 0xca, 0xd0, 0x0, 0xb2, 0x1e, 0x1,
    0xf1, 0x28, 0x40, 0x22, 0x2c, 0xc0, 0x3f, 0x77,
    0xb8, 0xd, 0xa0, 0x5, 0xfa, 0x1, 0x0,

    /* U+639B "掛" */
    0x0, 0xff, 0xe3, 0x67, 0x80, 0x5d, 0x80, 0xd,
    0xe0, 0xf, 0xfe, 0x62, 0xc8, 0x94, 0xa0, 0x7,
    0x13, 0x90, 0x3f, 0xb0, 0xb, 0x18, 0x7, 0x24,
    0x8, 0x44, 0xf8, 0x9f, 0xb8, 0x7, 0x37, 0x98,
    0x7c, 0x60, 0x9e, 0x40, 0xa, 0x0, 0x7f, 0x19,
    0x80, 0x35, 0xa0, 0x4, 0x21, 0x91, 0x97, 0x39,
    0x0, 0x1, 0xb3, 0x7f, 0x20, 0x37, 0x8, 0x90,
    0x8, 0x68, 0x2c, 0x3, 0x61, 0xc8, 0x14, 0xa8,
    0x1, 0x2a, 0x1b, 0x8c, 0xe, 0xd8, 0x5, 0xb0,
    0x2, 0x50, 0x11, 0x0, 0x59, 0xe0, 0x7f, 0x20,
    0x1f, 0xe2, 0x30, 0x28, 0x70, 0xe, 0x2b, 0x31,
    0x6d, 0xc2, 0x50, 0x20, 0xe, 0x24, 0x18, 0x6e,
    0xfd, 0xb8, 0x50, 0xe,

    /* U+653E "放" */
    0x0, 0x96, 0x0, 0x33, 0xb8, 0x40, 0x3e, 0xf7,
    0x30, 0xa, 0xa0, 0x40, 0x30, 0x99, 0x88, 0x50,
    0xc8, 0x8, 0x80, 0x1c, 0xf9, 0x87, 0x18, 0xc9,
    0x40, 0x3b, 0xbc, 0x6a, 0xc2, 0xc, 0xd6, 0xe8,
    0x5, 0x13, 0x31, 0xc9, 0x84, 0xcc, 0xcc, 0xa,
    0xf2, 0xe, 0x50, 0xd, 0x9b, 0x92, 0x0, 0xd0,
    0x22, 0x8, 0x7, 0x19, 0x1b, 0x0, 0x10, 0xc1,
    0x0, 0x3d, 0xea, 0x12, 0xe8, 0x70, 0x18, 0x1,
    0x88, 0x40, 0x41, 0xe3, 0x81, 0x1, 0x40, 0x21,
    0x2, 0x0, 0xe5, 0x10, 0x60, 0xc, 0xe0, 0xa0,
    0xe0, 0x20, 0xa2, 0xe, 0x20, 0x15, 0x85, 0x1,
    0x0, 0x1e, 0x80, 0x87, 0xcc, 0x20, 0x91, 0x6c,
    0x4b, 0x20, 0x2b, 0xc, 0x70, 0xe5, 0x24, 0x90,
    0x62, 0x4b, 0x14, 0x71, 0x9c, 0xc6, 0xc9, 0x3f,
    0x95, 0x5a, 0x60, 0x14, 0xc0, 0x0,

    /* U+65B0 "新" */
    0x0, 0x8e, 0x50, 0x3, 0xe4, 0x0, 0xe6, 0x64,
    0x0, 0x44, 0xb3, 0xd7, 0x80, 0xf, 0xf5, 0x1,
    0xff, 0x93, 0xe9, 0x8d, 0xa0, 0x0, 0xe4, 0x6e,
    0xa0, 0xac, 0x0, 0xed, 0x94, 0x0, 0x41, 0x84,
    0x68, 0x71, 0x0, 0x4, 0x3, 0xb, 0x98, 0x3c,
    0x81, 0x98, 0x0, 0x89, 0x88, 0xe0, 0x8e, 0x4,
    0x22, 0xc0, 0x17, 0x7c, 0x5f, 0xee, 0x3, 0xff,
    0x40, 0x2, 0x48, 0x26, 0x82, 0xa9, 0x60, 0x55,
    0x42, 0x0, 0x30, 0x83, 0x98, 0xaa, 0xc0, 0x2a,
    0xa6, 0x31, 0x0, 0xe1, 0xf8, 0xc0, 0x3b, 0x94,
    0x13, 0x0, 0xf3, 0x43, 0x0, 0x32, 0x54, 0x1c,
    0x3, 0xd0, 0x68, 0x0, 0x81, 0x80, 0xd0, 0xe,
    0x14, 0xf0, 0xd, 0xe6, 0xa, 0x1, 0xc3, 0x46,
    0x0, 0x70, 0x18, 0x52, 0x0, 0xfc, 0x3f, 0x60,
    0x6, 0xa0, 0x6, 0x78, 0x80,

    /* U+65E5 "日" */
    0x5f, 0xff, 0xf8, 0x3, 0xff, 0x88, 0xbf, 0xff,
    0x0, 0x7f, 0xf6, 0x84, 0x3, 0x97, 0xff, 0xdc,
    0x1, 0xe2, 0x2f, 0x80, 0x39, 0x77, 0x7e, 0x0,
    0xff, 0xe9, 0xaf, 0x77, 0xc0, 0x1e, 0x11, 0xf8,
    0x3, 0x97, 0xff, 0xdc, 0x1, 0x2f, 0xd0, 0x7,
    0x87, 0xfc, 0x0,

    /* U+6642 "時" */
    0x0, 0xfe, 0xfe, 0x0, 0xdd, 0xff, 0x70, 0x7,
    0xff, 0x1, 0x0, 0x13, 0xff, 0x0, 0xff, 0xce,
    0x5, 0x62, 0x1c, 0x89, 0x0, 0x11, 0x22, 0x0,
    0xe7, 0xbb, 0x80, 0x6e, 0xe5, 0x0, 0xe1, 0xbb,
    0x80, 0x6e, 0xe0, 0x1, 0x78, 0x80, 0x11, 0x20,
    0x2, 0x24, 0x1, 0x28, 0x0, 0x7f, 0xf8, 0x7,
    0xc0, 0x5, 0x42, 0xf, 0xbb, 0xc0, 0x3a, 0xa0,
    0x1c, 0x2c, 0xdc, 0x0, 0x61, 0x2, 0x91, 0x6,
    0xd5, 0x9b, 0xb0, 0xd, 0xa0, 0x1, 0x80, 0x23,
    0x1f, 0x0, 0xf8, 0x77, 0x5e, 0xa, 0xa2, 0x40,
    0xe, 0x99, 0x11, 0x4, 0x1, 0x7d, 0x18, 0x6,
    0x0, 0x77, 0x0, 0x70, 0x89, 0xcc, 0xa0, 0x0,

    /* U+6674 "晴" */
    0x0, 0xfc, 0x3f, 0x60, 0x1a, 0x2a, 0x64, 0xcc,
    0xbb, 0x68, 0x2d, 0xdc, 0x6c, 0xac, 0xcd, 0x31,
    0x13, 0x0, 0x4, 0x70, 0x26, 0x88, 0x20, 0x8c,
    0x0, 0x11, 0x19, 0x0, 0x8, 0xc0, 0x33, 0x80,
    0x7f, 0xc8, 0x66, 0x50, 0x1, 0x98, 0x50, 0x13,
    0x48, 0x35, 0x54, 0x84, 0x6a, 0xb1, 0x0, 0x8,
    0x1, 0x17, 0x57, 0x79, 0x61, 0x81, 0x3c, 0x80,
    0x13, 0x13, 0x39, 0xf8, 0x3, 0xf1, 0x5d, 0xd4,
    0x1, 0xc2, 0x1, 0x8a, 0xee, 0xa0, 0xc, 0x9c,
    0x40, 0x11, 0x55, 0x52, 0x1, 0x85, 0x99, 0xa6,
    0x5, 0x55, 0x48, 0x4, 0x4f, 0x32, 0x6a, 0xa,
    0xff, 0x32, 0x80, 0x59, 0x20, 0x10, 0x92, 0x80,
    0x9, 0x47, 0x80, 0x3d, 0x1a, 0x1, 0x5f, 0xf2,
    0x80,

    /* U+6696 "暖" */
    0x0, 0xfc, 0x46, 0xaf, 0x24, 0x11, 0x33, 0x37,
    0x7f, 0xb7, 0x2a, 0x1a, 0xc1, 0xd9, 0xad, 0x92,
    0x85, 0x3c, 0xa3, 0xc0, 0x1, 0xe8, 0x1, 0x8,
    0x74, 0xcd, 0xe6, 0xc0, 0x7, 0x20, 0xd, 0xe0,
    0x6c, 0xa8, 0x1, 0xf7, 0x3, 0x41, 0xc8, 0x26,
    0x0, 0x13, 0x40, 0x13, 0x20, 0x3b, 0xbe, 0x0,
    0xe5, 0xb9, 0x3, 0xbb, 0xe5, 0x4, 0xd0, 0x36,
    0x30, 0x36, 0x6f, 0x0, 0x66, 0x94, 0x1, 0x22,
    0x8e, 0xcc, 0x3, 0xca, 0x6, 0xee, 0x45, 0x0,
    0x93, 0xc0, 0x6, 0x40, 0x3f, 0x0, 0x84, 0x0,
    0x15, 0x56, 0x78, 0x40, 0xe5, 0x84, 0x80, 0x9,
    0x2a, 0x9a, 0x68, 0xaa, 0x0, 0xa, 0x90, 0x6d,
    0x2, 0x29, 0x13, 0x50, 0xd8, 0x63, 0x54, 0x2,
    0x4b, 0xc9, 0x7c, 0xc4, 0xfd, 0x4a, 0x80,

    /* U+66F4 "更" */
    0x2f, 0xff, 0xfe, 0x10, 0x7, 0xff, 0xc, 0x40,
    0xbf, 0xfc, 0x0, 0xef, 0xfd, 0xc0, 0x15, 0xff,
    0xe0, 0x7, 0x7f, 0xe0, 0xf, 0x3b, 0xc0, 0x7,
    0x78, 0x3, 0xfb, 0xfc, 0x1, 0x7f, 0x80, 0x3f,
    0x3c, 0x40, 0x0, 0xf1, 0x0, 0xf, 0xdd, 0xfe,
    0x0, 0x77, 0xf8, 0x3, 0xf7, 0x7f, 0x80, 0x1d,
    0xfe, 0x0, 0xf6, 0x89, 0xb9, 0x81, 0x3b, 0xe8,
    0x0, 0xc8, 0x26, 0x4, 0x13, 0x11, 0x9c, 0x3,
    0x14, 0x83, 0x88, 0xc4, 0x1, 0xe2, 0xae, 0x90,
    0x0, 0x8a, 0xb7, 0xfd, 0xdd, 0x29, 0x8, 0x8e,
    0x3b, 0x97, 0xa, 0x62, 0x30, 0x28, 0x57, 0xe3,
    0x88, 0x23, 0xd6, 0x77, 0xfb, 0x80,

    /* U+6708 "月" */
    0x0, 0xbf, 0xff, 0xc6, 0x1, 0xc2, 0x3e, 0x0,
    0xfd, 0xdd, 0xe2, 0x0, 0xff, 0xe4, 0xff, 0xf8,
    0x80, 0x3e, 0x22, 0xf0, 0x7, 0xc3, 0xbb, 0xe2,
    0x0, 0xc4, 0x6, 0x1, 0xff, 0x30, 0x17, 0xff,
    0x88, 0x3, 0x60, 0x9, 0x17, 0x80, 0x39, 0x83,
    0x77, 0xe2, 0x0, 0xa0, 0x4c, 0xc0, 0x1f, 0xca,
    0xe1, 0x0, 0x1a, 0xfb, 0x84, 0x2, 0xa9, 0x8,
    0x1, 0xb4, 0x46, 0x82, 0xb, 0x70, 0xe, 0x6f,
    0xf7, 0x38, 0x0,

    /* U+6709 "有" */
    0x0, 0xe2, 0x84, 0x0, 0xff, 0xe0, 0xd3, 0xe8,
    0x7, 0xe1, 0xcc, 0xce, 0x9, 0x99, 0xf0, 0x99,
    0xf0, 0x0, 0x8c, 0xff, 0x17, 0xfb, 0x84, 0x2b,
    0xff, 0xf1, 0x0, 0x52, 0x21, 0xf5, 0x5a, 0xe8,
    0xc0, 0x32, 0x38, 0x1, 0x57, 0x91, 0x58, 0x2,
    0x3b, 0x0, 0x27, 0xff, 0x38, 0x6, 0x3c, 0x3,
    0x4, 0xff, 0xe7, 0x0, 0xc6, 0x8d, 0xe0, 0x2a,
    0xbc, 0x40, 0x1d, 0x72, 0xe0, 0xb5, 0x5c, 0xa0,
    0x1f, 0x18, 0x27, 0xff, 0x38, 0x7, 0xd6, 0xa,
    0xcd, 0xc6, 0x1, 0xe6, 0x31, 0xa9, 0x98, 0x14,
    0x80, 0x3c, 0xc7, 0x60, 0x1b, 0x8c, 0x51, 0x40,
    0x3b, 0x14, 0x3, 0x3f, 0xfa, 0xc0, 0x20,

    /* U+6821 "校" */
    0x0, 0xff, 0xe3, 0x8f, 0xd8, 0x6, 0x3e, 0xa0,
    0xf, 0xfe, 0x11, 0x82, 0x98, 0x7, 0xfd, 0x55,
    0x18, 0xcd, 0x52, 0x0, 0x15, 0x40, 0x5a, 0x45,
    0x58, 0x85, 0x56, 0x40, 0x2, 0xa0, 0xa, 0x86,
    0xb3, 0x33, 0x55, 0x37, 0x80, 0x1a, 0xc0, 0x5a,
    0x8c, 0xd0, 0x93, 0x25, 0x90, 0x0, 0x88, 0x4,
    0x87, 0x61, 0x44, 0x18, 0x6c, 0xe0, 0x1, 0x40,
    0x4, 0xf8, 0x3, 0xc0, 0x18, 0x1, 0xcc, 0x0,
    0x20, 0x6b, 0x55, 0x1a, 0x98, 0x73, 0x80, 0x25,
    0x1, 0x99, 0x29, 0x21, 0xd0, 0x12, 0x20, 0x5,
    0x1e, 0x0, 0x49, 0x81, 0xa9, 0x10, 0xd4, 0x2,
    0x53, 0x40, 0xf, 0xe7, 0x10, 0xd, 0x80, 0x1c,
    0x78, 0xa0, 0x29, 0xec, 0x1, 0xfa, 0xf0, 0xcb,
    0x7c, 0xc6, 0x70, 0x3, 0xef, 0x29, 0xd2, 0x1c,
    0xa3, 0xe0, 0x8, 0x7e, 0xc1, 0x35, 0x80, 0x32,
    0xe1, 0x0,

    /* U+690D "植" */
    0x0, 0xff, 0xe3, 0x5f, 0x88, 0x6, 0xaf, 0x40,
    0xf, 0xf1, 0x9c, 0xc0, 0x26, 0x70, 0x7, 0x8b,
    0x32, 0x30, 0xac, 0xc6, 0x83, 0x5a, 0x85, 0x23,
    0xbc, 0x4, 0xef, 0x48, 0x7a, 0x8, 0x20, 0xdf,
    0x78, 0x37, 0x74, 0xc1, 0x1a, 0x41, 0x6c, 0x93,
    0x0, 0x93, 0x31, 0x0, 0x99, 0x7, 0x8, 0x2,
    0x77, 0x64, 0x0, 0xce, 0x0, 0x56, 0x0, 0x4e,
    0xec, 0x80, 0x1a, 0x80, 0x7, 0x0, 0x9, 0xdd,
    0x90, 0x2, 0x43, 0x0, 0x45, 0x0, 0x27, 0x76,
    0x40, 0xa, 0x4, 0xc1, 0x50, 0x0, 0xf5, 0x51,
    0x80, 0x56, 0xce, 0x1, 0xcb, 0x33, 0x10, 0x4,
    0xd2, 0x1, 0xe6, 0x55, 0x8c, 0x2, 0x11, 0x0,
    0x4d, 0x80, 0x3d, 0xd0, 0x85, 0x18, 0x7, 0x5a,
    0x2, 0xc4, 0x46, 0xc, 0x80,

    /* U+6A5F "機" */
    0x0, 0x75, 0x80, 0x1e, 0x3, 0xa0, 0x29, 0x80,
    0x3f, 0x50, 0x0, 0x46, 0x53, 0x0, 0xf9, 0xb,
    0x58, 0x4e, 0x48, 0x92, 0x9, 0x62, 0xb3, 0x22,
    0x8d, 0x36, 0x73, 0x81, 0x1, 0x40, 0x14, 0x40,
    0x14, 0x88, 0x49, 0x12, 0x1, 0x74, 0xf, 0x60,
    0xd6, 0x1c, 0x54, 0xd7, 0x0, 0xe, 0x6, 0x6a,
    0x17, 0x50, 0x2e, 0x7, 0x32, 0xf, 0x0, 0x76,
    0x3c, 0x28, 0x85, 0x93, 0x41, 0x82, 0x81, 0x80,
    0xf9, 0x68, 0x3, 0xc5, 0xbc, 0x1c, 0x41, 0xf2,
    0xe2, 0x25, 0x6, 0x30, 0x73, 0xe7, 0x10, 0x1d,
    0x1, 0xdf, 0x14, 0x91, 0xb2, 0xbb, 0x0, 0x44,
    0x3, 0x88, 0xe9, 0x26, 0xa0, 0x44, 0x0, 0xa0,
    0x2c, 0x9c, 0x40, 0x1f, 0x6a, 0x1, 0xa1, 0x59,
    0x2b, 0x9c, 0x43, 0x94, 0xc0, 0x37, 0x24, 0x80,
    0x6, 0xf9, 0xc8, 0xd8, 0x1, 0xd6, 0xd6, 0x0,
    0x6c, 0x40, 0x8e, 0xc0,

    /* U+6C23 "氣" */
    0x0, 0x85, 0x88, 0x3, 0xff, 0x83, 0x13, 0x23,
    0x3f, 0xe0, 0x8, 0xd8, 0x13, 0x33, 0xf6, 0x80,
    0x7, 0x41, 0x66, 0x7f, 0x5e, 0x81, 0x60, 0xa2,
    0x26, 0x7f, 0x61, 0x80, 0x8, 0x93, 0x75, 0x5e,
    0x9a, 0x90, 0x1, 0x60, 0xed, 0x57, 0xd3, 0x62,
    0x1, 0x1c, 0x3d, 0x32, 0x54, 0x4d, 0x0, 0x7d,
    0xce, 0xe5, 0x45, 0xb8, 0x40, 0xf, 0xa0, 0x5c,
    0x0, 0x87, 0x42, 0x1, 0xeb, 0xd1, 0xa3, 0xb,
    0xb, 0xb0, 0x88, 0x3, 0x74, 0x2a, 0x84, 0x21,
    0x63, 0x88, 0x5, 0x40, 0xa, 0x6a, 0xc4, 0x0,
    0x5d, 0x45, 0x7, 0x86, 0x1b, 0xb1, 0x68, 0x1,
    0xe1, 0x7f, 0x2, 0x48, 0xc4, 0xd7, 0x4, 0x2,
    0x7b, 0xb2, 0xb8, 0x12, 0x84, 0x50, 0x86, 0x78,
    0x1, 0x14, 0x23, 0xf4, 0x0,

    /* U+6C34 "水" */
    0x0, 0xf1, 0x7f, 0x0, 0x7f, 0xf8, 0xc4, 0x2,
    0xb6, 0x0, 0x27, 0x75, 0xfa, 0xe0, 0x1, 0x9,
    0x49, 0x20, 0x11, 0xc0, 0x40, 0x14, 0xc3, 0xe,
    0x10, 0x2f, 0xfb, 0x40, 0xe, 0x0, 0x77, 0x16,
    0x18, 0x7, 0x20, 0x20, 0x6, 0x1c, 0x20, 0xf,
    0x58, 0x70, 0x0, 0x48, 0x5c, 0x3, 0xcc, 0x44,
    0x50, 0xb, 0x82, 0x54, 0x3, 0x14, 0x84, 0x0,
    0x63, 0x80, 0xa7, 0x0, 0x1e, 0x2, 0x28, 0x7,
    0x3b, 0x82, 0x30, 0x94, 0x4a, 0x84, 0x60, 0xd,
    0x10, 0x1, 0x26, 0xbc, 0x14, 0xec, 0x3, 0x0,
    0x9f, 0x7c, 0x0, 0x82, 0xa, 0x0, 0x3e, 0x0,
    0xc4, 0x40,

    /* U+6CD5 "法" */
    0x0, 0x41, 0x80, 0x77, 0x78, 0x80, 0x73, 0x3e,
    0x40, 0x7, 0xff, 0x1, 0x9c, 0x1c, 0xc0, 0x38,
    0xc0, 0x3d, 0x18, 0xc7, 0xff, 0x8, 0x6f, 0xf9,
    0x40, 0x31, 0xc8, 0x19, 0xc0, 0x3, 0x38, 0x40,
    0x19, 0x24, 0x0, 0xcc, 0x84, 0x37, 0x30, 0x80,
    0x62, 0xda, 0x62, 0x45, 0x0, 0x8, 0xb0, 0x1e,
    0xca, 0x1d, 0x6e, 0xc2, 0x19, 0xbb, 0x0, 0x4d,
    0x61, 0x8a, 0xa1, 0x2, 0x55, 0xc0, 0x19, 0x29,
    0xea, 0x82, 0x1d, 0x55, 0x80, 0x34, 0xa9, 0x83,
    0x2, 0x1a, 0xe9, 0x0, 0x66, 0x24, 0x30, 0x80,
    0x80, 0x1, 0x48, 0x4, 0x32, 0x10, 0x10, 0x28,
    0xcc, 0xd0, 0x44, 0x0, 0x28, 0x14, 0xc5, 0xc1,
    0x2a, 0x5c, 0x1, 0x20, 0xe, 0x1b, 0x1, 0x33,
    0x34, 0x56, 0x72, 0x18, 0x82, 0xf0, 0x80, 0x33,
    0x12, 0xea, 0x63, 0x3c, 0x20,

    /* U+6E05 "清" */
    0x0, 0x30, 0x7, 0xbf, 0x80, 0x3d, 0x32, 0xc5,
    0xff, 0xc0, 0x3f, 0xf8, 0xc2, 0xc, 0xdb, 0x55,
    0x48, 0xd, 0x56, 0x20, 0x1c, 0x88, 0x75, 0xda,
    0x0, 0x6e, 0xee, 0x10, 0x10, 0x70, 0xfb, 0xb4,
    0x0, 0xdd, 0xde, 0x7, 0xd2, 0x35, 0x4b, 0xb4,
    0x0, 0xdd, 0xd4, 0xea, 0xd, 0xbf, 0x33, 0xa2,
    0x13, 0x38, 0xdb, 0x6, 0x95, 0x42, 0x2, 0x38,
    0x5, 0x90, 0xf, 0xd8, 0x1e, 0x62, 0x67, 0x44,
    0xa8, 0x4, 0x30, 0x20, 0x4, 0xbb, 0xc6, 0x1,
    0xca, 0xec, 0x0, 0x4a, 0xac, 0x60, 0x1d, 0x0,
    0xc6, 0xb, 0x77, 0x8c, 0x3, 0x39, 0x38, 0xf8,
    0x2d, 0x56, 0x30, 0x8, 0x60, 0x60, 0x58, 0x3b,
    0xfd, 0x6c, 0x20, 0x10, 0xd5, 0x80, 0xcb, 0x8,
    0x1, 0xd8, 0x51, 0x0, 0x5, 0x50, 0x1, 0xa4,
    0x2, 0x3f, 0xf5, 0x80, 0x0,

    /* U+6EAB "溫" */
    0x0, 0x38, 0x80, 0x7f, 0xf0, 0x62, 0x1c, 0xc3,
    0xff, 0xf8, 0x2, 0x87, 0xf, 0x0, 0x1c, 0x22,
    0x20, 0x40, 0x3a, 0x32, 0x40, 0xc, 0xec, 0x4e,
    0x40, 0x18, 0x80, 0xc0, 0x34, 0x13, 0x30, 0x3,
    0x1e, 0xe1, 0x80, 0x4c, 0x99, 0x7a, 0x1, 0xc6,
    0x6d, 0x0, 0x8c, 0x7a, 0x58, 0xc0, 0x23, 0xc9,
    0xa0, 0x16, 0x62, 0x26, 0x66, 0x0, 0x66, 0x40,
    0x51, 0x1f, 0xca, 0x1, 0xe, 0xf, 0xbb, 0xfe,
    0xc0, 0xa, 0x4e, 0x40, 0x1a, 0x12, 0xe3, 0x80,
    0x18, 0x5c, 0x24, 0x0, 0x60, 0x1f, 0xd0, 0xc,
    0x20, 0x1f, 0xf1, 0x30, 0x5e, 0x28, 0x60, 0x43,
    0xe, 0x83, 0x39, 0x32, 0x90, 0x11, 0x0, 0x8c,
    0xc4, 0x64, 0x40, 0x4, 0xd0, 0x66, 0xef, 0xf9,
    0xc0,

    /* U+6F86 "澆" */
    0x1, 0xa2, 0x0, 0xc3, 0xf8, 0x1, 0xe9, 0x5d,
    0x42, 0x77, 0x48, 0x13, 0xbc, 0x40, 0x8, 0x70,
    0xc6, 0x88, 0x38, 0xc, 0x44, 0xc0, 0x14, 0x5c,
    0x5, 0xdc, 0x5, 0x77, 0x38, 0x6, 0x42, 0xbb,
    0xc0, 0x57, 0x76, 0x80, 0xf5, 0x99, 0x5a, 0x85,
    0xdc, 0x81, 0x7a, 0x6, 0x49, 0xa5, 0x2a, 0x15,
    0x92, 0x81, 0x52, 0x5, 0x93, 0x47, 0x46, 0xd,
    0x94, 0x60, 0xde, 0x1, 0x32, 0x16, 0x90, 0x34,
    0xd9, 0x2, 0xc8, 0x80, 0xa, 0x9c, 0x51, 0xa6,
    0x95, 0xd9, 0x14, 0x40, 0x14, 0xba, 0xce, 0x95,
    0x44, 0x4e, 0x10, 0x3, 0x85, 0x8, 0x88, 0x82,
    0x44, 0x11, 0x80, 0xe, 0xc, 0x79, 0x0, 0x58,
    0x61, 0x9d, 0x42, 0x12, 0x14, 0xb5, 0x61, 0x20,
    0xe1, 0x33, 0x10, 0x42, 0x99, 0x95, 0x31, 0x3,
    0x41, 0x91, 0x4, 0xd, 0x40, 0xdd, 0x66, 0x0,
    0x6f, 0xfa, 0xc0,

    /* U+6FD5 "濕" */
    0x0, 0x10, 0x7, 0xff, 0x9, 0xb6, 0x42, 0xbf,
    0xff, 0x18, 0x1, 0x49, 0xa8, 0x1, 0x33, 0xc6,
    0x1, 0x8f, 0x5a, 0x0, 0x13, 0x3c, 0x60, 0x1e,
    0x92, 0x0, 0x4d, 0x56, 0x30, 0x8, 0x75, 0x80,
    0x34, 0xd5, 0x63, 0x1, 0x5, 0x29, 0xb0, 0xa3,
    0x5f, 0xf9, 0x17, 0xc8, 0x13, 0x93, 0x1, 0xcc,
    0xb8, 0xd5, 0x37, 0x4a, 0x0, 0x1b, 0x72, 0x80,
    0x72, 0x1a, 0x8, 0x34, 0x0, 0xd8, 0x7c, 0xa4,
    0xe3, 0x8a, 0x8, 0x80, 0x9, 0x8d, 0xa9, 0x4d,
    0x2a, 0x8a, 0xb, 0x60, 0x14, 0xb, 0x8b, 0xc4,
    0x98, 0x3c, 0xd1, 0x90, 0x38, 0xc8, 0x12, 0x23,
    0xe4, 0x3f, 0xab, 0x8, 0x64, 0x18, 0x5c, 0x49,
    0x90, 0xa6, 0x82, 0xc0, 0x5d, 0xc3, 0x1, 0x20,
    0x3d, 0xa2, 0xa, 0xa1, 0x9, 0x80, 0x9c, 0x40,
    0xd9, 0x6f, 0x28, 0xe1,

    /* U+70C8 "烈" */
    0x0, 0xff, 0xe0, 0x17, 0xe0, 0x3, 0xff, 0xe8,
    0x45, 0x0, 0xf2, 0xa0, 0x81, 0x22, 0x3a, 0xe8,
    0x3, 0xd5, 0x40, 0x4, 0x7c, 0xb0, 0x7, 0xf5,
    0x8, 0x55, 0xe9, 0x80, 0x7e, 0x84, 0x1a, 0xa0,
    0x9, 0x80, 0x7c, 0xae, 0x3, 0xa6, 0xe, 0x1,
    0xf9, 0x66, 0x89, 0xe4, 0x2c, 0x3, 0xf9, 0x97,
    0xc0, 0x10, 0x40, 0x44, 0x0, 0xf9, 0x70, 0x15,
    0xc0, 0x1b, 0xa0, 0x10, 0x8, 0xb6, 0x85, 0xe8,
    0x3, 0x3f, 0xe0, 0x30, 0x10, 0x96, 0x40, 0x7,
    0x32, 0x25, 0x60, 0xc, 0xc, 0x27, 0xc2, 0x3c,
    0x9b, 0x64, 0x50, 0x2, 0x91, 0x97, 0x9b, 0x91,
    0xb0, 0x40, 0x50, 0xd, 0x84, 0x7, 0x1, 0x9,
    0xa, 0x2a, 0xc, 0xe, 0xca, 0x2, 0x5b, 0x4,
    0xe2, 0x4, 0x54, 0x0,

    /* U+7121 "無" */
    0x0, 0x9a, 0x48, 0x3, 0xff, 0x80, 0x52, 0xe6,
    0x1, 0xff, 0xf, 0x80, 0xf7, 0xff, 0xe8, 0x1,
    0xc2, 0x22, 0x27, 0xfb, 0x81, 0x49, 0x2b, 0xaf,
    0x3f, 0xd9, 0x7d, 0x96, 0xc0, 0x93, 0x51, 0x25,
    0x19, 0x88, 0x2e, 0x82, 0x0, 0xb7, 0x80, 0xf4,
    0x1d, 0xc1, 0xa8, 0x1b, 0x40, 0xc, 0x50, 0x14,
    0x2, 0x20, 0x20, 0x82, 0x60, 0x1, 0xe8, 0xa,
    0x81, 0x54, 0x14, 0xa1, 0x4c, 0x0, 0x33, 0x0,
    0x14, 0x8, 0x80, 0xae, 0xa, 0x60, 0x59, 0x80,
    0x3b, 0x5, 0x50, 0x59, 0x85, 0xe0, 0x1b, 0xb3,
    0xbf, 0xf9, 0x9c, 0x6, 0x11, 0xab, 0x8a, 0x79,
    0x2e, 0x99, 0x20, 0x0, 0xa4, 0x57, 0xaa, 0x8c,
    0xd4, 0x45, 0x38, 0xd, 0x84, 0x7, 0x1, 0x20,
    0x38, 0x78, 0x40, 0x8a, 0x9d, 0x1, 0x25, 0x6,
    0x74, 0xe, 0x34, 0x40,

    /* U+71C8 "燈" */
    0x0, 0x4f, 0x0, 0x79, 0x64, 0x3, 0xfd, 0xff,
    0x59, 0x35, 0x48, 0x7, 0xe6, 0x40, 0x14, 0x5,
    0x31, 0x5, 0x80, 0x3, 0x3a, 0x0, 0x38, 0xc8,
    0xb, 0x40, 0xdc, 0x1, 0xba, 0x4, 0x3, 0x66,
    0x3, 0xb0, 0xa8, 0x28, 0x36, 0x0, 0x6, 0x25,
    0x8, 0x8, 0x4c, 0xc, 0xa, 0x9, 0x2a, 0xb4,
    0x3, 0x98, 0x29, 0x6, 0x4a, 0x22, 0xea, 0xb1,
    0xd1, 0x85, 0x31, 0x99, 0xfc, 0x1e, 0xed, 0x40,
    0xea, 0x1, 0x31, 0x88, 0x4, 0x79, 0x90, 0x7,
    0x88, 0x6c, 0x2, 0x47, 0x73, 0x0, 0x80, 0x46,
    0x2, 0xa8, 0x87, 0x1f, 0xf2, 0x8c, 0x80, 0x54,
    0x1a, 0x6, 0x1e, 0x2a, 0x2a, 0x66, 0x0, 0xb,
    0x21, 0xe7, 0x55, 0x87, 0x68, 0x2, 0xa8, 0x20,
    0x50, 0x6, 0x8a, 0x60, 0x86, 0x4, 0xaa, 0x1,
    0xd3, 0x0, 0x6f, 0xff, 0xf0, 0x80,

    /* U+7269 "物" */
    0x0, 0xaf, 0xc4, 0x1, 0xb2, 0x1, 0xf6, 0xc8,
    0x6, 0x22, 0x0, 0x7e, 0x23, 0x0, 0xca, 0x0,
    0x55, 0x99, 0x82, 0x20, 0x45, 0xa, 0x4a, 0x6,
    0xaa, 0xa6, 0x44, 0x40, 0x11, 0x2, 0x71, 0x21,
    0x2, 0x80, 0x42, 0x81, 0x88, 0x18, 0xe1, 0x26,
    0xa4, 0x6, 0x6, 0x46, 0x60, 0x0, 0x83, 0x38,
    0xfa, 0x13, 0x80, 0x17, 0x0, 0x25, 0xb9, 0x90,
    0xb9, 0xab, 0x80, 0x89, 0x69, 0x2, 0x35, 0x8e,
    0x68, 0x2c, 0x40, 0xf, 0x4a, 0x0, 0x98, 0x91,
    0x66, 0x11, 0x98, 0x41, 0x1e, 0xd0, 0x1e, 0x82,
    0x98, 0x6c, 0x4, 0x80, 0xa1, 0x0, 0x29, 0xc6,
    0x81, 0x62, 0x6, 0x0, 0xfc, 0x7c, 0x16, 0x8,
    0x4, 0x1, 0xfa, 0xcd, 0x47, 0x64, 0x30, 0x3,
    0xf5, 0x3d, 0x29, 0x3, 0x20, 0x6, 0xad, 0x10,
    0x18, 0x1, 0xff, 0x48, 0x0,

    /* U+7387 "率" */
    0x0, 0xf8, 0xd0, 0x3, 0xf0, 0x8f, 0x26, 0x59,
    0x88, 0xf0, 0x3, 0xfb, 0xb5, 0x80, 0x33, 0xbb,
    0x84, 0x1d, 0x57, 0x10, 0x1a, 0x21, 0x54, 0x8a,
    0x21, 0xe9, 0x95, 0x24, 0x7e, 0xeb, 0x60, 0xbc,
    0x0, 0x53, 0x98, 0xe0, 0x3c, 0x3b, 0xb2, 0xa9,
    0x0, 0x7, 0xb3, 0x34, 0x8, 0x33, 0xc4, 0x2c,
    0x3, 0x2d, 0x62, 0xe0, 0xcb, 0xff, 0x4a, 0x80,
    0xb, 0xa8, 0xdf, 0xd0, 0x24, 0x49, 0xc2, 0xa8,
    0x4, 0x46, 0xea, 0x34, 0x42, 0xc8, 0x96, 0x19,
    0x0, 0x36, 0x0, 0x72, 0x91, 0x5f, 0xe0, 0xf6,
    0x41, 0x7b, 0xbc, 0x0, 0xee, 0xf2, 0xb2, 0x27,
    0x80, 0x8, 0x9e, 0x63, 0xbb, 0xf0, 0x2, 0xef,
    0xc6, 0x1, 0xff, 0xc4,

    /* U+74B0 "環" */
    0x7f, 0xfb, 0x8b, 0xff, 0xf4, 0x80, 0x88, 0x0,
    0x40, 0x6, 0x52, 0x90, 0xb0, 0x9, 0xbc, 0x1b,
    0x0, 0xc, 0xa5, 0x21, 0x60, 0x1f, 0xd1, 0x1f,
    0xb0, 0x0, 0x40, 0x63, 0xd1, 0x1f, 0xa8, 0x57,
    0x1, 0x76, 0x62, 0x3f, 0x85, 0x98, 0x5, 0x4b,
    0x71, 0x1f, 0x20, 0x1c, 0x2, 0x30, 0x8, 0x4c,
    0xe4, 0x0, 0xff, 0xe6, 0xb0, 0xcc, 0xe5, 0x10,
    0x8, 0xc1, 0x28, 0x3d, 0x41, 0x4c, 0x74, 0x90,
    0x23, 0x40, 0x93, 0xad, 0x1e, 0xa0, 0x70, 0x48,
    0x39, 0x23, 0x7a, 0xe4, 0xa, 0x31, 0xc0, 0x33,
    0x5b, 0x90, 0x2f, 0x82, 0xb0, 0x43, 0x95, 0x88,
    0x7, 0xae, 0x77, 0xa0, 0x23, 0x74, 0x20,

    /* U+7528 "用" */
    0x0, 0x4d, 0xdf, 0xfc, 0x40, 0x7, 0x44, 0xff,
    0x98, 0x3, 0x6e, 0xc0, 0xd, 0xd9, 0x0, 0x3c,
    0x45, 0x0, 0x8, 0xa1, 0x0, 0xf6, 0xec, 0x0,
    0xdd, 0x94, 0x3, 0xc4, 0x50, 0x0, 0x8a, 0x0,
    0xfb, 0xfe, 0x0, 0x7f, 0xca, 0x1, 0x84, 0x3,
    0xf8, 0x40, 0x3d, 0xff, 0x0, 0x3f, 0xe4, 0x0,
    0x88, 0x4, 0xce, 0x0, 0x19, 0xc2, 0x1, 0x28,
    0x36, 0x64, 0x0, 0xcc, 0x90, 0x2, 0xa0, 0xb0,
    0xf, 0xf9, 0xc8, 0x86, 0x1, 0xc3, 0xba, 0x50,
    0x65, 0x29, 0x0, 0xc4, 0x41, 0x11, 0xb, 0x91,
    0x35, 0x0, 0x36, 0xe8, 0x33, 0xfa, 0x0,

    /* U+7570 "異" */
    0x0, 0x67, 0xff, 0xfb, 0x80, 0x3d, 0x57, 0x60,
    0x1b, 0xb5, 0x0, 0x7e, 0xab, 0xb0, 0xd, 0xda,
    0x80, 0x3f, 0x44, 0xc8, 0x6, 0x65, 0x0, 0x1f,
    0xb7, 0xf0, 0x7, 0xfd, 0xa0, 0x1e, 0x71, 0x56,
    0x51, 0x13, 0x31, 0x44, 0x80, 0x35, 0xf3, 0x5,
    0x77, 0x24, 0x17, 0xb0, 0x2, 0x3f, 0xf3, 0x5,
    0x7f, 0xa4, 0x17, 0xfc, 0xa0, 0x1, 0x55, 0x8,
    0x1a, 0xa8, 0xc0, 0x55, 0x4c, 0x0, 0x2a, 0xa3,
    0x84, 0xd5, 0x40, 0x95, 0x43, 0x3, 0xff, 0x98,
    0x2b, 0xfd, 0x20, 0xbf, 0xf2, 0xa, 0xac, 0x60,
    0xab, 0x20, 0x12, 0xac, 0xc5, 0x5c, 0x6, 0x0,
    0xaa, 0x10, 0x13, 0xed, 0x90, 0x65, 0xa9, 0xcd,
    0x0, 0x27, 0x58, 0xa3, 0x4, 0x3a, 0x37, 0x18,
    0x3, 0x14, 0xfc, 0xe0, 0x80,

    /* U+78BA "確" */
    0x0, 0xff, 0x32, 0x80, 0x62, 0x77, 0xe0, 0x8,
    0x66, 0x0, 0x33, 0xc4, 0x75, 0xff, 0xb8, 0xb,
    0xfe, 0x34, 0xb3, 0x9, 0xb1, 0x5, 0x0, 0x3b,
    0x8c, 0x0, 0x28, 0x20, 0xc8, 0x64, 0x0, 0x53,
    0x4a, 0x31, 0x1, 0x24, 0x0, 0x4c, 0x94, 0xd,
    0x4f, 0xec, 0x81, 0xc1, 0x73, 0xd, 0x60, 0x6,
    0x10, 0x68, 0x0, 0x50, 0x0, 0x8e, 0x0, 0xd,
    0xe4, 0x3f, 0xe0, 0x53, 0xb, 0x70, 0xb6, 0x6,
    0xf2, 0x1f, 0xb0, 0xd0, 0xe, 0x5a, 0x3, 0x81,
    0x8, 0xe0, 0x92, 0x0, 0xf9, 0xcc, 0x0, 0x6c,
    0x3, 0xc0, 0x66, 0x0, 0xc9, 0x62, 0x17, 0xe0,
    0x1a, 0x54, 0x3, 0x2f, 0x10, 0x76, 0x80, 0x64,
    0x77, 0x0, 0x49, 0xa4, 0x1b, 0xa4, 0x1, 0x58,
    0x88, 0x3, 0x9, 0x10, 0x44, 0x0,

    /* U+7A7A "空" */
    0x0, 0xf0, 0xbb, 0x80, 0x3f, 0xf8, 0x27, 0x10,
    0x10, 0xf, 0xbb, 0xbb, 0x0, 0x1d, 0xde, 0x0,
    0x8, 0x8c, 0xe1, 0x2, 0x1, 0x33, 0x8, 0x80,
    0x21, 0xdd, 0x40, 0x2e, 0x1, 0x6e, 0x80, 0x3f,
    0x48, 0x60, 0x7, 0x2a, 0x0, 0x36, 0x9f, 0x4c,
    0x98, 0x40, 0xaa, 0x80, 0x26, 0x13, 0x70, 0x4b,
    0x80, 0x7, 0x5, 0x5c, 0xc1, 0x31, 0x7f, 0x42,
    0x0, 0x8f, 0xee, 0xbd, 0x40, 0x96, 0xff, 0xfe,
    0xee, 0x30, 0x7, 0x11, 0x60, 0x0, 0x91, 0x42,
    0x1, 0x8b, 0x77, 0x20, 0x66, 0xec, 0xc0, 0x1f,
    0xfc, 0x7e, 0xef, 0x20, 0x67, 0x77, 0x8, 0x8,
    0xf8, 0x0, 0x23, 0xe0,

    /* U+7A97 "窗" */
    0x0, 0xff, 0xe4, 0xdf, 0xa8, 0x7, 0xbf, 0xfc,
    0x81, 0x5f, 0xfc, 0x60, 0x1, 0x10, 0x0, 0x44,
    0x0, 0x11, 0x0, 0x62, 0xef, 0x10, 0xfd, 0x5,
    0xee, 0x20, 0x2, 0x52, 0x7c, 0x58, 0x44, 0xe,
    0xf1, 0xe1, 0x83, 0x30, 0xab, 0x29, 0xdc, 0x37,
    0x64, 0x70, 0x66, 0x97, 0x2d, 0x78, 0x55, 0x6b,
    0x40, 0x1, 0x33, 0x42, 0x8, 0xcd, 0xac, 0x3,
    0xad, 0x66, 0x85, 0xff, 0x80, 0x3e, 0x71, 0x9a,
    0x2b, 0xed, 0x0, 0xfa, 0x50, 0x8c, 0xd8, 0x7e,
    0x1, 0xf4, 0x64, 0x80, 0x42, 0x20, 0xf, 0x93,
    0xac, 0x6f, 0xa, 0xc0, 0x3e, 0xf2, 0x35, 0xcb,
    0x40, 0xf, 0xcc, 0x6, 0xef, 0x2b, 0x0, 0x75,
    0xff, 0xff, 0xb0, 0x0,

    /* U+7ACB "立" */
    0x0, 0xf0, 0xd5, 0x80, 0x7f, 0xf0, 0x45, 0x50,
    0x80, 0x3f, 0xf8, 0x2a, 0x2c, 0x1, 0xf2, 0xf7,
    0x72, 0x85, 0x77, 0x6c, 0x0, 0x84, 0x78, 0x4,
    0x7e, 0x0, 0x2f, 0xf5, 0xdb, 0xff, 0x75, 0x6f,
    0xe8, 0x6, 0x2b, 0x90, 0xc, 0xb5, 0x80, 0x1e,
    0x30, 0x21, 0x0, 0xb0, 0x10, 0x3, 0xe3, 0x4,
    0x0, 0x90, 0x3c, 0x3, 0xe4, 0xc, 0x0, 0x9,
    0x82, 0x0, 0x7d, 0xa0, 0xa0, 0x4, 0x3, 0x10,
    0xf, 0x9c, 0xc, 0x1, 0xe1, 0x40, 0x1f, 0x8e,
    0x30, 0x5, 0x41, 0xc0, 0x30, 0xff, 0xdd, 0x19,
    0xfc, 0x0, 0xef, 0xfa, 0x0, 0x47, 0xff, 0x85,
    0xe0,

    /* U+7BB1 "箱" */
    0x0, 0x34, 0x10, 0x6, 0x88, 0x8, 0x7, 0xc,
    0x3c, 0x4c, 0x98, 0x9d, 0xd1, 0x18, 0x82, 0xc4,
    0x15, 0x99, 0xb2, 0x0, 0x67, 0x7e, 0x52, 0xc0,
    0x4e, 0x24, 0x1d, 0x30, 0xae, 0x55, 0x17, 0x9c,
    0xa2, 0xe9, 0x51, 0x69, 0x70, 0x81, 0x69, 0x54,
    0xda, 0x25, 0xb3, 0xc, 0x2e, 0x7, 0x32, 0x40,
    0xe9, 0x46, 0x6c, 0x8b, 0x40, 0xcd, 0x8, 0x2b,
    0x10, 0x17, 0x73, 0x0, 0x27, 0x72, 0x80, 0x15,
    0xd4, 0xd, 0x99, 0x60, 0x11, 0x41, 0x80, 0x1a,
    0x48, 0x6, 0x20, 0xe0, 0x19, 0x58, 0x0, 0x7e,
    0x40, 0x5b, 0xab, 0x0, 0x8e, 0x84, 0xc2, 0x41,
    0xc0, 0xb7, 0x56, 0x1, 0x58, 0x53, 0x82, 0x7a,
    0x81, 0x77, 0x30, 0x2, 0x8b, 0x40, 0x8, 0x40,
    0x5, 0xdc, 0xc0, 0xc, 0x80, 0x1f, 0xb, 0x31,
    0x40, 0x3d, 0x5a, 0x40, 0x3d, 0xf3, 0x2a, 0xfd,
    0x0,

    /* U+7DDA "線" */
    0x0, 0xb, 0x88, 0x6, 0x18, 0x60, 0xf, 0x3c,
    0x40, 0x3, 0x3b, 0xb4, 0x3, 0xd4, 0x14, 0x21,
    0x9f, 0x20, 0x9f, 0xed, 0x0, 0x21, 0xb5, 0xf2,
    0x8, 0x44, 0x60, 0x30, 0x4, 0x5, 0x38, 0x28,
    0x0, 0x47, 0x0, 0x4e, 0x61, 0x81, 0x22, 0x0,
    0x88, 0xc0, 0x12, 0x29, 0x81, 0x28, 0x5, 0x33,
    0x80, 0x23, 0x83, 0x16, 0xe0, 0x10, 0x88, 0xc0,
    0x60, 0x78, 0x4, 0xc4, 0x4c, 0xef, 0x30, 0xdb,
    0x80, 0x71, 0x3, 0x0, 0x77, 0xf7, 0x4, 0x22,
    0xe8, 0x92, 0x7b, 0xf9, 0xbd, 0x80, 0x84, 0x14,
    0xb4, 0x82, 0x63, 0xe9, 0x88, 0x81, 0x20, 0x10,
    0x90, 0x8, 0x78, 0x72, 0xea, 0x2a, 0x80, 0xc,
    0x78, 0x4a, 0xa, 0x0, 0xa7, 0x5e, 0xb3, 0x9,
    0x42, 0x7, 0x53, 0xe7, 0xb, 0xa5, 0x41, 0x70,
    0xbc, 0x20,

    /* U+7F3A "缺" */
    0x5, 0xc3, 0x0, 0xe1, 0xfb, 0x0, 0xed, 0x30,
    0xf, 0xfe, 0x12, 0x86, 0x7f, 0xb4, 0x3, 0xf8,
    0x88, 0x20, 0x2, 0x62, 0xfe, 0x4, 0xff, 0x50,
    0x58, 0x50, 0xa6, 0xd8, 0x19, 0x0, 0xc, 0x2,
    0x87, 0x50, 0x0, 0x88, 0xb3, 0x0, 0x9a, 0x1,
    0x33, 0xf0, 0xa7, 0x70, 0xc0, 0x3f, 0x1b, 0x30,
    0x5, 0x98, 0xb7, 0x40, 0xb4, 0x8, 0xc9, 0xd4,
    0x2b, 0xbe, 0x68, 0x80, 0x14, 0x1, 0xf1, 0x84,
    0x0, 0x74, 0xaf, 0x40, 0x3d, 0xdb, 0xa4, 0x3,
    0xf0, 0xe8, 0x6d, 0xc0, 0x80, 0x7f, 0xa, 0x82,
    0xa8, 0xd0, 0x2, 0x81, 0x45, 0x0, 0x40, 0x30,
    0x48, 0x78, 0x0, 0xcf, 0x8, 0x3b, 0xc, 0x1,
    0x99, 0x8, 0x73, 0x36, 0xde, 0x5, 0x8, 0x2,
    0x81, 0xc0, 0x38, 0xd2, 0xf5, 0x0, 0x26, 0xf5,

    /* U+7F85 "羅" */
    0xb, 0xff, 0xff, 0xe0, 0x30, 0x6, 0x89, 0x2,
    0x98, 0x4, 0x94, 0x0, 0xff, 0xe4, 0x8, 0x44,
    0x81, 0x4c, 0x2, 0x4a, 0x1, 0x80, 0x2b, 0x41,
    0x7f, 0xe7, 0xa, 0x48, 0xf5, 0x0, 0xbc, 0x67,
    0x14, 0x9c, 0xd, 0x61, 0x98, 0x5, 0x84, 0xbc,
    0x63, 0xe0, 0x9, 0x10, 0x99, 0x1, 0x8a, 0x20,
    0xa3, 0x48, 0xb, 0x4c, 0x37, 0x40, 0x3a, 0x0,
    0xac, 0x4d, 0x2, 0xd3, 0xd, 0xb0, 0x1e, 0x40,
    0xa4, 0x27, 0x2, 0xb2, 0xb, 0xb0, 0xc, 0xca,
    0xf7, 0x15, 0xc0, 0xa8, 0x82, 0xa8, 0x0, 0xbf,
    0xc8, 0x83, 0x90, 0xc, 0x90, 0x4e, 0x0, 0xf,
    0xb8, 0xfe, 0x48, 0x3, 0x86, 0x19, 0xe4, 0x66,
    0x55, 0x22, 0x31, 0x0, 0xc, 0x64, 0xcc, 0x10,

    /* U+8166 "腦" */
    0x0, 0xf8, 0xd0, 0x8, 0x40, 0xc4, 0x1, 0x7f,
    0xf5, 0x87, 0x50, 0xe6, 0xb, 0x34, 0x3, 0x18,
    0x1, 0xca, 0xa0, 0x7a, 0x43, 0xc0, 0x21, 0xc1,
    0x9, 0x25, 0x63, 0x4, 0x41, 0x80, 0x64, 0x0,
    0x41, 0x3b, 0x8d, 0x98, 0x8c, 0x1, 0xd, 0x88,
    0x31, 0xcd, 0x15, 0x59, 0x48, 0x80, 0x5, 0xc0,
    0x28, 0x78, 0x8, 0x2e, 0xc1, 0x0, 0x1c, 0x8,
    0x36, 0x8a, 0x97, 0x4d, 0x58, 0x6, 0x71, 0xc,
    0x66, 0x0, 0x19, 0xa7, 0x0, 0x39, 0x40, 0x6,
    0xd6, 0xe3, 0x82, 0x0, 0x85, 0x24, 0x40, 0x27,
    0x77, 0x1a, 0x0, 0x62, 0x23, 0x0, 0x67, 0x20,
    0x2, 0x0, 0x42, 0x1e, 0x1, 0xd0, 0x56, 0xb8,
    0x1, 0x20, 0x2, 0x84, 0x40, 0x12, 0x69, 0x89,
    0x0, 0x4, 0xdd, 0x47, 0x80, 0xa, 0xa6, 0x62,
    0x80, 0x82, 0x60, 0xff, 0x25, 0x7f, 0xfd, 0xc0,

    /* U+81EA "自" */
    0x0, 0xcb, 0x70, 0x1, 0xfd, 0xe9, 0xe0, 0x1d,
    0x57, 0x72, 0x85, 0xdf, 0x3a, 0x26, 0x0, 0x1a,
    0x26, 0xd0, 0x7, 0x77, 0xd0, 0x1, 0x84, 0x7f,
    0x0, 0x6f, 0xff, 0xa4, 0x3, 0x19, 0xfc, 0x40,
    0x1b, 0x33, 0xeb, 0x0, 0xd7, 0x7f, 0x80, 0x32,
    0x27, 0xc4, 0x1, 0xbb, 0xff, 0xd0, 0x1, 0xff,
    0xc4, 0xef, 0xff, 0x40, 0x6, 0x44, 0xf8, 0x80,
    0x1d, 0xf7, 0x7f, 0x6f, 0xd0,

    /* U+826F "良" */
    0x0, 0xf3, 0x48, 0x7, 0xf8, 0x40, 0x10, 0xca,
    0x1, 0xf2, 0x7f, 0x7f, 0x84, 0x2b, 0xfe, 0xb0,
    0xe, 0x15, 0x5f, 0x20, 0x7, 0xcb, 0x55, 0xef,
    0x0, 0xf9, 0x3f, 0xfd, 0x60, 0x1f, 0x14, 0x47,
    0x98, 0x3, 0xe3, 0xdd, 0xf1, 0x0, 0x7c, 0x2a,
    0xbe, 0x40, 0xf, 0x93, 0xf0, 0x1, 0x9f, 0xea,
    0x1, 0x0, 0xf1, 0xb8, 0x71, 0x4d, 0x24, 0x80,
    0x7d, 0x8, 0x5a, 0xc5, 0x70, 0x0, 0x10, 0x74,
    0x7b, 0xf5, 0x0, 0x8, 0x80, 0x28, 0x3, 0xb8,
    0x42, 0xa9, 0x13, 0xaf, 0x60, 0x10, 0x26, 0xad,
    0x60, 0x6e, 0x94, 0x36, 0xe, 0xe6, 0xca, 0x90,
    0x6, 0x6b, 0xc0,

    /* U+8272 "色" */
    0x0, 0xec, 0x70, 0xf, 0xfe, 0xc, 0x1c, 0xce,
    0xa3, 0x0, 0xf9, 0x1c, 0x5, 0x9a, 0x5e, 0x0,
    0xf1, 0xd8, 0x56, 0xea, 0xc0, 0x1c, 0x1, 0xc9,
    0x81, 0xa, 0x44, 0x90, 0x93, 0x0, 0xc9, 0x60,
    0x8, 0xee, 0x79, 0x4, 0x77, 0x40, 0x4, 0x21,
    0x1, 0x33, 0x0, 0x8, 0xcc, 0x22, 0x0, 0xb1,
    0x82, 0xf7, 0x46, 0x19, 0xba, 0x10, 0xc, 0x20,
    0x2, 0x44, 0x8, 0x2a, 0x20, 0x3, 0xf4, 0x5d,
    0x88, 0x2e, 0xe1, 0x0, 0xf9, 0x19, 0xbe, 0x0,
    0xfd, 0xd3, 0x3f, 0x75, 0xb9, 0x0, 0x63, 0x0,
    0xf8, 0x72, 0x14, 0x1, 0xa1, 0x39, 0x9f, 0x9c,
    0x14, 0x0, 0xae, 0x46, 0x7f, 0x8a, 0x88,

    /* U+87A2 "螢" */
    0x0, 0xff, 0xe3, 0x9, 0xfb, 0x80, 0x4, 0x47,
    0xee, 0x1, 0xb2, 0x98, 0xb, 0x6b, 0x29, 0x80,
    0x6f, 0x0, 0x14, 0x9e, 0x1a, 0x52, 0xa9, 0xe0,
    0x69, 0x20, 0x7, 0xa5, 0x4, 0xb3, 0x9a, 0x50,
    0x9a, 0x50, 0x1b, 0xa0, 0x53, 0xb5, 0xaa, 0x2,
    0x9d, 0x40, 0xb, 0x1d, 0xd5, 0xb2, 0xb9, 0xe5,
    0x58, 0xf8, 0x0, 0x4e, 0xfe, 0xdb, 0xcc, 0xd9,
    0xf6, 0x32, 0x1, 0x9d, 0xf0, 0x1, 0xdf, 0x0,
    0x61, 0x0, 0xff, 0xe0, 0x18, 0x3, 0x3d, 0xdc,
    0xaa, 0x0, 0x2a, 0x9d, 0xdd, 0xa0, 0x1c, 0x59,
    0x80, 0x6, 0x60, 0x80, 0x3f, 0x17, 0x70, 0x1,
    0xdc, 0x20, 0xf, 0xae, 0xf0, 0x2, 0xec, 0x40,
    0x80, 0x12, 0xce, 0xeb, 0xb8, 0x0, 0xef, 0x0,
    0x52, 0x80, 0x35, 0x9a, 0x55, 0x0, 0xa3, 0x1,
    0x85, 0x10, 0x47, 0x73, 0xff, 0x77, 0x37, 0x59,
    0x8d, 0x20,

    /* U+8A8D "認" */
    0x0, 0x11, 0x80, 0x7f, 0xf0, 0xb7, 0x80, 0x9,
    0xff, 0xf7, 0x0, 0x4a, 0x46, 0xe, 0x66, 0x20,
    0x13, 0x3, 0x8, 0xb7, 0x18, 0xb1, 0x7f, 0x80,
    0xbc, 0x1, 0x0, 0x38, 0x93, 0xb8, 0x5b, 0x24,
    0x1c, 0x0, 0xe1, 0x28, 0x9a, 0x8f, 0xc, 0xc4,
    0x50, 0x8, 0x13, 0xbe, 0xd0, 0x17, 0x8, 0x7,
    0x2, 0x2, 0x99, 0xdc, 0x7a, 0x8e, 0xdf, 0x41,
    0x60, 0x77, 0x7b, 0xc4, 0x2a, 0xed, 0x32, 0xd3,
    0x3, 0xaa, 0xde, 0x19, 0x8a, 0x7f, 0x69, 0x40,
    0x28, 0x8d, 0xd1, 0x8c, 0x10, 0x80, 0xf0, 0x1,
    0x4f, 0x88, 0x3b, 0x80, 0xf, 0xa7, 0x46, 0x40,
    0x3, 0x0, 0x31, 0x60, 0x6, 0xce, 0x16, 0x0,
    0x57, 0x88, 0x23, 0x82, 0x44, 0x3, 0x79, 0x0,
    0x8, 0xcc, 0xbb, 0xa, 0x93, 0xb8, 0x90, 0x0,
    0x7b, 0x73, 0x26, 0x0, 0x57, 0xfd, 0xa2, 0x0,

    /* U+8ACB "請" */
    0x0, 0x3e, 0x0, 0x70, 0xfe, 0x0, 0x7b, 0x8c,
    0xc0, 0x4c, 0xd0, 0x13, 0x34, 0x20, 0xd, 0x6,
    0x4, 0x99, 0x40, 0xc, 0xcc, 0xb3, 0xf6, 0x15,
    0xe9, 0x10, 0x70, 0x18, 0x89, 0x36, 0x67, 0x8f,
    0x30, 0x60, 0x39, 0x8d, 0x6, 0x99, 0xde, 0xe2,
    0x30, 0x8, 0xc0, 0x86, 0xef, 0xb0, 0x59, 0xa3,
    0x26, 0x68, 0x40, 0xcf, 0x13, 0xa2, 0x7d, 0x4a,
    0x6c, 0xdb, 0xc1, 0xdf, 0xea, 0x2, 0x88, 0xd6,
    0x0, 0x3b, 0xbc, 0x1, 0x15, 0x56, 0x90, 0x1,
    0xdd, 0xe0, 0xe, 0x7c, 0x0, 0x8, 0x26, 0x65,
    0x60, 0x1d, 0xe6, 0x0, 0x20, 0x4c, 0xca, 0xc0,
    0x3a, 0x3c, 0x1, 0x21, 0x7f, 0xea, 0x70, 0xe,
    0x36, 0x67, 0x99, 0x90, 0x0, 0x6e, 0x32, 0x5,
    0xf9, 0x32, 0x59, 0xc0, 0x9, 0xbf, 0x94, 0x0,

    /* U+8B80 "讀" */
    0x0, 0x3c, 0x80, 0x71, 0xfb, 0x0, 0x7a, 0x99,
    0x2, 0xbf, 0xd8, 0x13, 0xff, 0x8, 0x2, 0x43,
    0x82, 0x33, 0x12, 0xf, 0x99, 0xa, 0xec, 0x83,
    0xe0, 0x66, 0x24, 0x1f, 0x31, 0x0, 0x2c, 0xc4,
    0x66, 0x9d, 0xcc, 0xec, 0xee, 0xc0, 0x4d, 0x33,
    0xbb, 0x5c, 0x58, 0x98, 0xd2, 0x0, 0x1a, 0xef,
    0x18, 0xc, 0x84, 0x17, 0x28, 0x5, 0xb1, 0x11,
    0xf1, 0xe1, 0x70, 0x4a, 0x90, 0x3, 0x6e, 0xec,
    0x62, 0x32, 0x32, 0x33, 0x20, 0x3, 0xee, 0xaa,
    0x0, 0x1c, 0x44, 0xe0, 0x1a, 0x21, 0x32, 0x50,
    0x8, 0x46, 0x0, 0xf1, 0xd0, 0x6, 0x2d, 0xd8,
    0xc0, 0x39, 0xd4, 0x3, 0xb, 0x34, 0xa0, 0x1c,
    0x9e, 0x1, 0x40, 0x8b, 0x10, 0x5a, 0x80, 0x21,
    0x77, 0xf, 0xc3, 0xf0, 0xcc, 0x93, 0x44, 0x33,
    0xa2, 0xd, 0xfe, 0x92, 0x0, 0x36, 0xf8, 0x80,

    /* U+9001 "送" */
    0x1, 0x60, 0xc, 0xc4, 0x0, 0x17, 0x20, 0xa,
    0xe5, 0xc0, 0x7, 0x3c, 0x0, 0x78, 0x80, 0x5,
    0x45, 0x6, 0x6, 0xa6, 0xa1, 0x61, 0x60, 0x1b,
    0xa0, 0xcb, 0x50, 0x23, 0x88, 0x32, 0x1, 0x7f,
    0x23, 0x40, 0x48, 0xc8, 0x4c, 0xc3, 0xe0, 0xec,
    0x80, 0xa5, 0x99, 0x10, 0x6e, 0x61, 0xc0, 0xa5,
    0x8a, 0x11, 0xde, 0x30, 0x67, 0x78, 0x1, 0x45,
    0xe1, 0xb1, 0x10, 0x84, 0x46, 0x6, 0x50, 0xdc,
    0xaa, 0x98, 0x0, 0x95, 0x50, 0x23, 0x38, 0x39,
    0xaa, 0x90, 0x5, 0x31, 0x54, 0x5, 0x34, 0x18,
    0x5, 0x84, 0xde, 0x6d, 0x82, 0x1, 0x58, 0x1b,
    0x69, 0xb4, 0x8e, 0x21, 0xe8, 0x0, 0x98, 0x24,
    0x92, 0xa4, 0x2, 0xb6, 0xf0, 0x1f, 0x8, 0x2b,
    0x6e, 0xa9, 0x95, 0x50, 0xbd, 0x88, 0x8e, 0xed,
    0x60, 0x45, 0x66, 0x2a, 0x90, 0xd0, 0xf6, 0x0,
    0xa7, 0x7f, 0xdd, 0xff, 0xc4,

    /* U+9010 "逐" */
    0x3, 0x90, 0xf, 0xfe, 0x15, 0x35, 0xf, 0xff,
    0xf8, 0x82, 0x49, 0x51, 0x9a, 0x10, 0x16, 0x6c,
    0x60, 0xf, 0x95, 0x98, 0x31, 0xf, 0x98, 0x38,
    0x15, 0xfd, 0x9c, 0x9e, 0x52, 0x6, 0x1c, 0x59,
    0x6, 0x61, 0x82, 0x20, 0xaa, 0xc2, 0x30, 0xa2,
    0x0, 0x70, 0x47, 0x19, 0xfd, 0x26, 0x5, 0xe,
    0x1, 0x58, 0xf0, 0x5e, 0xa4, 0xf8, 0x2, 0x10,
    0x0, 0xea, 0x1b, 0x7e, 0xdc, 0x18, 0x1, 0x5a,
    0x82, 0xb3, 0x80, 0x17, 0x75, 0x26, 0x60, 0xa0,
    0xa3, 0x29, 0xb0, 0x1e, 0xb3, 0x8c, 0x20, 0x5b,
    0x53, 0x0, 0x50, 0x73, 0x47, 0x66, 0x8a, 0x2,
    0x50, 0x0, 0x98, 0x26, 0x9c, 0x44, 0xb, 0x40,
    0x18, 0x78, 0x1c, 0xb7, 0x56, 0x8, 0x77, 0x57,
    0x8c, 0x64, 0xd1, 0xac, 0x8, 0xac, 0xc5, 0x52,
    0x1a, 0x97, 0xc8, 0x14, 0xef, 0xfb, 0xbf, 0xf8,
    0xc0,

    /* U+9031 "週" */
    0x0, 0x20, 0x7, 0xff, 0xa, 0x2d, 0xc1, 0xff,
    0xff, 0x60, 0x2, 0xa, 0xc, 0x0, 0xae, 0x40,
    0xee, 0x0, 0xef, 0x73, 0x0, 0x31, 0x18, 0x11,
    0x0, 0x23, 0xfd, 0x7b, 0x0, 0x39, 0x98, 0xc,
    0xc0, 0x11, 0x42, 0x6, 0x80, 0x7, 0x80, 0x1d,
    0xc0, 0x8, 0x5d, 0x4d, 0x80, 0xf, 0x62, 0x77,
    0x60, 0xd, 0x23, 0xc0, 0x14, 0xc4, 0x6c, 0x0,
    0x95, 0x83, 0x6b, 0xc0, 0x6e, 0xf1, 0x80, 0x4a,
    0xce, 0x0, 0x20, 0x10, 0xbe, 0x0, 0xf4, 0xe0,
    0x63, 0x8b, 0x85, 0x60, 0x7, 0xdc, 0x0, 0x25,
    0x11, 0x3d, 0x27, 0x83, 0x80, 0xd, 0x42, 0x21,
    0xe5, 0xd2, 0xf0, 0x47, 0xe0, 0x5a, 0x12, 0x11,
    0x37, 0x53, 0x32, 0x3c, 0x38, 0x8a, 0x1b, 0xdc,
    0x11, 0x59, 0x8a, 0xa4, 0x33, 0xb9, 0xc0, 0x63,
    0x7f, 0xdd, 0xcf, 0xfc, 0x80,

    /* U+904E "過" */
    0x0, 0x20, 0x7, 0xff, 0xa, 0xad, 0x80, 0xf,
    0xff, 0xe8, 0x0, 0xa8, 0xa4, 0xc0, 0x25, 0x99,
    0x38, 0x7, 0xf, 0x49, 0x80, 0x5b, 0xf2, 0xe0,
    0x19, 0x7b, 0x27, 0x80, 0x31, 0xa4, 0x80, 0x61,
    0x21, 0x9, 0x0, 0xe2, 0x50, 0xc, 0x9a, 0x6,
    0xf3, 0x1, 0xa, 0xd8, 0xf, 0x80, 0xa, 0x1e,
    0x0, 0xa1, 0xdf, 0x40, 0x4, 0xea, 0x1b, 0x80,
    0x6, 0x57, 0x79, 0x40, 0x25, 0x67, 0x7, 0x0,
    0xcd, 0x40, 0x1c, 0x53, 0x41, 0x80, 0x19, 0xe0,
    0x3, 0xeb, 0x3, 0x0, 0x85, 0x69, 0xe4, 0x1c,
    0x0, 0x4c, 0x12, 0x66, 0xc, 0xb7, 0x87, 0x3f,
    0x1, 0xf0, 0x82, 0x51, 0xaa, 0x4c, 0xa9, 0x9e,
    0x18, 0x88, 0xee, 0xd6, 0x4, 0x56, 0x62, 0xa9,
    0xd, 0x4f, 0x60, 0xa, 0x77, 0xfd, 0xdf, 0xfc,
    0x60,

    /* U+958B "開" */
    0xef, 0xfe, 0x4c, 0xff, 0xee, 0x0, 0x55, 0x14,
    0x3, 0x55, 0x40, 0x1a, 0xa8, 0xa0, 0x1a, 0xaa,
    0x0, 0xd7, 0x65, 0x0, 0xd7, 0x70, 0x6, 0x33,
    0x8, 0x6, 0x22, 0x80, 0x34, 0xc9, 0x44, 0x2,
    0x99, 0x80, 0x37, 0x4c, 0xc7, 0x71, 0xb, 0xf0,
    0xe, 0x88, 0xfb, 0x40, 0x3d, 0xec, 0x1c, 0xa1,
    0xb2, 0x1, 0xc5, 0x48, 0x16, 0x81, 0x10, 0x0,
    0xe1, 0x52, 0x5, 0x10, 0x54, 0x0, 0xe3, 0xf1,
    0x3f, 0x50, 0xec, 0x0, 0xf4, 0x8c, 0x80, 0x4b,
    0xdc, 0x3, 0x0, 0x8d, 0xd4, 0x2, 0x51, 0x11,
    0x4f, 0x78, 0x54, 0x0, 0x2b, 0xc7, 0xfd, 0xa8,

    /* U+95B1 "閱" */
    0x0, 0xff, 0xe1, 0x6f, 0xff, 0x34, 0xff, 0xf6,
    0x80, 0x2a, 0x8e, 0x1, 0x9e, 0xa8, 0x1, 0xaa,
    0x8e, 0x1, 0x9e, 0xa8, 0x1, 0xae, 0xd0, 0x1,
    0xa2, 0xec, 0x1, 0xae, 0xd0, 0x0, 0x10, 0x8b,
    0xb0, 0x6, 0xff, 0x5a, 0x2e, 0x37, 0x7f, 0x80,
    0x3a, 0x2c, 0x4d, 0x4b, 0x9c, 0x3, 0x95, 0x81,
    0xf7, 0x18, 0x24, 0xc0, 0x32, 0xf8, 0x24, 0xc9,
    0x83, 0x8c, 0x3, 0xe5, 0xdd, 0x30, 0x7, 0xe1,
    0x53, 0x6, 0x8, 0x0, 0xf8, 0x44, 0x12, 0x2e,
    0xb4, 0x20, 0x18, 0xf9, 0x24, 0xd, 0x71, 0x68,
    0x3, 0x1c, 0x63, 0x7, 0x44, 0xc9, 0x6, 0xf3,
    0x41, 0xcc, 0x0, 0x6e, 0xe6, 0xfe, 0x60,

    /* U+95DC "關" */
    0xdf, 0xfe, 0x67, 0xff, 0xed, 0x0, 0x5d, 0x98,
    0x3, 0x55, 0xd8, 0x3, 0x5d, 0x98, 0x3, 0x55,
    0xd8, 0x3, 0x5d, 0x98, 0x3, 0x55, 0xd8, 0x3,
    0x5d, 0x98, 0x3, 0x55, 0xd8, 0x3, 0x65, 0x5,
    0x3b, 0x14, 0xe6, 0x0, 0x31, 0xca, 0xe1, 0x30,
    0xf3, 0x18, 0x6, 0x12, 0x54, 0x1a, 0x36, 0x60,
    0x7, 0x94, 0x45, 0x4a, 0x7, 0x0, 0x1c, 0x61,
    0x2c, 0x4a, 0xab, 0x10, 0xe, 0x24, 0x43, 0x10,
    0x9e, 0x18, 0x7, 0xde, 0x7e, 0xe, 0x80, 0x1f,
    0x53, 0x82, 0x2, 0xa2, 0xc0, 0x7, 0xb, 0x51,
    0x81, 0x53, 0x38, 0x5e, 0xf8, 0x26, 0xa8, 0x64,
    0x85, 0x77, 0xb0,

    /* U+964D "降" */
    0x0, 0xfd, 0xa, 0x1, 0xdf, 0xfb, 0x44, 0x21,
    0xe4, 0xcc, 0x80, 0x10, 0xa0, 0x10, 0x2b, 0x81,
    0xe6, 0x2e, 0x80, 0xb, 0x40, 0x8d, 0x40, 0xbb,
    0x60, 0x9, 0x0, 0x9c, 0x3b, 0x5, 0x16, 0x28,
    0x24, 0xc0, 0x2d, 0x15, 0xbf, 0xe0, 0x51, 0x44,
    0x0, 0x63, 0x14, 0xbe, 0xa0, 0x51, 0x4d, 0xd2,
    0x80, 0x20, 0x60, 0x8e, 0x3b, 0x5a, 0x94, 0x54,
    0x2, 0x43, 0xf6, 0xdb, 0x87, 0xf0, 0x50, 0xf,
    0x7a, 0xac, 0x0, 0x55, 0x30, 0x1, 0xf5, 0x4a,
    0x81, 0xbc, 0x83, 0xfe, 0x0, 0x3d, 0xc6, 0x20,
    0x2c, 0x90, 0x4c, 0xc6, 0x0, 0x67, 0x1c, 0x3,
    0x60, 0x3, 0x34, 0xa0, 0x1d, 0x7d, 0xfe, 0x20,
    0xff, 0x98, 0x44, 0x1, 0x84, 0x3, 0xf0,

    /* U+9663 "陣" */
    0x0, 0xfc, 0x5f, 0x60, 0x1b, 0xbf, 0xea, 0x10,
    0x0, 0x80, 0x7c, 0x28, 0xb, 0x9f, 0xec, 0x4,
    0xff, 0x9c, 0xa, 0x40, 0xed, 0x54, 0x80, 0x2a,
    0xb1, 0x80, 0x10, 0x29, 0x48, 0xa0, 0x32, 0x26,
    0x20, 0x3, 0x1, 0xd5, 0xde, 0x2, 0x67, 0xb0,
    0x9, 0x84, 0x2, 0x9c, 0x5, 0xc0, 0xe, 0xf1,
    0x90, 0x4, 0xe8, 0x2e, 0x80, 0x71, 0x8a, 0x80,
    0x23, 0x1, 0x74, 0x3, 0xc6, 0x60, 0x4, 0x60,
    0x2e, 0x80, 0x77, 0x12, 0xa4, 0xca, 0x0, 0xa6,
    0x50, 0x1, 0x3b, 0x6d, 0xff, 0xb4, 0xf, 0xfd,
    0x8c, 0x0, 0x99, 0x3, 0x34, 0xa0, 0x2c, 0xd6,
    0x0, 0x66, 0xee, 0xac, 0x13, 0xba, 0xb0, 0xe,
    0x11, 0x98, 0x4, 0x78,

    /* U+9664 "除" */
    0x0, 0xfe, 0xa6, 0x0, 0xdf, 0xfa, 0xc0, 0x28,
    0x5b, 0x0, 0xe1, 0x40, 0x60, 0x3, 0xb8, 0xa,
    0x80, 0x32, 0xc8, 0x28, 0x44, 0x7, 0x55, 0x58,
    0x40, 0x12, 0x7, 0x6b, 0x8e, 0x15, 0x29, 0xeb,
    0x0, 0x30, 0x5c, 0x0, 0x53, 0x76, 0x11, 0x9c,
    0x0, 0x62, 0x78, 0xa6, 0x89, 0x8b, 0x84, 0x1,
    0x1, 0x43, 0x5f, 0xc0, 0x7f, 0x80, 0x18, 0x44,
    0x95, 0x76, 0xd0, 0x3b, 0xb9, 0x0, 0x30, 0xa2,
    0x46, 0x0, 0x44, 0x84, 0x1, 0xc2, 0xfd, 0x5b,
    0xc0, 0x7d, 0x1e, 0xa0, 0x7, 0x6b, 0x5a, 0x80,
    0x9, 0xe2, 0x40, 0x29, 0x91, 0x50, 0xd8, 0x4,
    0xca, 0xca, 0x1, 0x9c, 0x6a, 0x28, 0x1c, 0x2c,
    0xc4, 0x3, 0x27, 0x20, 0xa1, 0x78, 0xe, 0x20,

    /* U+9670 "陰" */
    0x0, 0xfc, 0xd0, 0x1, 0xdd, 0xff, 0x58, 0x1,
    0x25, 0xd4, 0x3, 0x85, 0x1, 0x81, 0xac, 0x92,
    0xa4, 0x3, 0x14, 0x83, 0x54, 0x8f, 0x52, 0xb7,
    0x38, 0x4, 0x80, 0xea, 0x43, 0x9c, 0xa4, 0x30,
    0x60, 0xc, 0x1c, 0x9f, 0xbb, 0xd3, 0xd6, 0x60,
    0x1, 0x1, 0x3d, 0xbb, 0xea, 0x40, 0xa, 0x46,
    0x57, 0x33, 0x20, 0x78, 0x6, 0x21, 0x42, 0x88,
    0xc8, 0x1e, 0x40, 0x18, 0xc8, 0xc0, 0x32, 0x20,
    0x3, 0xac, 0x81, 0xb3, 0x3e, 0x52, 0x0, 0x8e,
    0x62, 0x3f, 0x98, 0x1, 0x78, 0xfe, 0xc0, 0xdf,
    0x40, 0xde, 0x80, 0x1d, 0x4c, 0x22, 0x9c, 0x16,
    0x70, 0xf, 0x38, 0xb, 0xb3, 0x98, 0xd0, 0x76,
    0x0, 0x59, 0xdc, 0xff, 0x76, 0xf6, 0x80,

    /* U+96E2 "離" */
    0x0, 0x8e, 0x88, 0x2, 0x19, 0x44, 0x18, 0x0,
    0x5d, 0xd4, 0xb2, 0xee, 0x57, 0x6d, 0xbe, 0x0,
    0x1c, 0x41, 0x81, 0x22, 0x1f, 0xa1, 0x8, 0x64,
    0x5, 0x73, 0x5b, 0x13, 0x12, 0x81, 0x4e, 0xb2,
    0xc1, 0xb5, 0x9b, 0x79, 0x12, 0x0, 0x43, 0x44,
    0x78, 0x0, 0x48, 0x4d, 0xc1, 0x41, 0xfc, 0x4f,
    0xe4, 0x2, 0x2b, 0x61, 0x2, 0x3, 0x61, 0x26,
    0x20, 0x1, 0x35, 0x31, 0x84, 0x82, 0x48, 0xc,
    0xa8, 0xc, 0xd8, 0x5f, 0x68, 0x1, 0x70, 0xb,
    0x18, 0xde, 0x6c, 0x2f, 0xb6, 0x0, 0xcc, 0x22,
    0x31, 0x21, 0x22, 0xb, 0x30, 0x2, 0x6f, 0x13,
    0xf7, 0x13, 0x76, 0x77, 0x70, 0x4, 0x6c, 0x2,
    0xc8, 0x0, 0x64, 0x61, 0x90, 0x9, 0x24, 0x4a,
    0x4c, 0x0, 0xcf, 0x72, 0x40, 0xe0, 0xfe, 0x27,
    0xf6, 0x1, 0x42, 0x9, 0x8e, 0x0, 0xa2, 0x63,
    0xd, 0xa0, 0x3, 0xff, 0x3f, 0xf5, 0xde, 0x80,

    /* U+96E8 "雨" */
    0x7f, 0xff, 0xfe, 0x10, 0x80, 0x7f, 0xf1, 0x1f,
    0xff, 0xc0, 0x5f, 0xfe, 0x10, 0x0, 0x8f, 0x0,
    0x4, 0x78, 0x2, 0xce, 0xee, 0x2, 0xee, 0xe4,
    0x0, 0xc6, 0x88, 0x30, 0x2, 0x24, 0x20, 0x1e,
    0x81, 0xac, 0x2, 0xb9, 0x24, 0x0, 0xf1, 0x2f,
    0xa0, 0x1, 0x31, 0xd8, 0x3, 0xcf, 0xa0, 0x40,
    0x8, 0x5f, 0x60, 0xf, 0x8a, 0x94, 0x1, 0x30,
    0x20, 0x1f, 0xa2, 0xe8, 0x1, 0x38, 0xc0, 0x1f,
    0x6b, 0xac, 0x0, 0x31, 0x2c, 0x3, 0xe9, 0x6a,
    0x10, 0xb, 0x5, 0x1, 0xc0, 0x32, 0x48, 0x7,
    0x11, 0x83, 0x18, 0x0,

    /* U+96EA "雪" */
    0x1, 0xff, 0xff, 0xe0, 0x0, 0x43, 0x33, 0xc0,
    0x9, 0x9e, 0x0, 0xbe, 0x67, 0x80, 0x13, 0x3d,
    0xe0, 0x11, 0x33, 0xcc, 0x80, 0x13, 0x26, 0x80,
    0xe, 0x63, 0x78, 0x40, 0x12, 0xb6, 0x20, 0xc,
    0x22, 0xad, 0x76, 0x0, 0x13, 0xea, 0x90, 0x80,
    0x3b, 0xfb, 0x50, 0x80, 0x26, 0xdc, 0xde, 0x0,
    0x9d, 0xd5, 0xcb, 0x30, 0xbf, 0x6a, 0x1, 0xcc,
    0xca, 0xcc, 0x4c, 0xb3, 0x16, 0xc2, 0x1, 0x97,
    0x33, 0xf1, 0x0, 0x77, 0xf6, 0x67, 0xe2, 0xe,
    0xf2, 0x8, 0x8f, 0xf0, 0x83, 0xc1, 0x83, 0xaf,
    0xff, 0xe0, 0x4, 0xb8, 0x80, 0x5, 0xdf, 0xf0,
    0x80, 0x60,

    /* U+96F2 "雲" */
    0x0, 0x7f, 0xff, 0xdc, 0x1, 0x1b, 0xbf, 0x0,
    0x1d, 0xf4, 0xa0, 0x86, 0xbb, 0xf0, 0x1, 0xdf,
    0x45, 0xa8, 0x1, 0x4c, 0xd3, 0xc0, 0x3f, 0x6a,
    0x88, 0x0, 0xef, 0x58, 0x40, 0x4, 0xdb, 0x60,
    0x6, 0xcb, 0x1f, 0x5c, 0x0, 0x71, 0x5a, 0xd6,
    0xa0, 0x14, 0xec, 0x86, 0x80, 0x11, 0x11, 0xac,
    0x40, 0x16, 0x25, 0x43, 0xcc, 0x5, 0x5b, 0x18,
    0x6, 0x24, 0xac, 0xc4, 0xcb, 0x31, 0x6c, 0x60,
    0x11, 0x2d, 0x57, 0xf9, 0x8, 0x45, 0xb9, 0x55,
    0xfe, 0xcd, 0x61, 0xbb, 0x40, 0x1, 0xae, 0xd4,
    0x0, 0x7b, 0xb2, 0x82, 0x1c, 0x1, 0xf6, 0x63,
    0x4c, 0x1c, 0xd0, 0x80, 0x1e, 0x0, 0x38, 0x77,
    0x31, 0x10, 0x21, 0xc0, 0x29, 0xcd, 0xef, 0xfb,
    0xb9, 0xba, 0xb7, 0x0,

    /* U+96F7 "雷" */
    0x5, 0xff, 0xff, 0xe0, 0x38, 0x1, 0x2a, 0xb8,
    0x6, 0xab, 0x94, 0x1, 0xd5, 0x5c, 0x3, 0x55,
    0xda, 0x82, 0x2, 0xcb, 0x10, 0x0, 0x44, 0x15,
    0x46, 0x2, 0x0, 0x21, 0x59, 0x40, 0x13, 0xa5,
    0x5, 0x0, 0xa, 0xa5, 0x5a, 0xb8, 0x0, 0x82,
    0x27, 0xd5, 0x82, 0xaf, 0x6d, 0xc0, 0x94, 0xd2,
    0xb0, 0xe8, 0xc0, 0xe, 0x91, 0x67, 0x58, 0x5d,
    0x4c, 0x40, 0x1b, 0x52, 0x23, 0xf3, 0x48, 0x7,
    0xab, 0x74, 0x3, 0xbb, 0x0, 0x7e, 0xad, 0xd0,
    0xe, 0xec, 0x1, 0xfa, 0x73, 0x0, 0x39, 0x90,
    0x7, 0xe8, 0xdd, 0x0, 0xee, 0xc0, 0x1f, 0x91,
    0x98, 0xee, 0x66, 0x38, 0x7, 0xa3, 0x6a, 0x23,
    0xd3, 0xfc, 0x0,

    /* U+96F9 "雹" */
    0x0, 0x7f, 0xff, 0xdc, 0x1, 0x1c, 0x47, 0x0,
    0x22, 0x34, 0x98, 0xe, 0x44, 0x70, 0x2, 0x23,
    0xb0, 0x40, 0xa, 0xc4, 0xb8, 0x3, 0x8c, 0x4e,
    0x80, 0x1, 0x32, 0x8b, 0x76, 0x0, 0x2b, 0xac,
    0x99, 0x80, 0x19, 0x7d, 0x26, 0x1, 0x9, 0xbf,
    0xde, 0x8, 0x0, 0xcc, 0x30, 0xf1, 0x2b, 0xf8,
    0xe0, 0x1c, 0xa6, 0x33, 0xb1, 0xd, 0xd6, 0x36,
    0x8, 0x1, 0x68, 0x1a, 0x67, 0xb3, 0x2, 0x2,
    0x5, 0x40, 0x6, 0x99, 0xe2, 0x31, 0x10, 0x0,
    0xb3, 0x0, 0x55, 0x51, 0x83, 0x68, 0x28, 0x4,
    0x66, 0x2, 0x88, 0x84, 0x8b, 0x73, 0x8, 0x4,
    0x20, 0xb7, 0x78, 0xe6, 0xfa, 0x50, 0x2, 0xb3,
    0x79, 0x9f, 0x95, 0x60,

    /* U+96FB "電" */
    0x5, 0xff, 0xff, 0xe0, 0x20, 0x1, 0x3b, 0xb8,
    0x7, 0xbb, 0x94, 0x7, 0xbb, 0xc0, 0x3d, 0xde,
    0x10, 0x1, 0xa8, 0xad, 0x80, 0xdb, 0x9, 0x28,
    0x7, 0x5d, 0x85, 0xc0, 0xe, 0x93, 0xe6, 0x0,
    0x17, 0x4d, 0xb4, 0xb0, 0x2, 0x1c, 0x70, 0xb8,
    0x84, 0x58, 0xa4, 0xe1, 0xa9, 0xd4, 0x36, 0xc0,
    0x5, 0x44, 0xb3, 0x66, 0x97, 0x68, 0x59, 0x0,
    0xf4, 0x5d, 0x80, 0xae, 0xd4, 0x1, 0xfa, 0x2e,
    0xc0, 0x57, 0x6a, 0x0, 0xfd, 0x17, 0x60, 0x2b,
    0xb5, 0x0, 0x7e, 0x8b, 0xb0, 0x15, 0xda, 0x80,
    0x12, 0x60, 0xf, 0x3c, 0xfe, 0x0, 0x3b, 0xe5,
    0x64, 0x0, 0x36, 0x18, 0xc, 0xb, 0xbe, 0x63,
    0x60,

    /* U+9700 "需" */
    0x5, 0xff, 0xff, 0xe0, 0x20, 0x1, 0x2a, 0xb8,
    0x6, 0xab, 0x94, 0x1, 0xd5, 0x5c, 0x3, 0x55,
    0xdc, 0x22, 0x1, 0x42, 0x58, 0x0, 0x43, 0xa,
    0x8, 0x6, 0x2e, 0x65, 0x40, 0x13, 0x65, 0xe3,
    0x0, 0xa, 0xa8, 0x31, 0x14, 0x1, 0xa4, 0x26,
    0x8a, 0x0, 0xab, 0xa9, 0x24, 0x66, 0x6a, 0x22,
    0x62, 0x84, 0x55, 0x2, 0x87, 0x6, 0x5c, 0x68,
    0x57, 0x42, 0xe, 0xe3, 0x77, 0x22, 0xa9, 0xde,
    0x7, 0x70, 0xe, 0xaa, 0x26, 0x1, 0x44, 0x9d,
    0x3c, 0x40, 0xe, 0xce, 0xca, 0x20, 0xcc, 0x75,
    0x66, 0x0, 0x61, 0xe8, 0xa, 0xe0, 0x4e, 0x60,
    0xf, 0xfe, 0x13, 0x28, 0x7, 0xff, 0xb, 0x8c,
    0x94, 0x2, 0xfe, 0x7, 0xf4, 0xf, 0xb8, 0xed,
    0x10,

    /* U+9727 "霧" */
    0x4, 0xff, 0xff, 0xe0, 0x28, 0x1, 0xea, 0xb8,
    0x1, 0x55, 0xcc, 0x3, 0x95, 0x5c, 0x0, 0xaa,
    0xec, 0x20, 0x1, 0x39, 0x37, 0x0, 0xf4, 0x1b,
    0x10, 0x7, 0x5d, 0x3a, 0x0, 0x1a, 0x16, 0x0,
    0x21, 0xfc, 0xdb, 0x40, 0x44, 0x12, 0x86, 0x63,
    0xc8, 0x33, 0x84, 0xd6, 0xa6, 0x56, 0xac, 0x5d,
    0xe6, 0x19, 0xd, 0x20, 0xee, 0xc1, 0x8d, 0x40,
    0xc3, 0x2, 0x34, 0x95, 0xb5, 0xa5, 0x8d, 0x49,
    0x30, 0x4d, 0xb2, 0x5, 0xcb, 0xa5, 0x14, 0x9,
    0xf4, 0x46, 0x98, 0x2, 0x3, 0x9a, 0x4, 0xae,
    0x1d, 0x6, 0x49, 0xc0, 0x98, 0x5a, 0x1, 0xae,
    0x8, 0x15, 0xe8, 0x41, 0xe5, 0xdc, 0x7, 0x92,
    0x1a, 0x9, 0x80, 0xc6, 0x41, 0xcc, 0xf9, 0xf2,
    0x4c, 0x1, 0x27, 0xe0, 0x3, 0x3a, 0x3, 0x3f,
    0x44, 0x0,

    /* U+9810 "預" */
    0x0, 0xff, 0xe2, 0x1f, 0xff, 0x76, 0xff, 0xfc,
    0xe2, 0xab, 0x10, 0x1d, 0xbb, 0x88, 0x11, 0xdc,
    0x65, 0x1, 0xc6, 0x1e, 0xdd, 0xc0, 0x1, 0xf7,
    0x10, 0x15, 0x56, 0x34, 0x43, 0x32, 0x20, 0x79,
    0x90, 0x1, 0xf4, 0xc3, 0x80, 0x25, 0xff, 0x88,
    0x0, 0xdf, 0xa6, 0x9, 0xf4, 0xb, 0xff, 0x10,
    0x4, 0x22, 0x0, 0x8, 0x10, 0x25, 0xdc, 0x20,
    0x6, 0xef, 0x3, 0x80, 0xd0, 0x71, 0x18, 0x3,
    0xf6, 0xa, 0x81, 0xd5, 0x42, 0x1, 0xf5, 0xe8,
    0x1, 0x33, 0x22, 0x0, 0xf8, 0x4c, 0x0, 0x99,
    0x91, 0x0, 0x7f, 0xb, 0x3, 0x63, 0xa5, 0x80,
    0x33, 0x0, 0xe0, 0xb8, 0xc1, 0x86, 0x49, 0x48,
    0xc, 0x44, 0xf0, 0x12, 0x6e, 0x50, 0xaa, 0x18,
    0x2, 0xbf, 0x50, 0x13, 0xa4, 0x40, 0x25, 0xd4,

    /* U+98A8 "風" */
    0x0, 0x6f, 0xff, 0xfb, 0x0, 0x3c, 0x67, 0xf8,
    0x3, 0xf4, 0x5d, 0xfb, 0xc1, 0xc0, 0x3d, 0x91,
    0x1e, 0x40, 0xf, 0xd1, 0xfe, 0x5, 0xff, 0x38,
    0x7, 0xe7, 0xff, 0x2, 0xff, 0x9c, 0x3, 0xfc,
    0xe0, 0x4e, 0x1, 0xf8, 0xc4, 0x1, 0x0, 0xf2,
    0x0, 0x17, 0x0, 0xc2, 0x60, 0x8, 0x7, 0x90,
    0x1, 0x80, 0x62, 0x7, 0x0, 0x38, 0x13, 0x80,
    0x4, 0x40, 0x12, 0x6, 0xbf, 0xf8, 0x16, 0xc5,
    0x18, 0xcc, 0x21, 0x40, 0x53, 0x56, 0xb, 0x43,
    0xc4, 0x35, 0x8, 0x64, 0x88, 0x60, 0x57, 0x94,
    0x20, 0x3, 0xa, 0xa4, 0x8e, 0xe5, 0xd4, 0x3d,
    0x5c, 0x28, 0xd0, 0xda, 0x0, 0x7c, 0x28, 0x15,
    0xc4,

    /* U+9AD8 "高" */
    0x0, 0xf0, 0xb3, 0x80, 0x7f, 0xf0, 0x4e, 0x60,
    0x80, 0x3c, 0x5f, 0xfd, 0xa0, 0xd, 0xff, 0xe1,
    0x36, 0x6f, 0xfe, 0x10, 0x8a, 0x64, 0xef, 0xfe,
    0xb9, 0x0, 0xc2, 0x2a, 0xaf, 0x0, 0x80, 0x7e,
    0xbb, 0xf0, 0x80, 0x7d, 0x55, 0xfe, 0x20, 0xa,
    0xba, 0xef, 0xfd, 0xf4, 0x0, 0x11, 0x0, 0x7f,
    0xc2, 0x1, 0xb7, 0x53, 0x11, 0xd9, 0xa0, 0x1f,
    0x54, 0x4c, 0x42, 0x64, 0x80, 0x1f, 0xe7, 0x88,
    0x38, 0x7, 0xff, 0x1, 0xe6, 0x4e, 0x0, 0x70,
    0xf, 0xb6, 0x7b, 0xff, 0x54, 0x9f, 0x80,

    /* U+9B06 "鬆" */
    0x0, 0xff, 0xe0, 0x8, 0x7, 0x7f, 0xf9, 0x5,
    0x2b, 0xa8, 0x3, 0xf8, 0xd2, 0xa8, 0x75, 0x82,
    0x1, 0x85, 0xde, 0xa0, 0xba, 0x3a, 0x82, 0x0,
    0xef, 0xf8, 0x1, 0x76, 0x48, 0xc3, 0x3, 0xf0,
    0x18, 0x8a, 0x6a, 0x97, 0x9f, 0xb6, 0x7, 0x82,
    0x99, 0x62, 0x91, 0x31, 0xad, 0x16, 0x0, 0x80,
    0x4c, 0x85, 0x52, 0x13, 0xb6, 0xb8, 0x5, 0x7c,
    0x61, 0x97, 0xd8, 0x80, 0xd8, 0x60, 0x2, 0xff,
    0x18, 0x7e, 0x9a, 0xbd, 0x70, 0xe9, 0x1, 0xc3,
    0x0, 0x1d, 0x34, 0x77, 0xd3, 0x47, 0x4c, 0x5d,
    0x40, 0xb, 0xa9, 0xb2, 0x2e, 0x16, 0xc6, 0x5a,
    0x62, 0x3, 0xb5, 0x25, 0x41, 0x9d, 0x20, 0x16,
    0x10, 0x6c, 0xc2, 0x85, 0xe8, 0x2a, 0x80, 0xb4,
    0xc0, 0x2, 0x1a, 0x8c, 0xc9, 0xa3, 0xc0, 0xd,
    0x9e, 0x0, 0x5b, 0x98, 0x65, 0xc9, 0x0
};


/*---------------------
 *  GLYPH DESCRIPTION
 *--------------------*/

static const lv_font_fmt_txt_glyph_dsc_t glyph_dsc[] = {
    {.bitmap_index = 0, .adv_w = 0, .box_w = 0, .box_h = 0, .ofs_x = 0, .ofs_y = 0} /* id = 0 reserved */,
    {.bitmap_index = 0, .adv_w = 58, .box_w = 0, .box_h = 0, .ofs_x = 0, .ofs_y = 0},
    {.bitmap_index = 0, .adv_w = 95, .box_w = 4, .box_h = 12, .ofs_x = 1, .ofs_y = 0},
    {.bitmap_index = 24, .adv_w = 147, .box_w = 7, .box_h = 6, .ofs_x = 1, .ofs_y = 7},
    {.bitmap_index = 45, .adv_w = 151, .box_w = 9, .box_h = 12, .ofs_x = 0, .ofs_y = 0},
    {.bitmap_index = 99, .adv_w = 151, .box_w = 9, .box_h = 16, .ofs_x = 0, .ofs_y = -2},
    {.bitmap_index = 165, .adv_w = 247, .box_w = 15, .box_h = 12, .ofs_x = 0, .ofs_y = 0},
    {.bitmap_index = 252, .adv_w = 189, .box_w = 12, .box_h = 12, .ofs_x = 0, .ofs_y = 0},
    {.bitmap_index = 317, .adv_w = 83, .box_w = 3, .box_h = 6, .ofs_x = 1, .ofs_y = 7},
    {.bitmap_index = 326, .adv_w = 97, .box_w = 5, .box_h = 18, .ofs_x = 1, .ofs_y = -4},
    {.bitmap_index = 368, .adv_w = 97, .box_w = 5, .box_h = 18, .ofs_x = 0, .ofs_y = -4},
    {.bitmap_index = 411, .adv_w = 130, .box_w = 8, .box_h = 7, .ofs_x = 0, .ofs_y = 6},
    {.bitmap_index = 439, .adv_w = 151, .box_w = 9, .box_h = 9, .ofs_x = 0, .ofs_y = 2},
    {.bitmap_index = 465, .adv_w = 83, .box_w = 5, .box_h = 7, .ofs_x = 0, .ofs_y = -4},
    {.bitmap_index = 483, .adv_w = 95, .box_w = 6, .box_h = 2, .ofs_x = 0, .ofs_y = 4},
    {.bitmap_index = 488, .adv_w = 83, .box_w = 4, .box_h = 4, .ofs_x = 1, .ofs_y = 0},
    {.bitmap_index = 496, .adv_w = 99, .box_w = 6, .box_h = 16, .ofs_x = 0, .ofs_y = -3},
    {.bitmap_index = 540, .adv_w = 151, .box_w = 9, .box_h = 12, .ofs_x = 0, .ofs_y = 0},
    {.bitmap_index = 593, .adv_w = 151, .box_w = 8, .box_h = 12, .ofs_x = 1, .ofs_y = 0},
    {.bitmap_index = 617, .adv_w = 151, .box_w = 9, .box_h = 12, .ofs_x = 0, .ofs_y = 0},
    {.bitmap_index = 667, .adv_w = 151, .box_w = 9, .box_h = 12, .ofs_x = 0, .ofs_y = 0},
    {.bitmap_index = 718, .adv_w = 151, .box_w = 9, .box_h = 12, .ofs_x = 0, .ofs_y = 0},
    {.bitmap_index = 759, .adv_w = 151, .box_w = 9, .box_h = 12, .ofs_x = 0, .ofs_y = 0},
    {.bitmap_index = 805, .adv_w = 151, .box_w = 9, .box_h = 12, .ofs_x = 0, .ofs_y = 0},
    {.bitmap_index = 859, .adv_w = 151, .box_w = 9, .box_h = 12, .ofs_x = 0, .ofs_y = 0},
    {.bitmap_index = 898, .adv_w = 151, .box_w = 9, .box_h = 12, .ofs_x = 0, .ofs_y = 0},
    {.bitmap_index = 952, .adv_w = 151, .box_w = 9, .box_h = 12, .ofs_x = 0, .ofs_y = 0},
    {.bitmap_index = 1006, .adv_w = 83, .box_w = 4, .box_h = 9, .ofs_x = 1, .ofs_y = 0},
    {.bitmap_index = 1022, .adv_w = 83, .box_w = 5, .box_h = 13, .ofs_x = 0, .ofs_y = -4},
    {.bitmap_index = 1053, .adv_w = 151, .box_w = 9, .box_h = 9, .ofs_x = 0, .ofs_y = 1},
    {.bitmap_index = 1090, .adv_w = 151, .box_w = 9, .box_h = 6, .ofs_x = 0, .ofs_y = 3},
    {.bitmap_index = 1105, .adv_w = 151, .box_w = 9, .box_h = 9, .ofs_x = 0, .ofs_y = 1},
    {.bitmap_index = 1142, .adv_w = 132, .box_w = 8, .box_h = 12, .ofs_x = 0, .ofs_y = 0},
    {.bitmap_index = 1187, .adv_w = 258, .box_w = 16, .box_h = 15, .ofs_x = 0, .ofs_y = -3},
    {.bitmap_index = 1300, .adv_w = 164, .box_w = 12, .box_h = 12, .ofs_x = -1, .ofs_y = 0},
    {.bitmap_index = 1361, .adv_w = 174, .box_w = 10, .box_h = 12, .ofs_x = 1, .ofs_y = 0},
    {.bitmap_index = 1413, .adv_w = 168, .box_w = 11, .box_h = 12, .ofs_x = 0, .ofs_y = 0},
    {.bitmap_index = 1467, .adv_w = 183, .box_w = 10, .box_h = 12, .ofs_x = 1, .ofs_y = 0},
    {.bitmap_index = 1513, .adv_w = 157, .box_w = 8, .box_h = 12, .ofs_x = 1, .ofs_y = 0},
    {.bitmap_index = 1540, .adv_w = 150, .box_w = 8, .box_h = 12, .ofs_x = 1, .ofs_y = 0},
    {.bitmap_index = 1561, .adv_w = 184, .box_w = 11, .box_h = 12, .ofs_x = 0, .ofs_y = 0},
    {.bitmap_index = 1622, .adv_w = 194, .box_w = 10, .box_h = 12, .ofs_x = 1, .ofs_y = 0},
    {.bitmap_index = 1641, .adv_w = 84, .box_w = 3, .box_h = 12, .ofs_x = 1, .ofs_y = 0},
    {.bitmap_index = 1646, .adv_w = 145, .box_w = 8, .box_h = 12, .ofs_x = 0, .ofs_y = 0},
    {.bitmap_index = 1666, .adv_w = 176, .box_w = 11, .box_h = 12, .ofs_x = 1, .ofs_y = 0},
    {.bitmap_index = 1716, .adv_w = 148, .box_w = 8, .box_h = 12, .ofs_x = 1, .ofs_y = 0},
    {.bitmap_index = 1727, .adv_w = 218, .box_w = 12, .box_h = 12, .ofs_x = 1, .ofs_y = 0},
    {.bitmap_index = 1784, .adv_w = 192, .box_w = 10, .box_h = 12, .ofs_x = 1, .ofs_y = 0},
    {.bitmap_index = 1827, .adv_w = 197, .box_w = 12, .box_h = 12, .ofs_x = 0, .ofs_y = 0},
    {.bitmap_index = 1894, .adv_w = 171, .box_w = 9, .box_h = 12, .ofs_x = 1, .ofs_y = 0},
    {.bitmap_index = 1934, .adv_w = 197, .box_w = 12, .box_h = 15, .ofs_x = 0, .ofs_y = -3},
    {.bitmap_index = 2015, .adv_w = 175, .box_w = 10, .box_h = 12, .ofs_x = 1, .ofs_y = 0},
    {.bitmap_index = 2063, .adv_w = 160, .box_w = 10, .box_h = 12, .ofs_x = 0, .ofs_y = 0},
    {.bitmap_index = 2122, .adv_w = 160, .box_w = 10, .box_h = 12, .ofs_x = 0, .ofs_y = 0},
    {.bitmap_index = 2140, .adv_w = 191, .box_w = 10, .box_h = 12, .ofs_x = 1, .ofs_y = 0},
    {.bitmap_index = 2171, .adv_w = 158, .box_w = 11, .box_h = 12, .ofs_x = -1, .ofs_y = 0},
    {.bitmap_index = 2232, .adv_w = 234, .box_w = 15, .box_h = 12, .ofs_x = 0, .ofs_y = 0},
    {.bitmap_index = 2323, .adv_w = 161, .box_w = 10, .box_h = 12, .ofs_x = 0, .ofs_y = 0},
    {.bitmap_index = 2381, .adv_w = 148, .box_w = 11, .box_h = 12, .ofs_x = -1, .ofs_y = 0},
    {.bitmap_index = 2427, .adv_w = 157, .box_w = 10, .box_h = 12, .ofs_x = 0, .ofs_y = 0},
    {.bitmap_index = 2472, .adv_w = 97, .box_w = 5, .box_h = 16, .ofs_x = 1, .ofs_y = -3},
    {.bitmap_index = 2487, .adv_w = 99, .box_w = 6, .box_h = 16, .ofs_x = 0, .ofs_y = -3},
    {.bitmap_index = 2529, .adv_w = 97, .box_w = 5, .box_h = 16, .ofs_x = 0, .ofs_y = -3},
    {.bitmap_index = 2543, .adv_w = 151, .box_w = 9, .box_h = 7, .ofs_x = 0, .ofs_y = 5},
    {.bitmap_index = 2572, .adv_w = 145, .box_w = 9, .box_h = 3, .ofs_x = 0, .ofs_y = -3},
    {.bitmap_index = 2580, .adv_w = 160, .box_w = 6, .box_h = 5, .ofs_x = 1, .ofs_y = 10},
    {.bitmap_index = 2594, .adv_w = 151, .box_w = 9, .box_h = 9, .ofs_x = 0, .ofs_y = 0},
    {.bitmap_index = 2635, .adv_w = 165, .box_w = 9, .box_h = 13, .ofs_x = 1, .ofs_y = 0},
    {.bitmap_index = 2676, .adv_w = 135, .box_w = 8, .box_h = 9, .ofs_x = 0, .ofs_y = 0},
    {.bitmap_index = 2712, .adv_w = 165, .box_w = 10, .box_h = 13, .ofs_x = 0, .ofs_y = 0},
    {.bitmap_index = 2758, .adv_w = 149, .box_w = 9, .box_h = 9, .ofs_x = 0, .ofs_y = 0},
    {.bitmap_index = 2799, .adv_w = 95, .box_w = 7, .box_h = 13, .ofs_x = 0, .ofs_y = 0},
    {.bitmap_index = 2828, .adv_w = 153, .box_w = 10, .box_h = 12, .ofs_x = 0, .ofs_y = -3},
    {.bitmap_index = 2885, .adv_w = 164, .box_w = 9, .box_h = 13, .ofs_x = 1, .ofs_y = 0},
    {.bitmap_index = 2909, .adv_w = 78, .box_w = 3, .box_h = 13, .ofs_x = 1, .ofs_y = 0},
    {.bitmap_index = 2920, .adv_w = 78, .box_w = 5, .box_h = 16, .ofs_x = -1, .ofs_y = -3},
    {.bitmap_index = 2943, .adv_w = 155, .box_w = 9, .box_h = 13, .ofs_x = 1, .ofs_y = 0},
    {.bitmap_index = 2980, .adv_w = 81, .box_w = 4, .box_h = 13, .ofs_x = 1, .ofs_y = 0},
    {.bitmap_index = 2990, .adv_w = 247, .box_w = 14, .box_h = 9, .ofs_x = 1, .ofs_y = 0},
    {.bitmap_index = 3022, .adv_w = 164, .box_w = 9, .box_h = 9, .ofs_x = 1, .ofs_y = 0},
    {.bitmap_index = 3043, .adv_w = 160, .box_w = 10, .box_h = 9, .ofs_x = 0, .ofs_y = 0},
    {.bitmap_index = 3090, .adv_w = 165, .box_w = 9, .box_h = 12, .ofs_x = 1, .ofs_y = -3},
    {.bitmap_index = 3134, .adv_w = 165, .box_w = 10, .box_h = 12, .ofs_x = 0, .ofs_y = -3},
    {.bitmap_index = 3181, .adv_w = 112, .box_w = 6, .box_h = 10, .ofs_x = 1, .ofs_y = 0},
    {.bitmap_index = 3199, .adv_w = 127, .box_w = 8, .box_h = 9, .ofs_x = 0, .ofs_y = 0},
    {.bitmap_index = 3236, .adv_w = 108, .box_w = 7, .box_h = 12, .ofs_x = 0, .ofs_y = 0},
    {.bitmap_index = 3269, .adv_w = 163, .box_w = 8, .box_h = 9, .ofs_x = 1, .ofs_y = 0},
    {.bitmap_index = 3289, .adv_w = 147, .box_w = 9, .box_h = 9, .ofs_x = 0, .ofs_y = 0},
    {.bitmap_index = 3329, .adv_w = 221, .box_w = 14, .box_h = 9, .ofs_x = 0, .ofs_y = 0},
    {.bitmap_index = 3393, .adv_w = 144, .box_w = 9, .box_h = 9, .ofs_x = 0, .ofs_y = 0},
    {.bitmap_index = 3433, .adv_w = 147, .box_w = 9, .box_h = 12, .ofs_x = 0, .ofs_y = -3},
    {.bitmap_index = 3483, .adv_w = 131, .box_w = 8, .box_h = 9, .ofs_x = 0, .ofs_y = 0},
    {.bitmap_index = 3518, .adv_w = 97, .box_w = 6, .box_h = 16, .ofs_x = 0, .ofs_y = -3},
    {.bitmap_index = 3557, .adv_w = 76, .box_w = 3, .box_h = 18, .ofs_x = 1, .ofs_y = -4},
    {.bitmap_index = 3563, .adv_w = 97, .box_w = 6, .box_h = 16, .ofs_x = 0, .ofs_y = -3},
    {.bitmap_index = 3605, .adv_w = 151, .box_w = 9, .box_h = 3, .ofs_x = 0, .ofs_y = 4},
    {.bitmap_index = 3619, .adv_w = 103, .box_w = 6, .box_h = 6, .ofs_x = 0, .ofs_y = 6},
    {.bitmap_index = 3638, .adv_w = 256, .box_w = 6, .box_h = 5, .ofs_x = 5, .ofs_y = 4},
    {.bitmap_index = 3650, .adv_w = 151, .box_w = 10, .box_h = 12, .ofs_x = 0, .ofs_y = 0},
    {.bitmap_index = 3710, .adv_w = 256, .box_w = 16, .box_h = 3, .ofs_x = 0, .ofs_y = 5},
    {.bitmap_index = 3722, .adv_w = 256, .box_w = 14, .box_h = 14, .ofs_x = 1, .ofs_y = -1},
    {.bitmap_index = 3765, .adv_w = 256, .box_w = 14, .box_h = 15, .ofs_x = 1, .ofs_y = -1},
    {.bitmap_index = 3823, .adv_w = 256, .box_w = 16, .box_h = 13, .ofs_x = 0, .ofs_y = -1},
    {.bitmap_index = 3861, .adv_w = 256, .box_w = 16, .box_h = 13, .ofs_x = 0, .ofs_y = -1},
    {.bitmap_index = 3940, .adv_w = 256, .box_w = 16, .box_h = 16, .ofs_x = 0, .ofs_y = -2},
    {.bitmap_index = 4037, .adv_w = 256, .box_w = 16, .box_h = 16, .ofs_x = 0, .ofs_y = -2},
    {.bitmap_index = 4129, .adv_w = 256, .box_w = 16, .box_h = 15, .ofs_x = 0, .ofs_y = -1},
    {.bitmap_index = 4213, .adv_w = 256, .box_w = 16, .box_h = 15, .ofs_x = 0, .ofs_y = -1},
    {.bitmap_index = 4318, .adv_w = 256, .box_w = 16, .box_h = 16, .ofs_x = 0, .ofs_y = -2},
    {.bitmap_index = 4415, .adv_w = 256, .box_w = 14, .box_h = 14, .ofs_x = 1, .ofs_y = -1},
    {.bitmap_index = 4492, .adv_w = 256, .box_w = 16, .box_h = 14, .ofs_x = 0, .ofs_y = -1},
    {.bitmap_index = 4582, .adv_w = 256, .box_w = 16, .box_h = 16, .ofs_x = 0, .ofs_y = -2},
    {.bitmap_index = 4675, .adv_w = 256, .box_w = 16, .box_h = 15, .ofs_x = 0, .ofs_y = -1},
    {.bitmap_index = 4777, .adv_w = 256, .box_w = 16, .box_h = 16, .ofs_x = 0, .ofs_y = -2},
    {.bitmap_index = 4887, .adv_w = 256, .box_w = 14, .box_h = 15, .ofs_x = 1, .ofs_y = -1},
    {.bitmap_index = 4948, .adv_w = 256, .box_w = 15, .box_h = 15, .ofs_x = 0, .ofs_y = -1},
    {.bitmap_index = 5041, .adv_w = 256, .box_w = 16, .box_h = 16, .ofs_x = 0, .ofs_y = -2},
    {.bitmap_index = 5144, .adv_w = 256, .box_w = 16, .box_h = 17, .ofs_x = 0, .ofs_y = -2},
    {.bitmap_index = 5266, .adv_w = 256, .box_w = 16, .box_h = 16, .ofs_x = 0, .ofs_y = -2},
    {.bitmap_index = 5390, .adv_w = 256, .box_w = 15, .box_h = 15, .ofs_x = 0, .ofs_y = -2},
    {.bitmap_index = 5476, .adv_w = 256, .box_w = 14, .box_h = 14, .ofs_x = 1, .ofs_y = -1},
    {.bitmap_index = 5544, .adv_w = 256, .box_w = 16, .box_h = 15, .ofs_x = 0, .ofs_y = -1},
    {.bitmap_index = 5590, .adv_w = 256, .box_w = 16, .box_h = 17, .ofs_x = 0, .ofs_y = -2},
    {.bitmap_index = 5694, .adv_w = 256, .box_w = 16, .box_h = 16, .ofs_x = 0, .ofs_y = -2},
    {.bitmap_index = 5817, .adv_w = 256, .box_w = 16, .box_h = 17, .ofs_x = 0, .ofs_y = -2},
    {.bitmap_index = 5932, .adv_w = 256, .box_w = 16, .box_h = 15, .ofs_x = 0, .ofs_y = -2},
    {.bitmap_index = 6035, .adv_w = 256, .box_w = 16, .box_h = 17, .ofs_x = 0, .ofs_y = -2},
    {.bitmap_index = 6152, .adv_w = 256, .box_w = 17, .box_h = 15, .ofs_x = 0, .ofs_y = -1},
    {.bitmap_index = 6250, .adv_w = 256, .box_w = 16, .box_h = 16, .ofs_x = 0, .ofs_y = -2},
    {.bitmap_index = 6362, .adv_w = 256, .box_w = 16, .box_h = 16, .ofs_x = 0, .ofs_y = -2},
    {.bitmap_index = 6473, .adv_w = 256, .box_w = 16, .box_h = 16, .ofs_x = 0, .ofs_y = -2},
    {.bitmap_index = 6562, .adv_w = 256, .box_w = 16, .box_h = 15, .ofs_x = 0, .ofs_y = -2},
    {.bitmap_index = 6653, .adv_w = 256, .box_w = 16, .box_h = 16, .ofs_x = 0, .ofs_y = -2},
    {.bitmap_index = 6763, .adv_w = 256, .box_w = 16, .box_h = 17, .ofs_x = 0, .ofs_y = -2},
    {.bitmap_index = 6877, .adv_w = 256, .box_w = 16, .box_h = 15, .ofs_x = 0, .ofs_y = -1},
    {.bitmap_index = 6969, .adv_w = 256, .box_w = 16, .box_h = 15, .ofs_x = 0, .ofs_y = -2},
    {.bitmap_index = 7061, .adv_w = 256, .box_w = 16, .box_h = 14, .ofs_x = 0, .ofs_y = -1},
    {.bitmap_index = 7099, .adv_w = 256, .box_w = 15, .box_h = 14, .ofs_x = 1, .ofs_y = -1},
    {.bitmap_index = 7162, .adv_w = 256, .box_w = 14, .box_h = 15, .ofs_x = 1, .ofs_y = -1},
    {.bitmap_index = 7256, .adv_w = 256, .box_w = 16, .box_h = 15, .ofs_x = 0, .ofs_y = -1},
    {.bitmap_index = 7358, .adv_w = 256, .box_w = 16, .box_h = 16, .ofs_x = 0, .ofs_y = -2},
    {.bitmap_index = 7473, .adv_w = 256, .box_w = 16, .box_h = 16, .ofs_x = 0, .ofs_y = -2},
    {.bitmap_index = 7594, .adv_w = 256, .box_w = 16, .box_h = 16, .ofs_x = 0, .ofs_y = -2},
    {.bitmap_index = 7705, .adv_w = 256, .box_w = 16, .box_h = 16, .ofs_x = 0, .ofs_y = -1},
    {.bitmap_index = 7805, .adv_w = 256, .box_w = 16, .box_h = 16, .ofs_x = 0, .ofs_y = -2},
    {.bitmap_index = 7923, .adv_w = 256, .box_w = 16, .box_h = 16, .ofs_x = 0, .ofs_y = -2},
    {.bitmap_index = 8040, .adv_w = 256, .box_w = 13, .box_h = 15, .ofs_x = 2, .ofs_y = -2},
    {.bitmap_index = 8083, .adv_w = 256, .box_w = 15, .box_h = 15, .ofs_x = 1, .ofs_y = -1},
    {.bitmap_index = 8179, .adv_w = 256, .box_w = 15, .box_h = 16, .ofs_x = 1, .ofs_y = -2},
    {.bitmap_index = 8284, .adv_w = 256, .box_w = 15, .box_h = 16, .ofs_x = 1, .ofs_y = -2},
    {.bitmap_index = 8395, .adv_w = 256, .box_w = 16, .box_h = 15, .ofs_x = 0, .ofs_y = -2},
    {.bitmap_index = 8489, .adv_w = 256, .box_w = 14, .box_h = 15, .ofs_x = 0, .ofs_y = -2},
    {.bitmap_index = 8556, .adv_w = 256, .box_w = 16, .box_h = 16, .ofs_x = 0, .ofs_y = -2},
    {.bitmap_index = 8651, .adv_w = 256, .box_w = 17, .box_h = 17, .ofs_x = 0, .ofs_y = -2},
    {.bitmap_index = 8773, .adv_w = 256, .box_w = 16, .box_h = 16, .ofs_x = 0, .ofs_y = -1},
    {.bitmap_index = 8882, .adv_w = 256, .box_w = 16, .box_h = 16, .ofs_x = 0, .ofs_y = -2},
    {.bitmap_index = 9006, .adv_w = 256, .box_w = 16, .box_h = 16, .ofs_x = 0, .ofs_y = -2},
    {.bitmap_index = 9115, .adv_w = 256, .box_w = 16, .box_h = 15, .ofs_x = 0, .ofs_y = -1},
    {.bitmap_index = 9205, .adv_w = 256, .box_w = 16, .box_h = 16, .ofs_x = 0, .ofs_y = -2},
    {.bitmap_index = 9322, .adv_w = 256, .box_w = 16, .box_h = 16, .ofs_x = 0, .ofs_y = -2},
    {.bitmap_index = 9439, .adv_w = 256, .box_w = 16, .box_h = 16, .ofs_x = 0, .ofs_y = -2},
    {.bitmap_index = 9544, .adv_w = 256, .box_w = 16, .box_h = 16, .ofs_x = 0, .ofs_y = -2},
    {.bitmap_index = 9667, .adv_w = 256, .box_w = 16, .box_h = 16, .ofs_x = 0, .ofs_y = -2},
    {.bitmap_index = 9783, .adv_w = 256, .box_w = 16, .box_h = 16, .ofs_x = 0, .ofs_y = -2},
    {.bitmap_index = 9891, .adv_w = 256, .box_w = 16, .box_h = 16, .ofs_x = 0, .ofs_y = -2},
    {.bitmap_index = 10007, .adv_w = 256, .box_w = 16, .box_h = 16, .ofs_x = 0, .ofs_y = -2},
    {.bitmap_index = 10125, .adv_w = 256, .box_w = 16, .box_h = 16, .ofs_x = 0, .ofs_y = -2},
    {.bitmap_index = 10242, .adv_w = 256, .box_w = 16, .box_h = 15, .ofs_x = 0, .ofs_y = -1},
    {.bitmap_index = 10342, .adv_w = 256, .box_w = 16, .box_h = 15, .ofs_x = 0, .ofs_y = -2},
    {.bitmap_index = 10437, .adv_w = 256, .box_w = 15, .box_h = 15, .ofs_x = 0, .ofs_y = -2},
    {.bitmap_index = 10524, .adv_w = 256, .box_w = 16, .box_h = 15, .ofs_x = 0, .ofs_y = -2},
    {.bitmap_index = 10633, .adv_w = 256, .box_w = 16, .box_h = 15, .ofs_x = 0, .ofs_y = -1},
    {.bitmap_index = 10743, .adv_w = 256, .box_w = 16, .box_h = 15, .ofs_x = 0, .ofs_y = -1},
    {.bitmap_index = 10835, .adv_w = 256, .box_w = 15, .box_h = 17, .ofs_x = 1, .ofs_y = -2},
    {.bitmap_index = 10935, .adv_w = 256, .box_w = 16, .box_h = 15, .ofs_x = 0, .ofs_y = -1},
    {.bitmap_index = 11024, .adv_w = 256, .box_w = 16, .box_h = 16, .ofs_x = 0, .ofs_y = -2},
    {.bitmap_index = 11145, .adv_w = 256, .box_w = 16, .box_h = 15, .ofs_x = 0, .ofs_y = -1},
    {.bitmap_index = 11259, .adv_w = 256, .box_w = 16, .box_h = 16, .ofs_x = 0, .ofs_y = -2},
    {.bitmap_index = 11371, .adv_w = 256, .box_w = 16, .box_h = 14, .ofs_x = 0, .ofs_y = -1},
    {.bitmap_index = 11475, .adv_w = 256, .box_w = 16, .box_h = 16, .ofs_x = 0, .ofs_y = -2},
    {.bitmap_index = 11595, .adv_w = 256, .box_w = 12, .box_h = 16, .ofs_x = 2, .ofs_y = -2},
    {.bitmap_index = 11656, .adv_w = 256, .box_w = 15, .box_h = 16, .ofs_x = 1, .ofs_y = -2},
    {.bitmap_index = 11747, .adv_w = 256, .box_w = 16, .box_h = 15, .ofs_x = 0, .ofs_y = -1},
    {.bitmap_index = 11842, .adv_w = 256, .box_w = 16, .box_h = 17, .ofs_x = 0, .ofs_y = -2},
    {.bitmap_index = 11964, .adv_w = 256, .box_w = 16, .box_h = 16, .ofs_x = 0, .ofs_y = -2},
    {.bitmap_index = 12084, .adv_w = 256, .box_w = 16, .box_h = 16, .ofs_x = 0, .ofs_y = -2},
    {.bitmap_index = 12196, .adv_w = 256, .box_w = 16, .box_h = 16, .ofs_x = 0, .ofs_y = -2},
    {.bitmap_index = 12316, .adv_w = 256, .box_w = 16, .box_h = 16, .ofs_x = 0, .ofs_y = -2},
    {.bitmap_index = 12441, .adv_w = 256, .box_w = 16, .box_h = 16, .ofs_x = 0, .ofs_y = -2},
    {.bitmap_index = 12562, .adv_w = 256, .box_w = 16, .box_h = 16, .ofs_x = 0, .ofs_y = -2},
    {.bitmap_index = 12679, .adv_w = 256, .box_w = 16, .box_h = 16, .ofs_x = 0, .ofs_y = -2},
    {.bitmap_index = 12792, .adv_w = 256, .box_w = 14, .box_h = 15, .ofs_x = 1, .ofs_y = -2},
    {.bitmap_index = 12880, .adv_w = 256, .box_w = 14, .box_h = 16, .ofs_x = 1, .ofs_y = -2},
    {.bitmap_index = 12975, .adv_w = 256, .box_w = 14, .box_h = 15, .ofs_x = 1, .ofs_y = -2},
    {.bitmap_index = 13066, .adv_w = 256, .box_w = 15, .box_h = 15, .ofs_x = 1, .ofs_y = -1},
    {.bitmap_index = 13169, .adv_w = 256, .box_w = 15, .box_h = 15, .ofs_x = 1, .ofs_y = -1},
    {.bitmap_index = 13269, .adv_w = 256, .box_w = 15, .box_h = 15, .ofs_x = 1, .ofs_y = -1},
    {.bitmap_index = 13373, .adv_w = 256, .box_w = 15, .box_h = 16, .ofs_x = 1, .ofs_y = -2},
    {.bitmap_index = 13476, .adv_w = 256, .box_w = 16, .box_h = 16, .ofs_x = 0, .ofs_y = -2},
    {.bitmap_index = 13604, .adv_w = 256, .box_w = 16, .box_h = 14, .ofs_x = 0, .ofs_y = -1},
    {.bitmap_index = 13688, .adv_w = 256, .box_w = 16, .box_h = 14, .ofs_x = 0, .ofs_y = -1},
    {.bitmap_index = 13778, .adv_w = 256, .box_w = 16, .box_h = 15, .ofs_x = 0, .ofs_y = -2},
    {.bitmap_index = 13886, .adv_w = 256, .box_w = 16, .box_h = 15, .ofs_x = 0, .ofs_y = -2},
    {.bitmap_index = 13985, .adv_w = 256, .box_w = 16, .box_h = 14, .ofs_x = 0, .ofs_y = -1},
    {.bitmap_index = 14085, .adv_w = 256, .box_w = 16, .box_h = 14, .ofs_x = 0, .ofs_y = -1},
    {.bitmap_index = 14182, .adv_w = 256, .box_w = 16, .box_h = 15, .ofs_x = 0, .ofs_y = -2},
    {.bitmap_index = 14287, .adv_w = 256, .box_w = 16, .box_h = 15, .ofs_x = 0, .ofs_y = -2},
    {.bitmap_index = 14401, .adv_w = 256, .box_w = 16, .box_h = 16, .ofs_x = 0, .ofs_y = -2},
    {.bitmap_index = 14513, .adv_w = 256, .box_w = 16, .box_h = 15, .ofs_x = 0, .ofs_y = -2},
    {.bitmap_index = 14610, .adv_w = 256, .box_w = 16, .box_h = 15, .ofs_x = 0, .ofs_y = -1},
    {.bitmap_index = 14689, .adv_w = 256, .box_w = 16, .box_h = 16, .ofs_x = 0, .ofs_y = -2}
};

/*---------------------
 *  CHARACTER MAPPING
 *--------------------*/

static const uint16_t unicode_list_1[] = {
    0x0, 0x7, 0x1ffc, 0x4d50, 0x4d59, 0x4d7d, 0x4ddc, 0x4de4,
    0x4dfe, 0x4e1a, 0x4eac, 0x4f9f, 0x4fac, 0x50b7, 0x50b8, 0x50bd,
    0x5100, 0x5107, 0x514a, 0x51d7, 0x51ef, 0x5222, 0x5225, 0x52c3,
    0x562b, 0x566f, 0x5697, 0x5781, 0x57d3, 0x5823, 0x5834, 0x5866,
    0x586a, 0x586c, 0x5877, 0x5879, 0x588e, 0x58cd, 0x5af4, 0x5b9b,
    0x5d35, 0x5d42, 0x5d88, 0x5da5, 0x5df6, 0x5e87, 0x62e2, 0x62eb,
    0x648e, 0x6500, 0x6535, 0x6592, 0x65c4, 0x65e6, 0x6644, 0x6658,
    0x6659, 0x6771, 0x685d, 0x69af, 0x6b73, 0x6b84, 0x6c25, 0x6d55,
    0x6dfb, 0x6ed6, 0x6f25, 0x7018, 0x7071, 0x7118, 0x71b9, 0x72d7,
    0x7400, 0x7478, 0x74c0, 0x780a, 0x79ca, 0x79e7, 0x7a1b, 0x7b01,
    0x7d2a, 0x7e8a, 0x7ed5, 0x80b6, 0x813a, 0x81bf, 0x81c2, 0x86f2,
    0x89dd, 0x8a1b, 0x8ad0, 0x8f51, 0x8f60, 0x8f81, 0x8f9e, 0x94db,
    0x9501, 0x952c, 0x959d, 0x95b3, 0x95b4, 0x95c0, 0x9632, 0x9638,
    0x963a, 0x9642, 0x9647, 0x9649, 0x964b, 0x9650, 0x9677, 0x9760,
    0x97f8, 0x9a28, 0x9a56
};

/*Collect the unicode lists and glyph_id offsets*/
static const lv_font_fmt_txt_cmap_t cmaps[] =
{
    {
        .range_start = 32, .range_length = 95, .glyph_id_start = 1,
        .unicode_list = NULL, .glyph_id_ofs_list = NULL, .list_length = 0, .type = LV_FONT_FMT_TXT_CMAP_FORMAT0_TINY
    },
    {
        .range_start = 176, .range_length = 39511, .glyph_id_start = 96,
        .unicode_list = unicode_list_1, .glyph_id_ofs_list = NULL, .list_length = 115, .type = LV_FONT_FMT_TXT_CMAP_SPARSE_TINY
    }
};

/*-----------------
 *    KERNING
 *----------------*/


/*Map glyph_ids to kern left classes*/
static const uint8_t kern_left_class_mapping[] =
{
    0, 0, 0, 1, 0, 0, 0, 0,
    1, 2, 0, 0, 0, 3, 4, 3,
    5, 0, 0, 0, 0, 0, 0, 0,
    0, 0, 0, 6, 6, 0, 0, 0,
    0, 0, 7, 8, 9, 10, 11, 12,
    13, 0, 0, 14, 15, 16, 0, 0,
    10, 17, 10, 18, 19, 20, 21, 22,
    23, 24, 25, 26, 2, 27, 0, 0,
    0, 0, 28, 29, 30, 0, 31, 32,
    33, 34, 0, 0, 35, 36, 34, 34,
    29, 29, 37, 38, 39, 40, 37, 41,
    42, 43, 44, 45, 2, 0, 0, 0,
    0, 0, 0, 0, 0, 0, 0, 0,
    0, 0, 0, 0, 0, 0, 0, 0,
    0, 0, 0, 0, 0, 0, 0, 0,
    0, 0, 0, 0, 0, 0, 0, 0,
    0, 0, 0, 0, 0, 0, 0, 0,
    0, 0, 0, 0, 0, 0, 0, 0,
    0, 0, 0, 0, 0, 0, 0, 0,
    0, 0, 0, 0, 0, 0, 0, 0,
    0, 0, 0, 0, 0, 0, 0, 0,
    0, 0, 0, 0, 0, 0, 0, 0,
    0, 0, 0, 0, 0, 0, 0, 0,
    0, 0, 0, 0, 0, 0, 0, 0,
    0, 0, 0, 0, 0, 0, 0, 0,
    0, 0, 0, 0, 0, 0, 0, 0,
    0, 0, 0
};

/*Map glyph_ids to kern right classes*/
static const uint8_t kern_right_class_mapping[] =
{
    0, 0, 1, 2, 0, 0, 0, 0,
    2, 0, 3, 4, 0, 5, 6, 7,
    8, 0, 0, 0, 0, 0, 0, 0,
    0, 0, 0, 9, 10, 0, 0, 0,
    11, 0, 12, 0, 13, 0, 0, 0,
    13, 0, 0, 14, 0, 0, 0, 0,
    13, 0, 13, 0, 15, 16, 17, 18,
    19, 20, 21, 22, 0, 23, 3, 0,
    0, 0, 24, 0, 25, 25, 25, 26,
    27, 0, 28, 29, 0, 0, 30, 30,
    25, 30, 25, 30, 31, 32, 33, 34,
    35, 36, 37, 38, 0, 0, 3, 0,
    0, 0, 0, 0, 0, 0, 0, 0,
    0, 0, 0, 0, 0, 0, 0, 0,
    0, 0, 0, 0, 0, 0, 0, 0,
    0, 0, 0, 0, 0, 0, 0, 0,
    0, 0, 0, 0, 0, 0, 0, 0,
    0, 0, 0, 0, 0, 0, 0, 0,
    0, 0, 0, 0, 0, 0, 0, 0,
    0, 0, 0, 0, 0, 0, 0, 0,
    0, 0, 0, 0, 0, 0, 0, 0,
    0, 0, 0, 0, 0, 0, 0, 0,
    0, 0, 0, 0, 0, 0, 0, 0,
    0, 0, 0, 0, 0, 0, 0, 0,
    0, 0, 0, 0, 0, 0, 0, 0,
    0, 0, 0, 0, 0, 0, 0, 0,
    0, 0, 0
};

/*Kern values between classes*/
static const int8_t kern_class_values[] =
{
    0, 0, 0, 0, -38, 0, -38, 0,
    0, 0, 0, -21, 0, -33, -4, 0,
    0, 0, 0, -4, 0, 0, 0, 0,
    -7, 0, 0, 0, 0, 0, -7, 0,
    0, 0, 0, 0, 0, 0, 0, 0,
    0, 0, 0, 0, 0, 0, 0, 0,
    0, 0, 0, -7, 0, 0, 0, 0,
    0, 0, 0, 0, 0, 0, 0, 0,
    0, 0, 22, 0, 0, 0, 0, 0,
    0, 0, 0, 0, 0, -35, 0, -47,
    0, 0, 0, 0, 0, 0, 0, 0,
    0, 0, 0, -30, -9, -23, -12, 0,
    -32, 0, 0, 0, -5, 0, 0, 0,
    8, 0, 0, -18, 0, -16, -10, 0,
    -7, 0, 0, 0, 0, 0, 0, 0,
    0, 0, 0, 0, 0, 0, 0, -7,
    -8, -17, 0, -7, -4, -11, -23, -7,
    0, 0, 0, 0, 0, 0, 0, 0,
    0, -8, 0, -5, 0, -6, 0, 0,
    0, 0, 0, 0, 0, 0, 0, 0,
    0, 0, 0, -13, -4, -25, 0, 0,
    0, 0, 0, 0, 0, 0, 0, -9,
    -8, 0, -4, 2, 2, 0, 0, -2,
    -7, 0, 0, 0, 0, 0, 0, 0,
    0, -12, 0, 0, 0, 0, 0, 0,
    0, 0, 0, 0, 0, 0, 0, 0,
    0, 0, -11, 0, 0, 0, 0, 0,
    0, 0, 0, 0, 0, 0, 0, 0,
    0, 0, 0, 0, 0, -21, 0, -26,
    0, 0, 0, 0, 0, 0, -11, -2,
    -4, 0, 0, -21, -5, -6, 0, -3,
    -6, -2, -13, 3, 0, -4, 0, 0,
    0, 0, 3, -6, -2, -5, -4, -4,
    -5, 0, 0, 0, 0, -10, 0, 0,
    0, 0, 0, 0, 0, 0, 0, -7,
    -6, -9, 0, -5, -4, -4, -6, -4,
    0, 0, 0, 0, 0, 0, 0, 0,
    0, -4, 0, -6, -4, -4, -6, 0,
    0, 0, 0, 0, 0, -11, 0, 0,
    0, 0, 0, 0, -11, -4, -9, -5,
    -6, -4, -4, -4, -5, -4, 0, 0,
    0, 0, -7, 0, 0, 0, 0, -11,
    -4, -6, -4, 0, -6, 0, 0, 0,
    0, -9, 0, 0, 0, -5, 0, 0,
    0, -4, 0, -16, 0, -9, 0, -4,
    -2, -8, -7, -7, 0, 0, 0, 0,
    0, 0, 0, 0, 0, 0, 0, 0,
    0, -6, 0, -5, 0, 0, 0, 0,
    0, 0, 0, 0, 0, 0, 0, 0,
    0, 0, 0, 0, 0, 0, 0, 0,
    0, 0, 0, 0, -4, 0, 0, 0,
    0, 0, 0, -9, 0, -4, 0, -13,
    -4, 0, 0, 0, 0, 0, -27, 0,
    -27, -18, 0, 0, 0, -13, -4, -41,
    -9, 0, 0, -3, -3, -9, -4, -10,
    0, -12, -6, 0, -9, 0, 0, -7,
    -9, -4, -7, -10, -8, -11, -8, -14,
    0, 0, 0, -8, 0, 0, 0, 0,
    0, 0, 0, -4, 0, 0, 0, -7,
    0, -6, -4, 0, 0, 0, 0, 0,
    0, 0, 0, 0, 0, 0, 0, 0,
    0, 0, 0, 0, 0, 0, 0, 0,
    0, 0, -9, 0, -9, 0, 0, 0,
    0, 0, 0, -13, 0, 0, 0, 0,
    0, 0, 0, 0, 0, 0, 0, 0,
    0, 0, 0, 0, 0, 0, 0, 0,
    0, 0, 0, 0, 0, -10, 0, -13,
    0, -14, 0, 0, 0, 0, -5, -4,
    -9, 0, -6, -8, -6, -6, -4, 0,
    -8, 0, 0, 0, -5, 0, 0, 0,
    -4, 0, 0, -15, -5, -10, -8, -8,
    -10, -6, 0, -37, 0, -50, 0, -15,
    0, 0, 0, 0, -15, -3, -11, 0,
    -9, -36, -11, -24, -18, 0, -26, 0,
    -25, 0, -5, -6, -4, 0, 0, 0,
    0, -9, -4, -15, -12, 0, -15, 0,
    0, 0, 0, 0, -38, -9, -38, -19,
    0, 0, 0, -16, 0, -43, -4, -6,
    0, 0, 0, -9, -4, -20, 0, -12,
    -8, 0, -7, 0, 0, 0, -4, 0,
    0, 0, 0, -6, 0, -7, 0, 0,
    0, -4, 0, -9, 0, 0, 0, 0,
    0, -4, 0, -5, -5, -6, 0, -4,
    -1, -4, -5, -4, 0, -4, -4, 0,
    -4, 0, 0, 0, 0, 0, 0, 0,
    0, -5, 0, -5, 0, 0, 0, -5,
    0, 4, 0, 0, 0, 0, 0, 0,
    0, -6, -6, -7, 0, 0, 0, 0,
    -6, 0, 0, 0, 0, 0, 0, 0,
    0, 0, 0, -9, 0, 0, 0, 0,
    0, -5, 0, 0, 0, 0, -34, -20,
    -34, -24, -7, -7, 0, -13, -9, -37,
    -10, 0, 0, 0, 0, -7, -6, -15,
    0, -20, -23, -5, -20, 0, 0, -14,
    -19, -5, -14, -9, -9, -10, -9, -21,
    0, 0, 0, 0, -8, 0, -8, -8,
    0, 0, 0, -5, 0, -17, -4, 0,
    0, -4, 0, -4, -6, 0, 0, -4,
    0, 0, -4, 0, 0, 0, -4, 0,
    0, 0, 0, -5, 0, 0, 0, 0,
    0, 0, -23, -7, -23, -11, 0, 0,
    0, -6, -4, -20, -4, 0, -4, 2,
    0, 0, 0, -7, 0, -10, -6, 0,
    -7, 0, 0, -7, -6, 0, -10, -4,
    -4, -6, -4, -8, 0, 0, 0, 0,
    -12, -4, -12, -6, 0, 0, 0, 0,
    -2, -17, -2, 0, 0, 0, 0, 0,
    0, -2, 0, -5, 0, 0, -3, 0,
    0, 0, 0, 0, 0, 0, 0, 0,
    0, -4, 0, -4, 0, -4, 0, -11,
    0, 0, 0, 0, 0, -3, -8, -5,
    -6, -7, -4, 0, 0, 0, 0, 0,
    0, -4, -5, -8, 0, 0, 0, 0,
    0, -8, -4, -8, -6, -4, -8, -6,
    0, 0, 0, 0, -32, -23, -32, -17,
    -11, -11, -5, -6, -6, -30, -7, -6,
    -4, 0, 0, 0, 0, -8, 0, -23,
    -16, 0, -19, 0, 0, -13, -16, -14,
    -12, -6, -9, -12, -6, -17, 0, 0,
    0, 0, 0, -9, 0, 0, 0, 0,
    0, -2, -7, -9, -10, 0, -4, -2,
    -2, 0, -6, -5, 0, -5, -6, -7,
    -5, 0, 0, 0, 0, -6, -6, -5,
    -5, -9, -5, 0, 0, 0, 0, 0,
    0, 0, 0, 0, 0, 0, 0, 0,
    0, 0, 0, -23, -7, -15, -7, 0,
    -20, 0, 0, 0, 0, 0, 6, 0,
    18, 0, 0, 0, 0, -7, -4, 0,
    1, 0, 0, 0, 0, -15, 0, 0,
    0, 0, 0, 0, -9, 0, 0, 0,
    0, -9, 0, -8, -4, 0, -9, 0,
    0, 0, 0, 0, 0, 0, 0, 0,
    0, -6, 0, 0, 0, 0, 0, 0,
    0, -7, 0, -5, -4, -1, -4, 0,
    0, 0, -9, 0, 0, 0, 0, -18,
    0, -7, 0, -4, -17, 0, -11, -5,
    0, -3, 0, 0, 0, 0, -3, -8,
    0, -4, -4, -8, -4, -5, 0, 0,
    0, 0, 0, -10, 0, 0, 0, 0,
    0, 0, 0, 0, 0, -7, 0, -6,
    0, 0, -9, 0, 0, -4, -9, 0,
    -4, 0, 0, 0, 0, -4, 0, -1,
    -1, -2, -1, 0, 0, 0, 0, -9,
    0, 2, 0, 0, 0, 0, -5, 0,
    0, -7, -7, -9, 0, -8, -4, 0,
    -11, 0, -10, -5, 0, -3, -4, 0,
    0, 0, 0, -4, 0, -2, -2, -5,
    -2, -3, 1, 10, 10, 0, -19, -6,
    -19, -3, 0, 0, 5, 0, 0, 0,
    0, 11, 0, 17, 11, 6, 13, 0,
    10, -7, -4, 0, -5, 0, -4, 0,
    -4, 0, 0, 1, 0, -4, 0, -6,
    0, 0, 1, -9, 0, 0, 0, 8,
    0, 0, -14, 0, 0, 0, 0, -11,
    0, 0, 0, 0, -6, 0, 0, -7,
    -6, 0, 0, 0, 11, 0, 0, 0,
    0, -4, -4, 0, 1, -6, 0, 0,
    0, -9, 0, 0, 0, 0, 0, 0,
    -5, 0, 0, 0, 0, -9, 0, -4,
    0, 0, -8, 0, 0, 0, 0, 0,
    0, 0, 0, 0, 0, 0, 0, 0,
    0, 0, 0, 0, 0, 0, 0, -7,
    1, -22, 1, 0, 1, 1, -9, 0,
    0, 0, 0, -15, 0, 0, 0, 0,
    -6, 0, 0, -4, -9, 0, -4, 0,
    -4, 0, 0, -10, -6, 0, 0, -5,
    0, -5, 0, 0, 0, 0, 0, 0,
    0, 0, 0, 0, 0, 0, 0, 0,
    0, 0, 0, 0, 0, 0, 0, 0,
    0, 0, 0, 0, 0, 0, 1, 0,
    0, 0, 0, 0, 0, 0, 0, 0,
    0, 0, 0, -6, 0, 0, 0, 0,
    0, 0, 0, 0, 0, 0, 0, -7,
    0, -6, 0, 0, -10, 0, 0, 0,
    0, 0, 0, 0, 0, 0, 0, 0,
    0, 0, 0, 0, 0, 0, 0, 0,
    0, 0, -24, -9, -24, -9, 2, 2,
    0, -6, 0, -21, 0, 0, 0, 0,
    0, 0, 0, -4, 1, -9, -4, 0,
    -4, 0, 0, 0, -4, 0, 0, 2,
    1, 0, 2, -4, 0, 0, 0, -12,
    0, 2, 0, 0, 0, 0, -8, 0,
    0, 0, 0, -9, 0, -4, 0, 0,
    -7, 0, 0, 0, 0, 0, 0, 0,
    0, 0, 0, -7, 0, 0, 0, 0,
    0, 0, 0, 0, 0, 0, -3, -11,
    -3, -2, 1, 1, -11, 0, 0, 0,
    0, -6, 0, 0, 0, 0, -4, 0,
    0, -7, -6, 0, -4, 0, 0, 0,
    -4, -7, 0, 0, 0, -5, 0, 0,
    0, 0, 0, -5, -16, -5, -16, -7,
    0, 0, 0, -5, 0, -13, 0, -7,
    0, -4, 0, 0, -6, -4, 0, -7,
    -4, 0, 0, 0, -4, 0, 0, 0,
    0, 0, 0, 0, 0, -9, 0, 0,
    0, -5, -21, 0, -21, -2, 0, 0,
    0, -4, 0, -10, 0, -9, 0, -4,
    0, -6, -9, 0, 0, -4, -4, 0,
    0, 0, -4, 0, 0, 0, 0, 0,
    0, 0, 0, -8, -6, 0, 0, -8,
    3, -6, -5, 0, 0, 3, 0, 0,
    -4, 0, -4, -9, 0, -6, 0, -4,
    -12, 0, 0, -4, -8, 0, 0, 0,
    0, 0, 0, -9, 0, 0, 0, 0,
    -5, 0, 0, 0, 0, 0, -16, 0,
    -16, -3, 0, 0, 0, 0, 0, -13,
    0, -7, 0, -4, 0, -4, -5, 0,
    0, -7, -4, 0, 0, 0, -4, 0,
    0, 0, 0, 0, 0, -6, 0, -9,
    0, 0, 0, 0, 0, -8, 0, 0,
    0, 0, 0, 0, 0, 0, 0, -8,
    0, 0, 0, 0, -7, 0, 0, -6,
    -4, 0, -2, 0, 0, 0, 0, 0,
    -4, -4, 0, 0, -4, 0
};


/*Collect the kern class' data in one place*/
static const lv_font_fmt_txt_kern_classes_t kern_classes =
{
    .class_pair_values   = kern_class_values,
    .left_class_mapping  = kern_left_class_mapping,
    .right_class_mapping = kern_right_class_mapping,
    .left_class_cnt      = 45,
    .right_class_cnt     = 38,
};

/*--------------------
 *  ALL CUSTOM DATA
 *--------------------*/

#if LVGL_VERSION_MAJOR == 8
/*Store all the custom data of the font*/
static  lv_font_fmt_txt_glyph_cache_t cache;
#endif

#if LVGL_VERSION_MAJOR >= 8
static const lv_font_fmt_txt_dsc_t font_dsc = {
#else
static lv_font_fmt_txt_dsc_t font_dsc = {
#endif
    .glyph_bitmap = glyph_bitmap,
    .glyph_dsc = glyph_dsc,
    .cmaps = cmaps,
    .kern_dsc = &kern_classes,
    .kern_scale = 16,
    .cmap_num = 2,
    .bpp = 4,
    .kern_classes = 1,
    .bitmap_format = 1,
#if LVGL_VERSION_MAJOR == 8
    .cache = &cache
#endif
};



/*-----------------
 *  PUBLIC FONT
 *----------------*/

/*Initialize a public general font descriptor*/
#if LVGL_VERSION_MAJOR >= 8
const lv_font_t font_noto_16_bold = {
#else
lv_font_t font_noto_16_bold = {
#endif
    .get_glyph_dsc = lv_font_get_glyph_dsc_fmt_txt,    /*Function pointer to get glyph's data*/
    .get_glyph_bitmap = lv_font_get_bitmap_fmt_txt,    /*Function pointer to get glyph's bitmap*/
    .line_height = 19,          /*The maximum line height required by the font*/
    .base_line = 4,             /*Baseline measured from the bottom of the line*/
#if !(LVGL_VERSION_MAJOR == 6 && LVGL_VERSION_MINOR == 0)
    .subpx = LV_FONT_SUBPX_NONE,
#endif
#if LV_VERSION_CHECK(7, 4, 0) || LVGL_VERSION_MAJOR >= 8
    .underline_position = -2,
    .underline_thickness = 1,
#endif
    .dsc = &font_dsc,          /*The custom font data. Will be accessed by `get_glyph_bitmap/dsc` */
#if LV_VERSION_CHECK(8, 2, 0) || LVGL_VERSION_MAJOR >= 9
    .fallback = NULL,
#endif
    .user_data = NULL,
};



#endif /*#if FONT_NOTO_16_BOLD*/

