/*******************************************************************************
 * Size: 16 px
 * Bpp: 4
 * Opts: --font C:\Windows\Fonts\NotoSansTC-VF.ttf --size 16 --bpp 4 --format lvgl --range 0x20-0x7E --symbols °·€一三中二五亮今作偏停內全六冰冷出劇功勒動即四土均報境壓壤外多夜大天夾好室屋工已常幕度強排掛放新日時晴暖更月有校植機氣水法清溫澆濕烈無燈物率環用異確空窗立箱線缺羅腦自良色螢認請讀送逐週過開閱關降陣除陰離雨雪雲雷雹電需霧預風高鬆 --lv-include lvgl.h -o C:\Users\Ruanyouyi\Documents\PlatformIO\Projects\NLDeskCYD\src\font_noto_16.c
 ******************************************************************************/

#ifdef LV_LVGL_H_INCLUDE_SIMPLE
#include "lvgl.h"
#else
#include "lvgl.h"
#endif

#ifndef FONT_NOTO_16
#define FONT_NOTO_16 1
#endif

#if FONT_NOTO_16

/*-----------------
 *    BITMAPS
 *----------------*/

/*Store the image of the glyphs*/
static LV_ATTRIBUTE_LARGE_CONST const uint8_t glyph_bitmap[] = {
    /* U+0020 " " */

    /* U+0021 "!" */
    0x18, 0xf, 0x0, 0xf0, 0x80, 0x78, 0xc1, 0x5,
    0x11, 0xc0,

    /* U+0022 "\"" */
    0x82, 0x37, 0x0, 0xde, 0x62, 0x22, 0x3, 0x20,

    /* U+0023 "#" */
    0x0, 0x9c, 0x1, 0x0, 0x11, 0x10, 0x3, 0xcc,
    0xc0, 0x7, 0x80, 0x23, 0xea, 0x27, 0x18, 0x23,
    0x26, 0x36, 0x18, 0x1, 0xe0, 0x2, 0x20, 0x7,
    0x84, 0x40, 0x70, 0x91, 0xb, 0x83, 0x34, 0x24,
    0x41, 0x20, 0xc0, 0x78, 0x3, 0xc4, 0x60, 0x1e,
    0x76, 0x0, 0x78, 0x0,

    /* U+0024 "$" */
    0x0, 0xa0, 0x3, 0xfe, 0x59, 0x39, 0x20, 0x2d,
    0x9b, 0x97, 0x4, 0xb0, 0x9, 0x40, 0xdc, 0x3,
    0x97, 0x84, 0x3, 0xaa, 0x5c, 0x3, 0xa1, 0x68,
    0xc0, 0x31, 0x54, 0x80, 0x7b, 0xc, 0x3, 0xe7,
    0x10, 0xb, 0xd, 0xda, 0x26, 0x50, 0x0, 0x78,
    0x19, 0x20, 0xf, 0xc0,

    /* U+0025 "%" */
    0x4, 0x98, 0x70, 0xc, 0x88, 0x0, 0xdb, 0x30,
    0x48, 0x1, 0x6a, 0x0, 0x47, 0x80, 0x5, 0xc0,
    0x3, 0x50, 0x7, 0x8, 0x7, 0xb8, 0xc0, 0x30,
    0x90, 0x0, 0x7c, 0x1e, 0x8e, 0x20, 0x20, 0x58,
    0x0, 0x95, 0x1f, 0x2a, 0x88, 0x80, 0x17, 0x10,
    0xc2, 0x99, 0x2d, 0x0, 0x3c, 0x80, 0x62, 0x8,
    0x5e, 0x24, 0x40, 0x1, 0x30, 0x7, 0x53, 0x87,
    0x88, 0x1, 0xc4, 0x3, 0x1f, 0x0, 0x38, 0x80,
    0xc, 0xc0, 0xd, 0x4c, 0x0, 0x7a, 0x0, 0x61,
    0x80, 0x49, 0x80, 0x10, 0xf4, 0x4e, 0x80,

    /* U+0026 "&" */
    0x0, 0xa2, 0x12, 0x1, 0xe7, 0x98, 0xd5, 0x0,
    0xef, 0x10, 0x70, 0xf, 0xeb, 0x50, 0xe, 0xc4,
    0x8a, 0x0, 0xf3, 0x5c, 0x10, 0x4, 0x20, 0x75,
    0x44, 0x0, 0x94, 0x82, 0xa1, 0x70, 0x40, 0x18,
    0x69, 0x80, 0x8, 0x80, 0x1f, 0x83, 0x98, 0x5,
    0x15, 0x2c, 0x7, 0xa2, 0x1, 0x33, 0x8, 0x1,
    0x51, 0x31, 0xd, 0xc5, 0x60,

    /* U+0027 "'" */
    0x82, 0x0, 0x79, 0x90, 0x0,

    /* U+0028 "(" */
    0x0, 0x8, 0x4, 0xe0, 0x1, 0x30, 0x3, 0xa8,
    0x0, 0x40, 0x3c, 0x66, 0x0, 0x33, 0x80, 0xc,
    0x40, 0x3c, 0x62, 0x0, 0x66, 0x0, 0xc, 0x80,
    0x3e, 0x21, 0x0, 0x2b, 0x80, 0x7c, 0xc0,

    /* U+0029 ")" */
    0x20, 0xc, 0xa0, 0x2, 0x20, 0x4, 0x66, 0x0,
    0x22, 0x0, 0x2f, 0x0, 0xfb, 0x84, 0x0, 0x66,
    0x0, 0xf1, 0x98, 0x1, 0xc2, 0x1, 0xef, 0x0,
    0x2a, 0x80, 0x4, 0x40, 0x34, 0x0, 0x19, 0x80,
    0x0,

    /* U+002A "*" */
    0x0, 0x40, 0x1, 0x54, 0x6c, 0x6a, 0x48, 0x46,
    0x1d, 0x98, 0x0, 0x41, 0xc8, 0x0,

    /* U+002B "+" */
    0x0, 0x85, 0x40, 0x3c, 0x64, 0x1, 0xff, 0xc7,
    0x38, 0x85, 0xda, 0x20, 0xc7, 0x10, 0xbb, 0x44,
    0x18, 0x3, 0xff, 0x8e, 0x4c, 0x1, 0x0,

    /* U+002C "," */
    0x2, 0x10, 0xbc, 0x9, 0x50, 0x7b, 0x3, 0x30,

    /* U+002D "-" */
    0x29, 0x99, 0x0,

    /* U+002E "." */
    0x31, 0x94,

    /* U+002F "/" */
    0x0, 0xe6, 0x10, 0xe, 0xe1, 0x0, 0xc5, 0xc0,
    0x1c, 0xae, 0x1, 0xde, 0x20, 0x18, 0xb4, 0x3,
    0x95, 0x40, 0x1d, 0xe0, 0x1c, 0x7a, 0x1, 0xd6,
    0xa0, 0x1f, 0xf2, 0x60, 0x7, 0x62, 0x0, 0x7f,
    0xcb, 0x60, 0x1d, 0xa6, 0x1, 0xc0,

    /* U+0030 "0" */
    0x0, 0x2c, 0xc4, 0x0, 0x23, 0xd9, 0x8b, 0x80,
    0x5, 0x40, 0x0, 0xc4, 0x3, 0xef, 0x30, 0x10,
    0xc, 0xac, 0x3e, 0x1, 0x84, 0xc0, 0x3f, 0xf,
    0x80, 0x61, 0x30, 0x10, 0xc, 0xac, 0x1, 0xef,
    0x30, 0xa8, 0x0, 0x18, 0x80, 0xf, 0x66, 0x57,
    0x0,

    /* U+0031 "1" */
    0x5, 0xab, 0x0, 0xc9, 0x64, 0x1, 0x84, 0x40,
    0x1f, 0xff, 0x4, 0x88, 0x2c, 0x40, 0x80,

    /* U+0032 "2" */
    0x1, 0x98, 0x98, 0x0, 0xc, 0xca, 0x26, 0xdc,
    0x6, 0x0, 0x23, 0xe0, 0xf, 0xfe, 0x51, 0x70,
    0x7, 0xad, 0x80, 0x39, 0x70, 0x40, 0x31, 0x6a,
    0x80, 0x62, 0xb8, 0x0, 0xc5, 0x72, 0x1, 0x8b,
    0x6, 0x23, 0x20,

    /* U+0033 "3" */
    0x1, 0x88, 0x4c, 0x84, 0x0, 0xf1, 0x9, 0x8b,
    0x0, 0x30, 0x4, 0x20, 0x1f, 0xfc, 0x38, 0xe0,
    0x8, 0xaf, 0xb5, 0x0, 0x22, 0xbe, 0x37, 0x0,
    0xf3, 0x1, 0x80, 0x79, 0x14, 0x3, 0xcc, 0x47,
    0x0, 0x1b, 0xd0, 0xee, 0x62, 0x13, 0x60,

    /* U+0034 "4" */
    0x0, 0xea, 0x0, 0xf2, 0x30, 0x7, 0xb9, 0x0,
    0x3a, 0x20, 0x1, 0xc7, 0xe4, 0x1, 0xd2, 0xe0,
    0x1c, 0xf2, 0x1, 0xc5, 0xe6, 0x1, 0xca, 0x31,
    0x13, 0xcb, 0x3c, 0xc4, 0x4f, 0x2c, 0x1, 0xff,
    0xc4,

    /* U+0035 "5" */
    0x3, 0xb8, 0x89, 0xc0, 0xf, 0xf1, 0x13, 0x80,
    0x9, 0x80, 0x3c, 0x26, 0x1, 0xef, 0x79, 0x93,
    0x80, 0x58, 0xb3, 0x24, 0xa0, 0x2, 0x18, 0x0,
    0xf5, 0x0, 0x3c, 0x84, 0x1, 0xe1, 0x0, 0xf9,
    0x15, 0x18, 0x2, 0x2c, 0x34, 0x29, 0x88, 0x55,
    0x0,

    /* U+0036 "6" */
    0x0, 0xc, 0xcd, 0x0, 0x15, 0xc4, 0xcc, 0x0,
    0x5e, 0x10, 0x0, 0x80, 0x31, 0x0, 0x3e, 0x17,
    0x74, 0x8, 0x0, 0xa5, 0xdd, 0x16, 0x0, 0x68,
    0x0, 0xb9, 0x41, 0x0, 0x32, 0xe8, 0x7, 0x84,
    0x0, 0x22, 0x0, 0x8f, 0x42, 0x60, 0x2, 0xa5,
    0x1, 0xa9, 0x89, 0xb0,

    /* U+0037 "7" */
    0x28, 0x8e, 0xb6, 0x28, 0x8e, 0x36, 0x0, 0xe5,
    0xb0, 0xf, 0x61, 0x80, 0x72, 0x68, 0x7, 0xb5,
    0x0, 0x3f, 0xf8, 0x22, 0x20, 0xf, 0x26, 0x80,
    0x78, 0x98, 0x3, 0xde, 0x40, 0x1e, 0x11, 0x0,
    0x40,

    /* U+0038 "8" */
    0x0, 0x34, 0xc4, 0x90, 0x1, 0x6, 0x62, 0x60,
    0x1, 0xae, 0x1, 0x69, 0x0, 0x88, 0x2, 0x10,
    0x4, 0xb0, 0x4, 0x24, 0x2, 0x74, 0x68, 0xa0,
    0x4, 0x3a, 0xe, 0x60, 0x6, 0xb8, 0x1d, 0x69,
    0x1e, 0x0, 0x68, 0xa0, 0x30, 0xf, 0x1e, 0x8,
    0x5, 0x34, 0x17, 0x32, 0x89, 0xc2,

    /* U+0039 "9" */
    0x1, 0x88, 0x4b, 0x80, 0x51, 0x31, 0x26, 0xe0,
    0x23, 0x0, 0x13, 0x80, 0xb8, 0x3, 0x79, 0x97,
    0x80, 0x63, 0x61, 0x2, 0x0, 0x27, 0x98, 0x4a,
    0xc3, 0x87, 0x18, 0x1, 0xe1, 0xd0, 0x98, 0x3,
    0xdc, 0x60, 0x1e, 0x10, 0x2, 0x0, 0x51, 0x60,
    0x14, 0xc4, 0xd9, 0x0,

    /* U+003A ":" */
    0xa5, 0x94, 0x31, 0x0, 0xfc, 0x63, 0x28,

    /* U+003B ";" */
    0xa, 0x50, 0x94, 0x3, 0x10, 0xf, 0xfe, 0x9,
    0x8, 0x5e, 0x4, 0xa8, 0x3d, 0x81, 0x98,

    /* U+003C "<" */
    0x0, 0xf8, 0xc0, 0x30, 0xbc, 0xb8, 0x0, 0xe2,
    0x56, 0x50, 0xe5, 0xa2, 0x4, 0x0, 0x11, 0x10,
    0x80, 0x62, 0x86, 0x64, 0xa0, 0x6, 0x17, 0x90,
    0x96, 0x0, 0xe4, 0x97,

    /* U+003D "=" */
    0x38, 0x8f, 0x31, 0xc4, 0x79, 0x80, 0x3f, 0xf8,
    0x87, 0x11, 0xe6,

    /* U+003E ">" */
    0x21, 0x0, 0xf1, 0xcc, 0x18, 0x6, 0x18, 0x82,
    0xca, 0x80, 0x73, 0x4b, 0x43, 0x0, 0x72, 0x81,
    0x0, 0xa, 0x20, 0xb0, 0x87, 0x2b, 0x30, 0x60,
    0x3, 0x97, 0x10, 0xc,

    /* U+003F "?" */
    0x5, 0x88, 0x49, 0x0, 0x8a, 0x21, 0x30, 0x2,
    0x80, 0x11, 0x80, 0x7f, 0xf0, 0x13, 0x0, 0x30,
    0xe2, 0x80, 0x68, 0x80, 0x6, 0x1e, 0x0, 0xf1,
    0x80, 0x70, 0xa0, 0x7, 0xa, 0x0, 0x72, 0xf8,
    0x4,

    /* U+0040 "@" */
    0x0, 0xe4, 0x88, 0x9c, 0x40, 0x3c, 0x32, 0x11,
    0x13, 0x4b, 0x0, 0x61, 0x89, 0x40, 0x8, 0x60,
    0x10, 0x2, 0x89, 0x0, 0xf9, 0xb4, 0x0, 0x9a,
    0x1, 0x3c, 0x2a, 0x0, 0x38, 0x43, 0x10, 0x1,
    0x2d, 0x0, 0x40, 0x2, 0x20, 0x6, 0x5d, 0x10,
    0x12, 0x0, 0xfd, 0xa8, 0x0, 0x35, 0x0, 0x11,
    0x7, 0xc0, 0x3d, 0xc2, 0x0, 0xe1, 0x17, 0x80,
    0x3c, 0x81, 0x14, 0x41, 0xe8, 0x0, 0x20, 0x7,
    0xa8, 0xd, 0x88, 0x21, 0x80, 0x3c, 0x80, 0x11,
    0x4, 0x19, 0x83, 0x0, 0x9a, 0x0, 0x3f, 0xf8,
    0x37, 0x48, 0x1, 0x13, 0x80, 0x78, 0x68, 0x62,
    0x25, 0x70, 0xc,

    /* U+0041 "A" */
    0x0, 0xd8, 0x1, 0xf8, 0xe9, 0x40, 0x3e, 0xb6,
    0xd0, 0xf, 0xef, 0x10, 0xe, 0x3d, 0x5, 0x70,
    0xe, 0xb5, 0x2, 0xf0, 0xf, 0xee, 0x10, 0x9,
    0x16, 0x22, 0xd9, 0x0, 0xb3, 0x62, 0x2a, 0x10,
    0xf, 0xee, 0x20, 0x5c, 0x0, 0xe5, 0x50, 0x62,
    0x0, 0x71, 0x68, 0x0,

    /* U+0042 "B" */
    0x3b, 0x88, 0x4c, 0x90, 0x2, 0xe8, 0x84, 0xcb,
    0xc, 0x3, 0xe9, 0xb0, 0xf, 0x8f, 0xc0, 0x3c,
    0x30, 0xc0, 0xe, 0x88, 0x57, 0xf8, 0x40, 0x1d,
    0x10, 0xae, 0x38, 0x0, 0xf9, 0xbc, 0x80, 0x3e,
    0x36, 0x0, 0xf8, 0xd8, 0x3, 0xc7, 0xc4, 0x1d,
    0x10, 0x99, 0x24, 0x80,

    /* U+0043 "C" */
    0x0, 0x96, 0x66, 0x81, 0x0, 0xa0, 0xe6, 0x73,
    0x80, 0xf, 0xd8, 0x2, 0x16, 0x0, 0x53, 0x80,
    0x7e, 0x30, 0xf, 0xfe, 0xd9, 0x80, 0x7f, 0x53,
    0x80, 0x7e, 0x3f, 0x50, 0x8, 0x64, 0x2, 0x80,
    0x99, 0xa2, 0x0,

    /* U+0044 "D" */
    0x3b, 0x88, 0x4c, 0x88, 0x2, 0xe8, 0x84, 0xc4,
    0xc, 0x3, 0xc3, 0x50, 0x1, 0xfb, 0xc, 0x3,
    0xe4, 0x40, 0x7, 0xc5, 0xe0, 0x1f, 0xfc, 0x42,
    0xf0, 0xf, 0x91, 0x0, 0x1f, 0x61, 0x80, 0x70,
    0xd4, 0x0, 0x3a, 0x21, 0x31, 0x3, 0x0,

    /* U+0045 "E" */
    0x3b, 0x88, 0xe0, 0x7, 0x44, 0x70, 0x7, 0xff,
    0x3b, 0xa2, 0x30, 0x5, 0xd1, 0x18, 0x3, 0xff,
    0xaf, 0xd1, 0x1c, 0x20,

    /* U+0046 "F" */
    0x3b, 0x88, 0xe0, 0xe8, 0x8e, 0x0, 0xff, 0xe5,
    0x74, 0x46, 0x0, 0x74, 0x46, 0x0, 0xff, 0xec,
    0x0,

    /* U+0047 "G" */
    0x0, 0x92, 0x67, 0x18, 0x4, 0xe7, 0x33, 0x90,
    0x0, 0x7e, 0xe0, 0x19, 0xc0, 0x15, 0x0, 0x1f,
    0x8c, 0x3, 0xff, 0x8e, 0x60, 0x10, 0xc4, 0x24,
    0xc0, 0xc0, 0x21, 0x88, 0x63, 0x81, 0x80, 0x7f,
    0x54, 0x0, 0x7e, 0x3f, 0x60, 0xc, 0x4e, 0x0,
    0x73, 0x99, 0xc6, 0x60,

    /* U+0048 "H" */
    0x35, 0x0, 0xe3, 0x60, 0xf, 0xfe, 0xcf, 0x44,
    0x75, 0x0, 0x3a, 0x23, 0xa8, 0x3, 0xff, 0xc4,

    /* U+0049 "I" */
    0x35, 0x0, 0xff, 0xe5, 0x0,

    /* U+004A "J" */
    0x0, 0xe4, 0x50, 0xf, 0xff, 0x88, 0x88, 0x24,
    0x2, 0xf4, 0xa, 0x99, 0x57, 0x0,

    /* U+004B "K" */
    0x35, 0x0, 0xc7, 0x0, 0x1e, 0x19, 0x80, 0xf,
    0x5d, 0x0, 0x7a, 0xa0, 0x3, 0xd3, 0xa4, 0x1,
    0xcd, 0x9a, 0x1, 0xde, 0xb, 0xce, 0x1, 0x8d,
    0x81, 0x34, 0x40, 0x2c, 0x0, 0xa2, 0x40, 0x3e,
    0x21, 0x20, 0xf, 0xa2, 0xc0, 0x3e, 0x1e, 0x30,

    /* U+004C "L" */
    0x35, 0x0, 0xff, 0xff, 0x87, 0x44, 0x66,

    /* U+004D "M" */
    0x3d, 0x0, 0xf4, 0x40, 0x1c, 0xc0, 0x3f, 0x7d,
    0x80, 0x64, 0xd1, 0x1, 0x10, 0x6, 0xc4, 0x0,
    0xe, 0x18, 0x6, 0x10, 0x9, 0x6c, 0x0, 0x98,
    0x1, 0xfb, 0x10, 0x3, 0xb1, 0x0, 0x3f, 0x26,
    0x25, 0x80, 0x7e, 0xc3, 0x0, 0xfa, 0xb8, 0x3,
    0xf1, 0x30, 0x6,

    /* U+004E "N" */
    0x3a, 0x0, 0xe3, 0x60, 0x34, 0x0, 0xfb, 0x74,
    0x1, 0xfa, 0x98, 0x3, 0xe3, 0xf1, 0x0, 0xe1,
    0x8, 0x90, 0xf, 0x87, 0xcc, 0x3, 0xe7, 0xa0,
    0xf, 0xda, 0xa2, 0x1, 0xe4, 0xc1, 0x0, 0xfa,
    0xe8, 0x3, 0xe2, 0x10,

    /* U+004F "O" */
    0x0, 0x96, 0x66, 0x81, 0x0, 0xd0, 0x13, 0x3a,
    0xc4, 0x0, 0x7e, 0xa0, 0x10, 0xdc, 0x0, 0x29,
    0xc0, 0x38, 0x40, 0x40, 0xc0, 0x3e, 0xc5, 0x3,
    0x0, 0xf9, 0x88, 0x3, 0xff, 0x80, 0x60, 0x1f,
    0x31, 0x1, 0x80, 0x7d, 0x88, 0x14, 0xe0, 0x1c,
    0x20, 0x11, 0x82, 0x80, 0x43, 0x70, 0x1, 0x38,
    0x4c, 0xeb, 0x10,

    /* U+0050 "P" */
    0x3b, 0x88, 0x4c, 0x90, 0x1, 0xd1, 0x9, 0x96,
    0x20, 0x7, 0xa7, 0x40, 0x3c, 0x26, 0x1, 0xe2,
    0x20, 0x7, 0x14, 0x48, 0x74, 0xcc, 0xb6, 0x21,
    0xd3, 0x33, 0x88, 0x7, 0xff, 0x54,

    /* U+0051 "Q" */
    0x0, 0x96, 0x66, 0x81, 0x0, 0xd0, 0x13, 0x3a,
    0xc4, 0x0, 0x7e, 0xa0, 0x10, 0xdc, 0x0, 0x29,
    0xc0, 0x38, 0x40, 0x40, 0xc0, 0x3e, 0xc5, 0x3,
    0x0, 0xf9, 0x88, 0x3, 0xff, 0x80, 0x60, 0x1f,
    0x31, 0x1, 0x80, 0x7d, 0x88, 0x14, 0xe0, 0x1c,
    0x20, 0x11, 0x82, 0x80, 0x43, 0x70, 0x1, 0x38,
    0x4d, 0xc4, 0xd8, 0x80, 0x65, 0x9d, 0xd4, 0x8,
    0x7, 0xcd, 0xe8, 0x1, 0xfd, 0x47, 0x32, 0x30,

    /* U+0052 "R" */
    0x3b, 0x88, 0x4d, 0x28, 0x3, 0xa2, 0x13, 0x5a,
    0x80, 0x1e, 0x8d, 0x0, 0xf8, 0xc0, 0x3c, 0x44,
    0x0, 0xe2, 0x89, 0xe, 0x89, 0xda, 0xb1, 0xe,
    0x89, 0x4a, 0x10, 0xe, 0x88, 0x0, 0x78, 0x7d,
    0x40, 0x3c, 0xbe, 0x1, 0xf4, 0x40,

    /* U+0053 "S" */
    0x0, 0x24, 0xce, 0x10, 0x1, 0x64, 0xcd, 0xc,
    0x0, 0x5a, 0x0, 0x85, 0xc0, 0x2, 0x20, 0xf,
    0x9a, 0x4c, 0x3, 0xea, 0x59, 0x40, 0xf, 0x34,
    0x95, 0x10, 0x7, 0x9a, 0xa0, 0x3, 0xf7, 0x20,
    0x7, 0xc2, 0x0, 0xa3, 0x0, 0x87, 0xd0, 0x29,
    0x26, 0x68, 0xb0,

    /* U+0054 "T" */
    0x48, 0x8b, 0x62, 0x25, 0x48, 0x89, 0xe2, 0x25,
    0x0, 0xff, 0xff, 0x80, 0x7f, 0xf0, 0xc0,

    /* U+0055 "U" */
    0x45, 0x0, 0xe3, 0x60, 0xf, 0xff, 0x9b, 0x18,
    0x7, 0x39, 0x13, 0x0, 0x3b, 0x54, 0x35, 0x40,
    0x24, 0x1, 0x7, 0x29, 0x9b, 0x24, 0x0,

    /* U+0056 "V" */
    0x90, 0xf, 0x2a, 0x79, 0x80, 0x76, 0x23, 0xd8,
    0x7, 0x8, 0x8, 0x80, 0x32, 0x60, 0x3, 0x88,
    0x2, 0xc4, 0x0, 0x2a, 0x80, 0x3e, 0x2f, 0x0,
    0x1e, 0x80, 0x6f, 0x10, 0x45, 0x0, 0xca, 0xe1,
    0xe0, 0x1c, 0x5c, 0x5a, 0x1, 0xef, 0x54, 0x0,
    0xf2, 0x60, 0x80, 0x40,

    /* U+0057 "W" */
    0x54, 0x0, 0xd6, 0x60, 0x1a, 0x5c, 0xc0, 0x31,
    0xa0, 0x6, 0x12, 0xe0, 0x8, 0xf3, 0xc0, 0x23,
    0xd0, 0xe, 0x44, 0x0, 0x64, 0x70, 0xe1, 0x0,
    0x78, 0x69, 0x80, 0x3c, 0x81, 0x10, 0x0, 0xf0,
    0x44, 0x0, 0x71, 0xe8, 0x21, 0x80, 0xf0, 0xf,
    0x80, 0x76, 0x20, 0x0, 0x41, 0x50, 0x3, 0xfb,
    0x10, 0xcc, 0x1, 0x69, 0xf8, 0x4, 0x86, 0x1,
    0xc9, 0x28, 0x1, 0xbc, 0x3, 0x85, 0xcc, 0x3,
    0x79, 0x0, 0x0,

    /* U+0058 "X" */
    0x27, 0x0, 0xc4, 0xe5, 0xe2, 0x1, 0x53, 0x84,
    0xc8, 0x0, 0x7a, 0x0, 0x1e, 0x20, 0xb5, 0x0,
    0x9a, 0x96, 0xc0, 0x3b, 0x70, 0xc0, 0x38, 0x80,
    0x3c, 0x43, 0x6c, 0x1, 0xa9, 0x8b, 0x84, 0x0,
    0x98, 0x0, 0x99, 0x0, 0x35, 0x0, 0x3, 0xe4,
    0xd4, 0x1, 0x9e, 0xc0,

    /* U+0059 "Y" */
    0x90, 0xe, 0x35, 0xa6, 0x0, 0xd6, 0xa7, 0xe0,
    0x11, 0x70, 0x2, 0x94, 0x1, 0x4c, 0x0, 0x3d,
    0x2, 0xe0, 0xd, 0x6a, 0xa6, 0x0, 0xc7, 0x82,
    0x1, 0xee, 0x40, 0xf, 0xfe, 0xb8,

    /* U+005A "Z" */
    0x4, 0x88, 0xeb, 0x60, 0x48, 0x8e, 0x26, 0x0,
    0xf3, 0x50, 0x7, 0x87, 0x8c, 0x3, 0xd1, 0x0,
    0xf, 0x26, 0x0, 0x7d, 0xaa, 0x1, 0xe7, 0xb0,
    0xf, 0x10, 0x10, 0x7, 0xad, 0xc0, 0x3c, 0xd4,
    0x1, 0xf5, 0xda, 0x23, 0x94,

    /* U+005B "[" */
    0x38, 0x73, 0xb, 0x73, 0x0, 0xff, 0xf4, 0xa,
    0x31, 0x0,

    /* U+005C "\\" */
    0x80, 0xf, 0x70, 0x80, 0x73, 0xb0, 0x7, 0xf,
    0x80, 0x7b, 0x88, 0x3, 0x9d, 0x40, 0x38, 0x7c,
    0x3, 0xda, 0x60, 0x1c, 0xb6, 0x1, 0xff, 0xc1,
    0xc4, 0x0, 0xe4, 0xc0, 0xf, 0xfe, 0xd, 0xa0,
    0x7, 0x1e, 0x0, 0x7e,

    /* U+005D "]" */
    0x47, 0xa0, 0x47, 0xc0, 0xf, 0xff, 0x4a, 0x37,
    0x0,

    /* U+005E "^" */
    0x0, 0x2c, 0x80, 0x76, 0xf0, 0x80, 0x43, 0xcc,
    0xe0, 0x13, 0x38, 0xf0, 0x5, 0xe2, 0x1a, 0x60,
    0x7a, 0x0, 0x5b, 0xb, 0x50, 0xe,

    /* U+005F "_" */
    0x79, 0x9f, 0x94,

    /* U+0060 "`" */
    0x5, 0x0, 0x89, 0x0, 0xf, 0x84, 0x0, 0x80,

    /* U+0061 "a" */
    0x7, 0x88, 0x49, 0x1, 0xac, 0x42, 0x6c, 0xc,
    0x80, 0x21, 0x0, 0xc6, 0xc6, 0x40, 0xf0, 0xee,
    0xc0, 0x85, 0x84, 0x10, 0x0, 0x90, 0x7, 0x18,
    0x4, 0x76, 0x13, 0x28, 0x83, 0x48, 0x0,

    /* U+0062 "b" */
    0x22, 0x0, 0x79, 0xd8, 0x3, 0xff, 0x96, 0xe0,
    0x1f, 0x9e, 0x21, 0x24, 0x0, 0x95, 0x88, 0x4c,
    0x0, 0x38, 0x80, 0x2f, 0x50, 0xf, 0x26, 0x80,
    0x78, 0x40, 0x3e, 0x2f, 0x0, 0xf2, 0xa8, 0x30,
    0x2, 0x2e, 0x20, 0xc8, 0x98, 0x59, 0x0,

    /* U+0063 "c" */
    0x0, 0x1c, 0xc4, 0xb0, 0x0, 0xaa, 0x62, 0x54,
    0x1, 0x72, 0x1, 0x18, 0x7, 0xff, 0x38, 0xc0,
    0x3e, 0x99, 0x0, 0x46, 0x40, 0x7b, 0x31, 0x4,
    0x20,

    /* U+0064 "d" */
    0x0, 0xf9, 0x0, 0x3e, 0xd0, 0xf, 0xfe, 0x71,
    0x4c, 0x4b, 0x80, 0xa, 0x26, 0x25, 0x48, 0x2e,
    0xc0, 0x11, 0x10, 0xc, 0x40, 0x3c, 0x60, 0x1f,
    0xfc, 0x33, 0x0, 0xfb, 0xdc, 0x2, 0x52, 0x5,
    0x19, 0x89, 0x63,

    /* U+0065 "e" */
    0x0, 0x1c, 0xc4, 0xa0, 0x0, 0xaa, 0x62, 0x70,
    0x82, 0x24, 0x2, 0x9a, 0x0, 0xf0, 0x88, 0x1a,
    0x67, 0x84, 0x16, 0x67, 0xa0, 0x3, 0xfa, 0xe0,
    0x3, 0xc5, 0x73, 0x13, 0x2,

    /* U+0066 "f" */
    0x0, 0x2c, 0x38, 0x3, 0x21, 0xc0, 0xf0, 0x3,
    0xff, 0x80, 0x71, 0x11, 0x1c, 0x44, 0x40, 0x1f,
    0xfd, 0x70,

    /* U+0067 "g" */
    0x0, 0x34, 0xcb, 0xaa, 0x4, 0x14, 0x26, 0x5e,
    0x10, 0x21, 0x8c, 0x0, 0x12, 0x10, 0x0, 0x80,
    0x70, 0x80, 0x2a, 0x40, 0x6, 0x1, 0x88, 0x22,
    0xb, 0x0, 0x13, 0xdc, 0x41, 0x80, 0x30, 0x80,
    0x7e, 0x6e, 0x99, 0xa0, 0x80, 0xf, 0xb3, 0x3a,
    0x4, 0x38, 0x40, 0x21, 0xf2, 0x2, 0x0, 0xc3,
    0x86, 0x13, 0x28, 0x8a, 0x64, 0x0,

    /* U+0068 "h" */
    0x54, 0x0, 0xff, 0xe8, 0x34, 0x42, 0x40, 0x1c,
    0x91, 0xa, 0x60, 0xe2, 0x0, 0x1f, 0x80, 0x7f,
    0xf7, 0x80,

    /* U+0069 "i" */
    0x76, 0x63, 0x88, 0x95, 0x0, 0x3f, 0xf8, 0x80,

    /* U+006A "j" */
    0x0, 0x43, 0x0, 0x25, 0xc0, 0x2, 0x20, 0x2,
    0xa0, 0x7, 0xff, 0x6d, 0xc0, 0x6, 0x27, 0x1c,
    0x40,

    /* U+006B "k" */
    0x54, 0x0, 0xff, 0xe9, 0xc8, 0x7, 0x3d, 0x80,
    0x64, 0x22, 0x0, 0x43, 0xca, 0x1, 0xa0, 0x88,
    0x1, 0x7d, 0xc5, 0x80, 0x5c, 0x41, 0x88, 0x0,
    0x10, 0x2, 0xe8, 0x7, 0xad, 0xc0,

    /* U+006C "l" */
    0x22, 0x3, 0xb0, 0x7, 0xff, 0x4c, 0x40, 0xd,
    0xc0,

    /* U+006D "m" */
    0x52, 0x68, 0x97, 0x4, 0x88, 0x80, 0x10, 0x91,
    0x3e, 0xe1, 0x10, 0xc5, 0xe, 0x20, 0x5, 0x82,
    0x0, 0x13, 0x40, 0x38, 0x80, 0x38, 0x40, 0x3f,
    0xfe, 0x0,

    /* U+006E "n" */
    0x52, 0x58, 0x84, 0x80, 0x21, 0xe2, 0x14, 0xc1,
    0xc4, 0x0, 0x3f, 0x0, 0xff, 0xef, 0x0,

    /* U+006F "o" */
    0x0, 0x1c, 0xc4, 0xb8, 0x4, 0x75, 0x31, 0x27,
    0x0, 0xa, 0x90, 0x9, 0x4, 0x40, 0x1f, 0x6a,
    0x0, 0x7c, 0xc6, 0x1, 0xf3, 0x18, 0x7, 0xd8,
    0x81, 0x52, 0x1, 0x20, 0x8, 0x1d, 0x4c, 0x49,
    0xc0, 0x0,

    /* U+0070 "p" */
    0x53, 0x78, 0x84, 0x90, 0x2, 0x16, 0x21, 0x30,
    0x0, 0xf2, 0x0, 0xbd, 0x40, 0x3c, 0x9a, 0x1,
    0xe1, 0x0, 0xf8, 0xbc, 0x3, 0xca, 0xa0, 0xd0,
    0x8, 0xb8, 0x83, 0x22, 0x61, 0x64, 0x0, 0x31,
    0x30, 0xe0, 0x1f, 0xfc, 0xe0,

    /* U+0071 "q" */
    0x0, 0x14, 0xc4, 0xb4, 0x1, 0x44, 0xc4, 0xa1,
    0x85, 0xd8, 0x2, 0x22, 0x1, 0x88, 0x7, 0x8c,
    0x3, 0xff, 0x86, 0x60, 0x1f, 0x7b, 0x80, 0x4a,
    0x40, 0xa3, 0x31, 0x2c, 0x60, 0x6, 0x98, 0x93,
    0x10, 0xf, 0xfe, 0x60,

    /* U+0072 "r" */
    0x52, 0x79, 0x40, 0x85, 0x94, 0xd, 0x20, 0x8,
    0xc0, 0x3f, 0xfa, 0x0,

    /* U+0073 "s" */
    0x2, 0x98, 0x96, 0x0, 0x44, 0xc4, 0xa0, 0x0,
    0xc0, 0x22, 0x0, 0x7c, 0x8, 0x6, 0x6a, 0x99,
    0x10, 0x4, 0x51, 0x10, 0x80, 0x61, 0x94, 0x24,
    0x0, 0x91, 0x88, 0x93, 0x12, 0x26,

    /* U+0074 "t" */
    0x0, 0x18, 0x6, 0x14, 0x0, 0xfe, 0x38, 0xc8,
    0x70, 0x3b, 0xc8, 0x70, 0xf, 0xfe, 0x71, 0x80,
    0x70, 0xf8, 0x7, 0x7c, 0xc0, 0x0,

    /* U+0075 "u" */
    0x71, 0x0, 0xd2, 0x1, 0xff, 0xd7, 0x12, 0x0,
    0x84, 0x11, 0x0, 0x1, 0x91, 0x21, 0x98, 0x98,
    0x0,

    /* U+0076 "v" */
    0x90, 0xe, 0x81, 0xd5, 0x0, 0xc2, 0x24, 0xc0,
    0x8, 0xf0, 0x0, 0x22, 0x0, 0x5a, 0x80, 0x2d,
    0xc0, 0x3c, 0x7c, 0x7, 0xa0, 0x1b, 0xc6, 0xd4,
    0x3, 0x2b, 0x80, 0x78, 0xb7, 0x0, 0x20,

    /* U+0077 "w" */
    0x73, 0x0, 0xa1, 0xc0, 0x24, 0x55, 0x20, 0x6,
    0xf0, 0xb, 0x14, 0xb8, 0x0, 0x3c, 0x1, 0x84,
    0x3, 0x91, 0xf1, 0x0, 0x78, 0x1, 0x88, 0x4,
    0x29, 0x80, 0x88, 0x0, 0x2e, 0x0, 0x7b, 0x4c,
    0x3, 0x11, 0x0, 0x1e, 0x20, 0x1d, 0xea, 0x80,
    0x4, 0x6e, 0x0, 0xc9, 0x82, 0x0, 0x3a, 0x70,
    0x0,

    /* U+0078 "x" */
    0x36, 0x0, 0x98, 0x8f, 0x84, 0x4, 0x44, 0x11,
    0x21, 0x2e, 0x1, 0x6b, 0xe8, 0x6, 0x4a, 0x50,
    0xd, 0x3e, 0xe0, 0x11, 0xe9, 0x1, 0x0, 0x29,
    0x41, 0xec, 0x1e, 0xc0, 0x2d, 0x60,

    /* U+0079 "y" */
    0x90, 0xe, 0x71, 0xa6, 0x0, 0xdc, 0x27, 0xe0,
    0x11, 0x70, 0x3, 0x88, 0x0, 0xac, 0x0, 0x65,
    0x0, 0x70, 0x80, 0x7, 0xc0, 0x78, 0x3, 0x61,
    0xba, 0x80, 0x64, 0xbe, 0x20, 0xe, 0xff, 0x0,
    0x78, 0x54, 0x3, 0xdc, 0x40, 0x1c, 0xb8, 0x1,
    0x96, 0x4d, 0x0, 0x30,

    /* U+007A "z" */
    0x8, 0x8d, 0x86, 0x11, 0x14, 0xa1, 0x80, 0x69,
    0x90, 0x6, 0x4d, 0x10, 0xd, 0xaa, 0x1, 0x9e,
    0xc0, 0x31, 0x9, 0x0, 0x6b, 0x60, 0xc, 0xc5,
    0x11, 0x90,

    /* U+007B "{" */
    0x0, 0x33, 0x98, 0x3, 0x9c, 0xc0, 0x3e, 0xf0,
    0xf, 0xfe, 0x8, 0x80, 0x45, 0x4c, 0x0, 0x2a,
    0x60, 0x8, 0x40, 0x3f, 0xf8, 0x7e, 0x1, 0xff,
    0xc2, 0xb6, 0x20,

    /* U+007C "|" */
    0x21, 0x62, 0x0, 0xff, 0xeb, 0x0,

    /* U+007D "}" */
    0x47, 0x40, 0x2, 0x3e, 0x0, 0x6f, 0x0, 0xff,
    0xe3, 0xf8, 0x6, 0xca, 0x10, 0x6, 0x50, 0x80,
    0x3c, 0x3, 0xff, 0x85, 0xe0, 0x1b, 0xc0, 0x37,
    0x80, 0x11, 0xe4, 0x0,

    /* U+007E "~" */
    0x3, 0x96, 0x0, 0xc2, 0x92, 0x50, 0x6, 0xa2,
    0xe0, 0x97, 0xa, 0xa0,

    /* U+00B0 "°" */
    0x3, 0x76, 0x1, 0x47, 0x46, 0x23, 0x2, 0xe2,
    0x30, 0x2e, 0x13, 0x85, 0x60,

    /* U+00B7 "·" */
    0xa, 0xa0, 0x22, 0xa9, 0x14, 0x88, 0xa0,

    /* U+20AC "€" */
    0x0, 0x92, 0x62, 0x50, 0x2, 0x33, 0x4c, 0x48,
    0x80, 0x52, 0xe0, 0x12, 0x80, 0xb, 0x40, 0x3c,
    0x9f, 0x8e, 0xf8, 0x41, 0x2a, 0x5d, 0xf0, 0x82,
    0x4c, 0x3b, 0xc6, 0x0, 0x4b, 0xe7, 0x78, 0xc0,
    0x27, 0x30, 0xf, 0x8b, 0x40, 0x3f, 0x73, 0x80,
    0x52, 0x20, 0x4, 0x29, 0x89, 0xb1,

    /* U+4E00 "一" */
    0x18, 0x8f, 0xfe, 0x11, 0x0,

    /* U+4E09 "三" */
    0x7, 0x7f, 0xfe, 0x0, 0x1, 0xdf, 0xff, 0x80,
    0x1, 0xff, 0xe1, 0x77, 0xfe, 0x50, 0xc, 0xef,
    0xfc, 0xa0, 0x1f, 0xfe, 0xe6, 0x77, 0xff, 0xe0,
    0x30,

    /* U+4E2D "中" */
    0x0, 0xf8, 0x80, 0x3f, 0xf8, 0x2a, 0x1, 0xff,
    0xc8, 0x17, 0x7f, 0x4b, 0xbf, 0xa, 0xa3, 0xbf,
    0x4b, 0xbe, 0x23, 0x0, 0xff, 0xf6, 0xcb, 0xbf,
    0x4b, 0xbe, 0x90, 0x78, 0x77, 0xe9, 0x77, 0xde,
    0x66, 0x20, 0xf, 0xf1, 0x88, 0x7, 0xff, 0x78,

    /* U+4E8C "二" */
    0x0, 0x23, 0xbf, 0xf9, 0x40, 0x32, 0x3b, 0xff,
    0x94, 0x3, 0xff, 0xfe, 0x1, 0xff, 0xec, 0x77,
    0xff, 0xe1, 0x0,

    /* U+4E94 "五" */
    0x0, 0x33, 0xbe, 0xa7, 0x7e, 0x60, 0xc, 0xce,
    0xf2, 0xf3, 0xbf, 0x30, 0x7, 0xe7, 0x60, 0xf,
    0xfe, 0x11, 0x10, 0x3, 0xff, 0x9e, 0xef, 0x4b,
    0xbe, 0xa3, 0x0, 0xf3, 0xbd, 0x2e, 0xfb, 0xc4,
    0x3, 0xf1, 0x18, 0x6, 0x33, 0x0, 0x7e, 0x76,
    0x0, 0xc2, 0x20, 0xf, 0xc4, 0x40, 0xf, 0xfe,
    0x72, 0xae, 0xb5, 0x5e, 0xc5, 0x58, 0x0, 0xef,
    0xb9, 0xdf, 0xa5, 0xde, 0x0,

    /* U+4EAE "亮" */
    0x0, 0xf0, 0x80, 0x7f, 0xf0, 0x98, 0x3, 0xce,
    0xfe, 0x6a, 0x77, 0xff, 0xe0, 0xe3, 0xbf, 0x80,
    0x10, 0xef, 0xfa, 0x0, 0x37, 0xbb, 0xfe, 0xf0,
    0xd, 0xee, 0xff, 0xb8, 0x3, 0x43, 0xbf, 0xe9,
    0x0, 0x23, 0xbf, 0xff, 0x1, 0x4d, 0xdf, 0xff,
    0x80, 0x40, 0x19, 0xc0, 0x21, 0x60, 0xc, 0xe0,
    0x1f, 0xfc, 0x7, 0x0, 0xff, 0xe0, 0x90, 0x5,
    0xc, 0x1, 0xf9, 0x51, 0x99, 0x22, 0x1, 0xf,
    0xb3, 0x1c, 0x91, 0x98, 0x20, 0x1d, 0x2c, 0xc7,
    0x50,

    /* U+4ECA "今" */
    0x0, 0xfc, 0x20, 0x1f, 0xfc, 0x25, 0x80, 0xf,
    0xfe, 0x9, 0x85, 0x28, 0x7, 0xfc, 0x8c, 0xa6,
    0x2c, 0x1, 0xfc, 0xc0, 0xa0, 0x4, 0x57, 0x0,
    0xf0, 0xc2, 0x20, 0x3, 0x1b, 0x41, 0x80, 0x4e,
    0xe8, 0x25, 0x77, 0xcc, 0x30, 0xd0, 0x20, 0xcc,
    0x0, 0x2b, 0xbe, 0x60, 0x2, 0xc0, 0x80, 0x89,
    0xdf, 0xfa, 0x44, 0x3, 0xb, 0xbf, 0xf0, 0x88,
    0x3, 0xff, 0x83, 0x10, 0x0, 0xff, 0xe0, 0xb5,
    0x0, 0x7f, 0xf0, 0x50, 0x88, 0x1, 0xff, 0xc0,
    0x32, 0x40, 0xf, 0xfe, 0xa, 0x30, 0x7, 0x80,

    /* U+4F5C "作" */
    0x0, 0xe1, 0x0, 0xff, 0xe1, 0x1a, 0x80, 0x20,
    0x3, 0xfe, 0xb4, 0x1, 0xe0, 0xf, 0xf1, 0xe8,
    0x2, 0xfa, 0x9d, 0xf8, 0x40, 0x2e, 0x50, 0x1c,
    0x8d, 0x77, 0xe1, 0x0, 0x33, 0x80, 0x25, 0x80,
    0x3f, 0x90, 0x34, 0x1a, 0xc0, 0x3f, 0xc6, 0xc0,
    0x2, 0x30, 0x6, 0xbb, 0xe6, 0x0, 0x38, 0x4,
    0x80, 0x16, 0xbb, 0xe6, 0x0, 0xff, 0xe7, 0x6b,
    0xbf, 0x0, 0x7f, 0xb5, 0xdf, 0x80, 0x3f, 0xfc,
    0xa0,

    /* U+504F "偏" */
    0x0, 0xff, 0xe3, 0xa1, 0x80, 0x92, 0x33, 0xbc,
    0x1, 0xc6, 0x6c, 0x41, 0x66, 0x3b, 0xc0, 0x18,
    0xcc, 0x0, 0x24, 0x57, 0x7c, 0x1, 0xb9, 0x2,
    0xdd, 0xfc, 0x1, 0x9d, 0x40, 0x3f, 0xf8, 0xa,
    0x7e, 0x0, 0xb7, 0x7f, 0x70, 0x9, 0xa0, 0x5,
    0x6e, 0xfe, 0x90, 0x16, 0x0, 0xe9, 0x7b, 0x77,
    0x53, 0xd0, 0x7, 0xdc, 0xf8, 0xee, 0xd7, 0x30,
    0xe, 0x12, 0x0, 0xff, 0xe0, 0xab, 0xdb, 0xc3,
    0xba, 0x1d, 0x0, 0x38, 0xca, 0xde, 0x1d, 0xd0,
    0xe8, 0x1, 0xff, 0xc7, 0x35, 0x0, 0x88, 0x0,
    0x6c, 0x1, 0x9c, 0xc8, 0x1c, 0x14, 0x0, 0x8d,
    0x20,

    /* U+505C "停" */
    0x0, 0xc2, 0x1, 0x88, 0x3, 0xfc, 0xc0, 0x18,
    0x54, 0x3, 0xfc, 0xae, 0xf2, 0x4b, 0xbe, 0x20,
    0x9, 0xd9, 0x5d, 0xf6, 0x3b, 0xe2, 0x0, 0xe,
    0x8, 0x1c, 0xbb, 0xf4, 0x0, 0x69, 0x30, 0xa,
    0x9d, 0xfb, 0xc0, 0x26, 0xbf, 0x0, 0xd, 0xbb,
    0xf0, 0x80, 0x63, 0x0, 0x8a, 0x1d, 0xf9, 0x80,
    0x26, 0x0, 0xa5, 0xdf, 0xf4, 0x98, 0x7, 0x73,
    0xbf, 0xea, 0x0, 0xf2, 0xa3, 0xbd, 0x8e, 0xf1,
    0x10, 0x3, 0x89, 0x1d, 0xeb, 0x77, 0x84, 0x40,
    0x1f, 0xfd, 0xb3, 0x66, 0x10, 0x7, 0xe7, 0x0,
    0x8d, 0x98, 0xa0, 0x1c,

    /* U+5167 "內" */
    0x0, 0x13, 0xba, 0x84, 0x3, 0xf1, 0x3b, 0xa1,
    0x40, 0x3f, 0xe2, 0x10, 0xf, 0x4b, 0xbe, 0xaa,
    0x3b, 0xea, 0x2e, 0x77, 0xdb, 0xe, 0xfb, 0x84,
    0x3, 0xc2, 0x20, 0xf, 0xe4, 0x43, 0xb8, 0x3,
    0xfb, 0xc, 0x46, 0x0, 0xfa, 0x20, 0x0, 0x79,
    0x10, 0xc, 0x91, 0x20, 0x1a, 0x25, 0x40, 0x25,
    0x81, 0x0, 0xe8, 0x70, 0x8, 0x40, 0x3f, 0x10,
    0x7, 0xff, 0x31, 0xdd, 0xa4,

    /* U+5168 "全" */
    0x0, 0x85, 0xde, 0xf5, 0x0, 0xff, 0xb, 0xb8,
    0x38, 0xcc, 0x1, 0xff, 0x3a, 0x8b, 0x21, 0x0,
    0x7f, 0x3a, 0x90, 0x1, 0xd0, 0xc0, 0x3e, 0x86,
    0x20, 0xc, 0xcc, 0x70, 0xc, 0x91, 0x46, 0x45,
    0xe7, 0x49, 0x30, 0x11, 0x43, 0x3b, 0xde, 0xef,
    0x86, 0x5c, 0x5, 0x41, 0x15, 0x6a, 0x55, 0xc4,
    0x8, 0x1, 0xff, 0xc7, 0x27, 0x7d, 0xe, 0xfc,
    0x1, 0xc4, 0xef, 0xa1, 0xdf, 0x80, 0x3f, 0xfb,
    0xe, 0xfe, 0xd7, 0x7f, 0x20, 0x0,

    /* U+516D "六" */
    0x0, 0xff, 0xe5, 0xb8, 0x7, 0xff, 0xc, 0x44,
    0x1, 0xff, 0xc2, 0x66, 0x0, 0x7f, 0xf0, 0xd4,
    0x3, 0xf3, 0x3b, 0xf9, 0x5d, 0xfc, 0x0, 0x67,
    0x7f, 0xfe, 0x8, 0x7, 0xff, 0x24, 0x5c, 0x3,
    0x31, 0x0, 0x7e, 0x97, 0x0, 0xcd, 0x40, 0x1f,
    0x17, 0x0, 0x7a, 0x58, 0x3, 0xd6, 0xc0, 0x1e,
    0x10, 0x20, 0xc, 0xd4, 0x1, 0xf9, 0xa8, 0x2,
    0x31, 0x30, 0xf, 0xea, 0x60, 0x5, 0x38, 0x7,
    0xf8, 0x84, 0x1, 0x20, 0x1f, 0xfc, 0x7, 0x0,

    /* U+51B0 "冰" */
    0x0, 0xfe, 0x10, 0xf, 0xfe, 0x1b, 0x0, 0x78,
    0x60, 0x40, 0x3f, 0xf8, 0x23, 0x12, 0x40, 0x1d,
    0x60, 0x1f, 0xa0, 0x3, 0xe1, 0x0, 0x12, 0x0,
    0x62, 0x47, 0x74, 0xa2, 0x40, 0x4a, 0x80, 0x1c,
    0x8e, 0xef, 0x5f, 0x23, 0x47, 0x0, 0xfe, 0x11,
    0x7, 0xa3, 0x0, 0x7a, 0x0, 0x2, 0x40, 0x8,
    0x0, 0xf9, 0x6c, 0x0, 0xca, 0x1, 0x11, 0x0,
    0x3b, 0x4c, 0xc, 0x80, 0x32, 0xd0, 0x6, 0x79,
    0x1, 0xb5, 0x0, 0xe9, 0x80, 0x1, 0x8, 0xd3,
    0x0, 0x1e, 0x1a, 0x81, 0x26, 0x1, 0x80, 0xf,
    0xc5, 0x2, 0x1, 0xe1, 0x77, 0x8, 0x7, 0xff,
    0x0, 0x5d, 0xcc, 0x1, 0xe0,

    /* U+51B7 "冷" */
    0x0, 0xfc, 0x40, 0x1e, 0x40, 0xf, 0xf, 0x0,
    0x79, 0x1c, 0x3, 0xa7, 0x9c, 0x3, 0xc8, 0x80,
    0x9, 0xe8, 0x91, 0x80, 0x38, 0xc4, 0x0, 0xa6,
    0x40, 0x6a, 0xe0, 0x1c, 0xa0, 0xe2, 0x4e, 0xf2,
    0x14, 0x10, 0x6, 0x55, 0x23, 0x3b, 0xe5, 0x84,
    0x0, 0xca, 0x40, 0x1f, 0x98, 0x3, 0x85, 0xdf,
    0xd2, 0xa0, 0x19, 0xc0, 0x5d, 0xfc, 0x2a, 0x1,
    0x11, 0x0, 0x3e, 0x79, 0x0, 0xca, 0xa0, 0x9,
    0x40, 0xc, 0x82, 0x1, 0x8, 0x80, 0x32, 0xbb,
    0x11, 0x80, 0x66, 0x60, 0x7, 0x3f, 0xa0, 0x7,
    0x30, 0x7, 0xd3, 0x0, 0x1c, 0x20, 0x1f, 0xa0,
    0x3, 0x80,

    /* U+51FA "出" */
    0x0, 0xf0, 0x80, 0x7f, 0xf0, 0x18, 0x3, 0xc8,
    0x20, 0x1f, 0xca, 0x4, 0x1, 0xfe, 0x20, 0xf,
    0xfe, 0xe2, 0x33, 0xbe, 0x87, 0x7c, 0x80, 0x7,
    0x7e, 0x87, 0x7c, 0x40, 0xa0, 0x1f, 0xe4, 0x10,
    0xf, 0xfe, 0xde, 0xaa, 0xf6, 0x2a, 0xef, 0x8,
    0x77, 0xe9, 0x77, 0xda, 0x0,

    /* U+5287 "劇" */
    0x0, 0xe2, 0x0, 0xff, 0xe1, 0x28, 0x7, 0xe5,
    0x0, 0xec, 0x88, 0x94, 0x3, 0x10, 0x0, 0x8a,
    0x1a, 0xa9, 0xc1, 0xc0, 0x3a, 0x1d, 0xc2, 0xef,
    0x40, 0x80, 0x7b, 0x58, 0x54, 0x88, 0xf8, 0x20,
    0x1f, 0x3b, 0x31, 0xdc, 0x4c, 0x1, 0xf9, 0xb,
    0x1d, 0xe5, 0x0, 0xfc, 0xee, 0x3c, 0x0, 0x10,
    0x7, 0xe7, 0x6e, 0xf7, 0x56, 0x0, 0xf1, 0x11,
    0x9e, 0xb0, 0x94, 0x40, 0x3c, 0xcd, 0x1a, 0xfc,
    0x8, 0x0, 0x40, 0x31, 0x1b, 0xb9, 0x3f, 0x0,
    0xc1, 0x80, 0x30, 0x82, 0xa9, 0xa0, 0x1a, 0xc0,
    0x38, 0x88, 0x8c, 0x84, 0xee, 0x9, 0x3, 0x88,
    0x11, 0x15, 0x10, 0x6c, 0xe2, 0x2, 0x7, 0x10,
    0x50,

    /* U+529F "功" */
    0x0, 0xff, 0xe6, 0x30, 0x80, 0x71, 0x17, 0x8,
    0x4, 0x20, 0x1c, 0xee, 0xe7, 0x71, 0x0, 0x4,
    0x3, 0xca, 0xab, 0x55, 0x3b, 0xd2, 0xef, 0xa0,
    0x3, 0xc8, 0xee, 0x97, 0x7d, 0xe0, 0x1f, 0xfe,
    0x72, 0x3, 0x30, 0x7, 0xc3, 0x6e, 0xe1, 0x4,
    0x40, 0x7, 0x13, 0xbb, 0x5d, 0xc6, 0x22, 0x0,
    0xc2, 0x22, 0x76, 0x10, 0xa, 0x58, 0x3, 0x11,
    0x0, 0x3d, 0x14, 0x1, 0xc8, 0xa0, 0x18, 0x62,
    0x48, 0x0, 0xef, 0x0, 0x80, 0x61, 0x81, 0x0,
    0x9d, 0xf0, 0x0,

    /* U+52D2 "勒" */
    0x0, 0x8, 0x4, 0x20, 0x18, 0x40, 0x39, 0x4c,
    0x0, 0xc0, 0x19, 0x80, 0x33, 0xfc, 0xbb, 0xa5,
    0xcc, 0x3, 0xe7, 0xf9, 0x77, 0x4b, 0x98, 0x7,
    0xf3, 0x91, 0x3c, 0x11, 0x99, 0x4c, 0xc5, 0x0,
    0x28, 0xfb, 0xe0, 0x2b, 0xad, 0x3b, 0xb4, 0xd,
    0x88, 0xc8, 0xdc, 0x4, 0x46, 0x22, 0xf0, 0x47,
    0x73, 0x3b, 0x88, 0x80, 0xce, 0x1, 0xf7, 0x80,
    0x71, 0x98, 0x3, 0xb, 0xba, 0x1d, 0xda, 0x21,
    0xe0, 0x1c, 0xce, 0xe8, 0x77, 0x41, 0x0, 0x78,
    0x5d, 0xe8, 0x77, 0x91, 0x18, 0x1, 0x85, 0xde,
    0x87, 0x79, 0x35, 0x0, 0x2, 0x40, 0x1f, 0x9a,
    0x80, 0x25, 0x60, 0xf, 0x94, 0xcc, 0xe, 0xed,
    0x30, 0xc, 0xe0, 0x5, 0x50, 0x1, 0xdd, 0x20,

    /* U+52D5 "動" */
    0x0, 0xff, 0x84, 0x3, 0x2b, 0x32, 0x99, 0xa1,
    0x0, 0x30, 0x6, 0x56, 0x66, 0xb3, 0x42, 0x1,
    0xe1, 0x77, 0xa1, 0xde, 0x50, 0xf, 0xb, 0xbd,
    0xe, 0xf2, 0x33, 0xcb, 0x34, 0xc, 0xee, 0x87,
    0x79, 0x19, 0x61, 0x98, 0x20, 0x2e, 0xe8, 0x77,
    0x88, 0x0, 0x60, 0x1b, 0x9d, 0xd0, 0xef, 0x0,
    0x5, 0x80, 0x37, 0x3b, 0xa1, 0xde, 0x0, 0x29,
    0x0, 0x6f, 0x77, 0x43, 0xbc, 0x0, 0x11, 0x0,
    0x68, 0x77, 0x43, 0xbe, 0xf, 0x0, 0xbc, 0x15,
    0xdd, 0xe, 0xf1, 0x9b, 0x0, 0x39, 0x5d, 0xd0,
    0xef, 0x1d, 0x20, 0x5, 0xe0, 0x26, 0xb6, 0xef,
    0x55, 0x0, 0x23, 0x20, 0x77, 0xb1, 0xdc, 0x3e,
    0x60, 0xaf, 0x48, 0xc, 0x84, 0x1, 0x32, 0x80,
    0x15, 0xe4, 0x40,

    /* U+5373 "即" */
    0x9, 0x77, 0xc8, 0x6, 0xef, 0x98, 0x39, 0xdf,
    0x18, 0x23, 0xbe, 0x10, 0xf, 0xfe, 0x8d, 0x3b,
    0xed, 0x0, 0xfd, 0x4e, 0xfb, 0x40, 0x3f, 0xf9,
    0x54, 0xef, 0x84, 0x3, 0xf5, 0x3b, 0xe6, 0x0,
    0xff, 0x98, 0x40, 0x3f, 0xf8, 0xc, 0xc0, 0xc,
    0x6e, 0xe4, 0x0, 0x91, 0xb8, 0x80, 0x23, 0x77,
    0x1a, 0xcb, 0xb9, 0xa5, 0x40, 0x3e, 0x6e, 0x73,
    0x0, 0x38, 0x7, 0xc0,

    /* U+56DB "四" */
    0x67, 0x7d, 0x8e, 0xeb, 0x77, 0xa4, 0x85, 0xdf,
    0x5b, 0xbb, 0x1d, 0xec, 0x0, 0xe1, 0x10, 0x7,
    0xff, 0x0, 0xcc, 0x1, 0xff, 0xc0, 0x66, 0x0,
    0x7f, 0xf0, 0xc, 0xc0, 0x1f, 0xfc, 0xf, 0x0,
    0xff, 0xe0, 0x44, 0x80, 0x48, 0xef, 0x0, 0x45,
    0x14, 0x20, 0x11, 0xbb, 0xc0, 0x11, 0x41, 0x0,
    0x7f, 0xf3, 0x39, 0xdf, 0xfe, 0x90, 0xf7, 0x7f,
    0xfb, 0xcc,

    /* U+571F "土" */
    0x0, 0xf8, 0x40, 0x3f, 0xf8, 0x4c, 0x1, 0xff,
    0xf8, 0x17, 0x7e, 0x87, 0x7e, 0x60, 0x0, 0xbb,
    0xf4, 0x3b, 0xf3, 0x0, 0x7f, 0xff, 0xc0, 0x3f,
    0xf8, 0x82, 0xef, 0xee, 0x77, 0xf3, 0x0,

    /* U+5747 "均" */
    0x0, 0xfc, 0x20, 0x1f, 0xcc, 0x1, 0xa4, 0x3,
    0xf8, 0x40, 0x21, 0xe0, 0xf, 0xfe, 0xc, 0x7b,
    0xbf, 0x48, 0x7, 0xdd, 0x2e, 0xfd, 0xc0, 0xee,
    0x87, 0x79, 0x80, 0x3f, 0x3b, 0xa1, 0xd0, 0x44,
    0x1, 0xff, 0xc1, 0x64, 0x77, 0xc4, 0x1, 0xf1,
    0x82, 0x3b, 0xe2, 0x0, 0xff, 0xe4, 0x93, 0x93,
    0xbf, 0x20, 0x6, 0x3a, 0x77, 0x13, 0xbf, 0x20,
    0x0, 0x61, 0xb5, 0x40, 0x3f, 0x8, 0xd0, 0xa0,
    0x1f, 0xe4, 0x50, 0xf, 0xf3, 0xbd, 0xa6, 0x1,
    0xfe, 0x77, 0xa0, 0x0,

    /* U+5831 "報" */
    0x0, 0xc4, 0x1, 0xff, 0xc3, 0x50, 0x9, 0x1d,
    0xf4, 0x18, 0x1, 0x1d, 0xd0, 0xee, 0x23, 0x77,
    0xd4, 0xc0, 0x4, 0x77, 0x43, 0xb8, 0x80, 0x3f,
    0xf9, 0xb1, 0x16, 0xc4, 0x14, 0x2, 0x46, 0x45,
    0x0, 0x47, 0xc5, 0x53, 0x94, 0x2, 0x46, 0x60,
    0x6, 0x44, 0x5, 0x30, 0x77, 0x21, 0xde, 0xa0,
    0x2, 0xa6, 0x60, 0x9c, 0xfb, 0xf9, 0xdc, 0x9c,
    0x0, 0x57, 0x8b, 0xa7, 0x30, 0x1e, 0x0, 0x5a,
    0x0, 0x7f, 0xd6, 0xa5, 0xe0, 0x13, 0xbd, 0x2e,
    0xe5, 0x0, 0x19, 0x43, 0x80, 0x4e, 0xf4, 0xbb,
    0x94, 0x3, 0x30, 0x7, 0xff, 0x5, 0x8f, 0x64,
    0x40, 0x3f, 0xce, 0xa8, 0x31, 0x1, 0x0, 0xce,
    0x1, 0x3b, 0x8c, 0x0, 0x32, 0x20,

    /* U+5883 "境" */
    0x0, 0x84, 0x3, 0x84, 0x3, 0xf9, 0x80, 0x38,
    0x5c, 0x3, 0xfe, 0x37, 0x7b, 0x9d, 0xe2, 0x0,
    0xf8, 0xdc, 0x1e, 0x5c, 0x1c, 0x80, 0x8, 0x8b,
    0x41, 0x0, 0x8, 0x1, 0x98, 0x1, 0x99, 0xb0,
    0xbb, 0x85, 0xdd, 0xec, 0xea, 0x0, 0x22, 0x69,
    0x3, 0x80, 0x6e, 0x1, 0x50, 0xf, 0x88, 0x8e,
    0xfc, 0x20, 0x1f, 0xde, 0xef, 0xda, 0x1, 0xfd,
    0xee, 0xfd, 0xa0, 0x1e, 0x12, 0x3c, 0x78, 0x79,
    0x7e, 0x0, 0xcb, 0x68, 0x43, 0x29, 0x6f, 0xcf,
    0x20, 0x14, 0x3e, 0x28, 0x4, 0x84, 0x1, 0x84,
    0x1, 0x4, 0x1, 0x88, 0x4, 0x3, 0x21, 0x0,
    0x71, 0xba, 0x38, 0x3, 0xd9, 0x98, 0x40, 0x1c,
    0x2e, 0xc0, 0x14, 0x33, 0x24, 0x0,

    /* U+58D3 "壓" */
    0x0, 0x4b, 0xbf, 0xfc, 0xc0, 0x17, 0x32, 0x26,
    0x77, 0x95, 0xdc, 0xc0, 0x19, 0x9d, 0xea, 0x0,
    0x94, 0x9c, 0x3, 0xc6, 0x71, 0x0, 0x62, 0x43,
    0x0, 0xc6, 0x1, 0x18, 0xbb, 0xa1, 0xd1, 0x80,
    0x36, 0x0, 0x42, 0x6e, 0xe5, 0x37, 0x50, 0x8,
    0x7c, 0x88, 0xba, 0xc0, 0x38, 0x60, 0x18, 0x40,
    0xa, 0xa4, 0xe0, 0x3, 0x38, 0x88, 0x2, 0x33,
    0x73, 0xb2, 0xf0, 0x29, 0xb, 0x48, 0x4, 0x21,
    0xae, 0xca, 0x62, 0x25, 0x0, 0x4c, 0x0, 0x15,
    0x10, 0x0, 0x67, 0xc4, 0x0, 0x86, 0x0, 0x2,
    0x23, 0x77, 0xcc, 0xef, 0x98, 0x3, 0x8d, 0xdf,
    0x33, 0xbe, 0x60, 0x1, 0x31, 0xbb, 0xf1, 0x3b,
    0xf8, 0x0,

    /* U+58E4 "壤" */
    0x0, 0x84, 0x3, 0x8c, 0x3, 0xf9, 0x80, 0x3c,
    0x80, 0x1f, 0xe5, 0x77, 0x93, 0x9d, 0xf0, 0x80,
    0x72, 0x90, 0x88, 0xe8, 0x4, 0x4a, 0x20, 0xcf,
    0xe, 0x24, 0xcc, 0x31, 0x13, 0x23, 0x0, 0x19,
    0xe1, 0xc7, 0xcc, 0xde, 0x1c, 0x6e, 0x1, 0xfa,
    0xde, 0x28, 0x76, 0x45, 0x40, 0x3c, 0x28, 0x68,
    0xaf, 0x88, 0x6a, 0x1, 0xe1, 0x77, 0x43, 0xba,
    0x20, 0xe8, 0x1, 0xf2, 0xbc, 0x3b, 0xa2, 0xe,
    0x40, 0x1b, 0x19, 0x84, 0x7, 0xd8, 0x2a, 0xa,
    0x20, 0xcc, 0x96, 0x63, 0xb5, 0x66, 0xcd, 0x83,
    0x8, 0x33, 0x8, 0xd, 0xf5, 0x15, 0xae, 0x1c,
    0x40, 0x38, 0xc1, 0xe4, 0xc5, 0x6f, 0xd4, 0x3,
    0xc6, 0x60, 0xf9, 0x44, 0xb, 0xbc, 0x0,

    /* U+5916 "外" */
    0x0, 0x88, 0x3, 0x8c, 0x3, 0xf2, 0x80, 0x72,
    0x0, 0x7c, 0x44, 0x0, 0xff, 0xe0, 0xd6, 0xbb,
    0xa4, 0x80, 0x3f, 0xbe, 0x1d, 0xdc, 0x40, 0x1f,
    0x95, 0x0, 0x3d, 0xc4, 0x1, 0xd2, 0xc0, 0x1e,
    0xe4, 0x50, 0xa, 0x35, 0x9c, 0x11, 0x0, 0x13,
    0x32, 0x0, 0x10, 0x26, 0xae, 0x66, 0x0, 0xc7,
    0x32, 0x0, 0xc4, 0x40, 0xf, 0x86, 0x8, 0x3,
    0x6b, 0x80, 0x7c, 0x24, 0x1, 0x2d, 0x80, 0x7f,
    0xf0, 0x10, 0xcc, 0x1, 0xff, 0x29, 0x30, 0x7,
    0xfc, 0xe2, 0xc0, 0x1f, 0xfc, 0x7, 0x40, 0xf,
    0x9c, 0x3, 0x80,

    /* U+591A "多" */
    0x0, 0xf1, 0x0, 0x7f, 0xf0, 0xd, 0x40, 0x3f,
    0xe5, 0xe0, 0x77, 0xb0, 0x40, 0x31, 0x68, 0xeb,
    0xbc, 0xb6, 0x20, 0x2, 0x84, 0xd3, 0x60, 0x1,
    0x53, 0x80, 0x47, 0xc, 0xe, 0x92, 0xeb, 0x0,
    0x18, 0x40, 0x38, 0x4d, 0x14, 0x3, 0xe3, 0x87,
    0x82, 0xe2, 0x77, 0xc6, 0xf0, 0xd0, 0x8e, 0xba,
    0xef, 0x28, 0x89, 0xe1, 0x1f, 0x48, 0xc0, 0x35,
    0x31, 0x3, 0x23, 0xe0, 0xc0, 0x80, 0x22, 0x40,
    0x26, 0x50, 0x2, 0x44, 0xac, 0x48, 0x80, 0x7e,
    0x1f, 0xc8, 0x10, 0xf, 0x91, 0xde, 0x90, 0xe,
    0x36, 0x69, 0xdc, 0xc0, 0x1f, 0x1b, 0x34, 0x60,
    0x1f, 0x80,

    /* U+591C "夜" */
    0x0, 0xf8, 0xc0, 0x3f, 0xf8, 0x6e, 0x80, 0x1f,
    0x9d, 0xfc, 0x7e, 0xef, 0xe0, 0x3, 0xbc, 0x8a,
    0xee, 0xb1, 0x77, 0xe0, 0xe, 0xb2, 0x0, 0x2a,
    0x0, 0x7f, 0x1e, 0x0, 0x52, 0xae, 0xf4, 0x98,
    0x6, 0xf4, 0x0, 0x3e, 0xb3, 0xbd, 0xc4, 0x1,
    0x3a, 0x0, 0xf, 0x45, 0xd0, 0x1, 0xe2, 0x0,
    0x64, 0xf0, 0x34, 0xc1, 0x62, 0x35, 0xb0, 0x1,
    0x10, 0xc0, 0x8, 0xec, 0xc0, 0x62, 0x21, 0x80,
    0x9, 0x0, 0x27, 0x0, 0x2a, 0x82, 0x5c, 0x3,
    0xfe, 0x20, 0xd9, 0x0, 0xff, 0xe0, 0x16, 0xdb,
    0x80, 0x7f, 0xce, 0x90, 0xcb, 0x2, 0x1, 0xe1,
    0x77, 0x33, 0x0, 0x7, 0xf, 0x2, 0x1, 0x38,
    0xbb, 0x84, 0x3, 0x9a, 0x4,

    /* U+5927 "大" */
    0x0, 0xfc, 0x20, 0x1f, 0xfc, 0x22, 0x40, 0xf,
    0xfe, 0x18, 0x80, 0x7f, 0xf0, 0x99, 0xc0, 0x3f,
    0xf8, 0x42, 0x40, 0x1f, 0x99, 0xdf, 0xaa, 0x5d,
    0xfc, 0x0, 0x67, 0x7f, 0x7b, 0xbf, 0x80, 0x3f,
    0x78, 0x88, 0x3, 0xff, 0x80, 0x88, 0x76, 0x0,
    0xff, 0xe0, 0x61, 0x88, 0x7, 0xff, 0x1, 0x30,
    0x0, 0xce, 0x1, 0xfc, 0x38, 0x80, 0x1, 0x24,
    0x0, 0xf8, 0x62, 0x0, 0x19, 0x4c, 0x80, 0x38,
    0xe6, 0x40, 0x1e, 0x75, 0x40, 0xa, 0x1a, 0x0,
    0x3f, 0x38, 0xc8, 0x2, 0x14, 0x3, 0xfc, 0xb2,
    0x0,

    /* U+5929 "天" */
    0x2, 0x77, 0xeb, 0x97, 0x7e, 0x10, 0x1, 0x3b,
    0xf7, 0x5b, 0xbf, 0x8, 0x7, 0xff, 0x34, 0xc0,
    0x3f, 0xf8, 0x46, 0x20, 0x1f, 0x99, 0xdf, 0xa7,
    0x1d, 0xfc, 0x0, 0x67, 0x7f, 0x23, 0xbf, 0x80,
    0x3e, 0x3d, 0xb4, 0x0, 0xff, 0xe0, 0x5a, 0x9e,
    0x0, 0x7f, 0xcf, 0x40, 0x9, 0x70, 0xf, 0xe7,
    0x32, 0x0, 0xa, 0x28, 0x7, 0x86, 0x15, 0x0,
    0x31, 0xb3, 0x80, 0x67, 0x74, 0x10, 0x7, 0x8d,
    0xde, 0x0, 0x3b, 0x0, 0x7f, 0x9d, 0xc0,

    /* U+593E "夾" */
    0x0, 0xfc, 0x20, 0x1f, 0xfc, 0x36, 0x0, 0xff,
    0xe6, 0x33, 0xbf, 0xa5, 0xdf, 0xc4, 0xc, 0xee,
    0x27, 0x7a, 0x5d, 0xe4, 0x77, 0x10, 0x6, 0x20,
    0xf, 0x20, 0x80, 0x78, 0xbc, 0x3, 0xdc, 0x40,
    0x1e, 0xac, 0x50, 0xc, 0x79, 0x0, 0x1c, 0xb6,
    0x8c, 0xa7, 0xe3, 0x6d, 0x10, 0x10, 0x2, 0x19,
    0x80, 0xd1, 0x79, 0xe0, 0x1, 0x12, 0x0, 0x56,
    0x0, 0xc6, 0xc2, 0x1, 0xa0, 0x0, 0x20, 0x1a,
    0x54, 0x8, 0xc0, 0x3f, 0x85, 0xe0, 0x0, 0xaa,
    0x40, 0xf, 0x91, 0x9c, 0x3, 0x30, 0xb8, 0x80,
    0x4c, 0xec, 0xe0, 0x1e, 0x56, 0x64, 0x10, 0x33,
    0x90, 0x7, 0xe1, 0x78, 0x20,

    /* U+597D "好" */
    0x0, 0x84, 0x3, 0xff, 0x86, 0xc0, 0x1f, 0xfc,
    0x71, 0x77, 0xea, 0x70, 0xc, 0x20, 0x7, 0x17,
    0x7c, 0xc4, 0xe0, 0x6, 0xad, 0x77, 0x49, 0x80,
    0x43, 0x30, 0x1, 0x3e, 0xdb, 0xba, 0x4c, 0x2,
    0xb8, 0x0, 0xc2, 0x1, 0x84, 0x3, 0x68, 0x7,
    0xf1, 0x99, 0xdf, 0x43, 0xbc, 0x20, 0x46, 0x0,
    0x54, 0x77, 0xd0, 0xef, 0x8, 0x50, 0x80, 0x38,
    0x40, 0x3f, 0xd0, 0xd0, 0x5c, 0x1, 0xff, 0xc0,
    0x39, 0xd4, 0x0, 0xff, 0xe0, 0xbd, 0xd1, 0x0,
    0x7f, 0xca, 0x69, 0xe, 0x1, 0xfe, 0x61, 0x50,
    0x2, 0x81, 0x3b, 0x10, 0x7, 0x32, 0x0, 0x71,
    0x3b, 0x28, 0x6,

    /* U+5BA4 "室" */
    0x0, 0xf8, 0x80, 0x3f, 0xf8, 0x6c, 0x80, 0x1f,
    0x9d, 0xfc, 0x7e, 0xef, 0xe0, 0x9, 0xdf, 0xd6,
    0xef, 0xc0, 0x10, 0x83, 0xbe, 0x97, 0x7e, 0x41,
    0x0, 0x30, 0x3b, 0xdf, 0x6e, 0xfc, 0x8c, 0x1,
    0xe8, 0xa2, 0x0, 0x31, 0x0, 0x7c, 0x2f, 0x24,
    0x1, 0x24, 0x20, 0x7, 0xbf, 0xcc, 0xee, 0x86,
    0x79, 0x32, 0x0, 0xee, 0x87, 0x72, 0xeb, 0x29,
    0xb9, 0x80, 0x7f, 0xf0, 0xc4, 0x3, 0x23, 0xbe,
    0x89, 0x77, 0xc6, 0x1, 0x91, 0xdf, 0x44, 0xbb,
    0xe3, 0x0, 0xff, 0xe3, 0xbb, 0xfa, 0xbd, 0xdf,
    0xc0,

    /* U+5C4B "屋" */
    0x0, 0x2b, 0xbf, 0xf9, 0x80, 0x31, 0x3b, 0xff,
    0x84, 0x3, 0xff, 0x91, 0xce, 0xff, 0xee, 0x0,
    0xdc, 0xef, 0xfe, 0x90, 0xe, 0x57, 0x74, 0x63,
    0xbf, 0x8c, 0x3, 0x2b, 0xb8, 0x35, 0xdc, 0x86,
    0xee, 0x30, 0xe, 0x17, 0x91, 0x1, 0x11, 0xd0,
    0x7, 0xd9, 0xec, 0xf8, 0x8c, 0x7d, 0x0, 0x1e,
    0xd8, 0x77, 0x5a, 0xa2, 0x52, 0x1, 0x8, 0x81,
    0xdf, 0x43, 0xbe, 0x40, 0x9, 0x10, 0xe, 0xfa,
    0x1d, 0xf2, 0x80, 0x5a, 0x40, 0x1f, 0xfc, 0x11,
    0xe2, 0x77, 0xed, 0x77, 0xf0, 0xb, 0x13, 0xbf,
    0x53, 0xbf, 0x80,

    /* U+5DE5 "工" */
    0x3, 0x77, 0xea, 0x77, 0xf0, 0x81, 0xbb, 0xf6,
    0xbb, 0xf8, 0x40, 0x3f, 0xff, 0xe0, 0x1f, 0xff,
    0x2, 0x77, 0xf6, 0x3b, 0xf9, 0x80,

    /* U+5DF2 "已" */
    0x37, 0x7f, 0xf5, 0x80, 0xd, 0xdf, 0xfd, 0x80,
    0x12, 0x80, 0x7f, 0xf0, 0x48, 0x3, 0xff, 0x9f,
    0xce, 0xff, 0xd4, 0x1, 0x73, 0xbf, 0xf4, 0x80,
    0x7f, 0xf0, 0x50, 0x3, 0xff, 0x86, 0x20, 0x1f,
    0xfc, 0x19, 0x0, 0xff, 0xe1, 0x91, 0x0, 0x3f,
    0x8f, 0x81, 0x51, 0xdf, 0xf9, 0x98,

    /* U+5E38 "常" */
    0x0, 0xf8, 0x80, 0x3f, 0x40, 0x6, 0x50, 0xa,
    0x0, 0x34, 0xc0, 0x7, 0x9e, 0x0, 0x8, 0xec,
    0xe, 0xf5, 0xbb, 0xbd, 0xdc, 0x86, 0xee, 0x87,
    0x7b, 0x1d, 0xd0, 0xee, 0x30, 0xa, 0x1d, 0xfd,
    0x0, 0x12, 0x0, 0x3d, 0xdf, 0xde, 0x0, 0x43,
    0x0, 0xff, 0xe0, 0x18, 0x5, 0xee, 0xf6, 0x3b,
    0xbc, 0x3, 0xd0, 0xef, 0x5b, 0xba, 0x0, 0x32,
    0xbb, 0xf4, 0x3b, 0xf0, 0x0, 0xd9, 0xdf, 0x43,
    0xbe, 0x0, 0xff, 0xe9, 0xa0, 0x80, 0x79, 0x19,
    0xa0,

    /* U+5E55 "幕" */
    0x0, 0xe2, 0x0, 0xc4, 0x1, 0xfe, 0x50, 0xc,
    0xa0, 0x1e, 0x67, 0x7a, 0x1d, 0x54, 0xf0, 0xef,
    0x80, 0xc, 0xe2, 0x8, 0x4, 0x40, 0x40, 0x3,
    0x38, 0x6, 0x17, 0xb7, 0x7d, 0x6e, 0x64, 0x1,
    0xda, 0xef, 0xfb, 0x40, 0x3d, 0xae, 0xff, 0xb4,
    0x3, 0xda, 0xee, 0xa7, 0x7e, 0xd0, 0xf, 0x53,
    0xae, 0xbb, 0xf4, 0x98, 0x4, 0xef, 0x56, 0x3,
    0xbd, 0x92, 0xef, 0x0, 0x1d, 0xc5, 0xfc, 0xe6,
    0x8f, 0x9e, 0x4e, 0xe0, 0x2, 0x3f, 0x93, 0xbb,
    0xe5, 0xdc, 0x30, 0xea, 0x0, 0x77, 0x6b, 0xbd,
    0xf2, 0xef, 0x53, 0xb8, 0x0, 0x60, 0x1f, 0xfc,
    0x2, 0x0, 0xc6, 0x1, 0xe4, 0x63, 0x0, 0x80,

    /* U+5EA6 "度" */
    0x0, 0xfc, 0x20, 0x1f, 0xfc, 0x39, 0x0, 0xfe,
    0x77, 0xf1, 0xc3, 0xbf, 0x0, 0x67, 0x78, 0xde,
    0xe1, 0xcd, 0xde, 0x0, 0xf8, 0xc0, 0x31, 0x80,
    0x7c, 0xae, 0xe8, 0x77, 0xd2, 0xee, 0x60, 0xc,
    0xae, 0xe8, 0x77, 0xd2, 0xee, 0x60, 0xf, 0xfe,
    0x58, 0xbb, 0xe0, 0xf, 0xf9, 0x9d, 0xf8, 0x3,
    0xe3, 0x7a, 0x87, 0x7e, 0xd3, 0x0, 0x84, 0x8d,
    0xe8, 0x1d, 0xf1, 0xc1, 0x80, 0x4a, 0xe0, 0x14,
    0x40, 0xc1, 0xc1, 0x40, 0x31, 0x90, 0x6, 0xb8,
    0xe3, 0x40, 0xf, 0x95, 0xd9, 0x81, 0x7c, 0xec,
    0xd2, 0x0, 0x1c, 0x11, 0xd9, 0x86, 0x0, 0x36,
    0x69, 0xc0,

    /* U+5F37 "強" */
    0x0, 0xfe, 0x10, 0xf, 0x9d, 0xf2, 0x80, 0x52,
    0x1, 0xf3, 0xbe, 0x20, 0x2, 0xd8, 0x1, 0x40,
    0x3f, 0xc4, 0x66, 0x0, 0x3b, 0x0, 0x7e, 0x28,
    0x36, 0x77, 0x2e, 0xa0, 0x1, 0x9d, 0xe0, 0x3e,
    0x76, 0x17, 0x75, 0x90, 0x0, 0x5d, 0xf0, 0xa1,
    0x7, 0x0, 0x4c, 0x1, 0xfa, 0xdd, 0xfc, 0xc0,
    0x1f, 0xb1, 0xdf, 0xc2, 0x0, 0xf7, 0x7b, 0x0,
    0x3f, 0xe8, 0x77, 0x90, 0x31, 0xdf, 0xc2, 0x1,
    0xfa, 0xdd, 0xf3, 0x34, 0x1, 0xff, 0xc1, 0x19,
    0x0, 0xf1, 0x70, 0x7, 0x9, 0x74, 0x80, 0x4a,
    0xf6, 0xec, 0xef, 0x2, 0x32, 0xf1, 0x0, 0x15,
    0xe4, 0x59, 0xde, 0x85, 0x43, 0x73,

    /* U+6392 "排" */
    0x0, 0x88, 0x3, 0x8, 0x0, 0x80, 0x3e, 0x50,
    0xc, 0x84, 0xa, 0x1, 0xff, 0xcd, 0x17, 0x77,
    0x0, 0x35, 0xdc, 0xc0, 0x2e, 0xe8, 0x75, 0x77,
    0x70, 0x3, 0x5d, 0xcc, 0x2, 0xee, 0x87, 0x40,
    0xf, 0xfe, 0x90, 0x9b, 0xba, 0x40, 0x1a, 0xee,
    0x50, 0x9, 0x61, 0x89, 0xdd, 0x46, 0x1a, 0xee,
    0x50, 0x27, 0x74, 0x38, 0x80, 0x4, 0x40, 0x1e,
    0x27, 0x20, 0x9, 0x5b, 0x0, 0x1a, 0xef, 0x8,
    0x7, 0x2a, 0x36, 0x0, 0x35, 0xde, 0x10, 0xe,
    0x51, 0x55, 0x0, 0x7f, 0xf0, 0x4c, 0xc4, 0x1,
    0xf9, 0x58, 0x41, 0x15, 0x80, 0x3f, 0x95, 0x98,
    0x8, 0xc0, 0x19, 0xc0, 0x30,

    /* U+639B "掛" */
    0x0, 0x8c, 0x3, 0x10, 0x4, 0x40, 0x1e, 0x40,
    0xc, 0xa0, 0x12, 0x80, 0x7f, 0xf3, 0x9, 0xdd,
    0xe, 0xc0, 0x1c, 0x2e, 0xe8, 0x73, 0x77, 0x43,
    0xb0, 0x7, 0xb, 0xba, 0x1c, 0x40, 0x3f, 0xf8,
    0x6a, 0xee, 0xc7, 0x71, 0x49, 0x80, 0x7c, 0xef,
    0x43, 0xb8, 0xa5, 0x94, 0x2, 0x48, 0x70, 0x9,
    0x0, 0x32, 0x8a, 0x1c, 0x4, 0x39, 0x0, 0x7e,
    0x44, 0x1c, 0x20, 0x1, 0x1d, 0xd0, 0xee, 0x0,
    0xff, 0x23, 0xba, 0x1d, 0xc0, 0x1f, 0xfc, 0x32,
    0x20, 0x7, 0xf2, 0xb3, 0x35, 0x84, 0x80, 0x39,
    0x58, 0x81, 0x19, 0x94, 0xc6, 0x1, 0xe5, 0x65,
    0x1, 0x0, 0xf3, 0x80, 0x40,

    /* U+653E "放" */
    0x0, 0x84, 0x3, 0xc2, 0x1, 0xf8, 0xd0, 0x3,
    0x1a, 0x80, 0x7e, 0x23, 0x0, 0xca, 0x80, 0x1c,
    0x31, 0xa, 0xf8, 0x88, 0x4, 0x3, 0xc3, 0x54,
    0xa, 0xac, 0x32, 0xef, 0x73, 0x80, 0x8, 0x9a,
    0x45, 0x9d, 0x9d, 0xe9, 0x70, 0xd, 0x4e, 0xe9,
    0xe, 0xe0, 0x7, 0xf5, 0x3b, 0xb9, 0xa9, 0x10,
    0x6, 0x60, 0xc, 0x22, 0x0, 0x98, 0x88, 0x60,
    0x88, 0x0, 0xc6, 0x60, 0xf, 0x84, 0x3, 0xc2,
    0xc0, 0x1e, 0x6c, 0x60, 0xe, 0x43, 0x0, 0xf1,
    0x18, 0x7, 0xbc, 0x3, 0xc5, 0x7d, 0x20, 0x19,
    0x2c, 0x2, 0xf0, 0x3a, 0x80, 0xa8, 0x0, 0x11,
    0x98, 0x9d, 0xdb, 0xd, 0x0, 0x2, 0xa9, 0x13,
    0x70, 0x27, 0x72, 0xc2, 0x80, 0x62, 0x91,

    /* U+65B0 "新" */
    0x0, 0xc2, 0x1, 0xff, 0xc3, 0x90, 0xf, 0xa,
    0xba, 0x0, 0x19, 0xdc, 0x72, 0xee, 0x9, 0x64,
    0x43, 0xa0, 0x1, 0x89, 0xee, 0x45, 0xc3, 0x99,
    0x44, 0x3, 0x98, 0xc0, 0x2, 0x1, 0xff, 0x1a,
    0x82, 0xa8, 0x3, 0xf8, 0x5d, 0xc3, 0x7c, 0xae,
    0x58, 0xee, 0xc7, 0x70, 0xb, 0xbd, 0x96, 0xee,
    0x2c, 0x77, 0x5b, 0xb8, 0x3, 0xff, 0x8c, 0xef,
    0x43, 0xbc, 0x20, 0x1f, 0x9d, 0x5e, 0x1d, 0x5c,
    0x44, 0x1, 0xfa, 0x80, 0x25, 0x0, 0xff, 0x26,
    0x0, 0x4c, 0xc4, 0x40, 0x7, 0xc2, 0x80, 0x10,
    0xa1, 0x90, 0x7, 0xca, 0x1, 0xe3, 0x0, 0xff,
    0x9c, 0x0, 0x48, 0x1, 0x38, 0x4,

    /* U+65E5 "日" */
    0xa7, 0x7f, 0xd7, 0xae, 0xff, 0xb0, 0x3, 0xff,
    0xa5, 0x8e, 0xff, 0xaf, 0x1d, 0xff, 0x58, 0x7,
    0xff, 0x73, 0x1d, 0xff, 0x56, 0x3b, 0xfe, 0xa0,

    /* U+6642 "時" */
    0x0, 0xfe, 0x10, 0xf, 0xfe, 0x13, 0x0, 0x75,
    0x3b, 0xe0, 0xf, 0xf6, 0xbb, 0xde, 0xef, 0xa1,
    0xdf, 0x8, 0x6, 0xf7, 0x7d, 0xe, 0xf8, 0x40,
    0x3c, 0x23, 0x70, 0x8c, 0x0, 0xd7, 0x7b, 0x85,
    0x12, 0xf4, 0xd4, 0x30, 0xd7, 0x7b, 0x85, 0x56,
    0x65, 0xb5, 0x30, 0xf, 0x3b, 0xfa, 0x1d, 0xc0,
    0x1e, 0x77, 0xf4, 0x3b, 0x80, 0x3e, 0x62, 0x0,
    0xfb, 0x5d, 0xe0, 0x3, 0x50, 0x7, 0xda, 0xef,
    0x80, 0x13, 0x0, 0x1e, 0x70, 0xf, 0xc, 0x80,
    0x7f, 0xf0, 0xdd, 0xbc, 0x2,

    /* U+6674 "晴" */
    0x0, 0xfe, 0x20, 0xe, 0x11, 0xc0, 0x1c, 0xa0,
    0x1d, 0xe, 0xe8, 0x24, 0x77, 0xa5, 0xdf, 0xf,
    0x33, 0x30, 0x11, 0xde, 0x97, 0x7c, 0x20, 0x1c,
    0x4e, 0xf4, 0xbb, 0xcc, 0x1, 0xe2, 0x77, 0xa5,
    0xde, 0x60, 0xe6, 0x67, 0x2, 0xbb, 0xde, 0xef,
    0x87, 0x99, 0x9c, 0xa, 0x20, 0xf, 0x0, 0x73,
    0x88, 0x7, 0x85, 0xdf, 0xbc, 0x3, 0xff, 0x97,
    0xae, 0xfd, 0x60, 0xd, 0x66, 0x60, 0x3, 0x5d,
    0xfa, 0xc0, 0x1a, 0xcc, 0x92, 0xd, 0x77, 0xea,
    0x0, 0x28, 0x7, 0x6b, 0xbf, 0x50, 0x0, 0x80,
    0x32, 0xa8, 0x2, 0x36, 0xf0, 0xf, 0x94, 0x80,
    0x23, 0x69, 0x0, 0x0,

    /* U+6696 "暖" */
    0x0, 0xff, 0xe4, 0x1a, 0x33, 0xbf, 0x0, 0x29,
    0xdd, 0x42, 0xef, 0x1b, 0xbc, 0x20, 0xd, 0x77,
    0x60, 0x2a, 0x85, 0x94, 0x8, 0x3, 0xf0, 0x98,
    0x10, 0x85, 0xb0, 0x7, 0xcc, 0x58, 0xe7, 0x2,
    0xea, 0x1a, 0xee, 0xa0, 0x67, 0xb7, 0x74, 0x41,
    0xd4, 0x9, 0xdd, 0x48, 0xee, 0x87, 0x7f, 0xf,
    0x80, 0x48, 0xeb, 0x6e, 0xfe, 0x10, 0xf, 0x57,
    0xbb, 0xe9, 0x0, 0xfd, 0xe6, 0xef, 0x26, 0x0,
    0x35, 0xdd, 0x80, 0x22, 0xb6, 0x0, 0x5a, 0x80,
    0x35, 0xdd, 0x42, 0xcc, 0x32, 0x88, 0x48, 0x4,
    0xc0, 0x12, 0x98, 0x0, 0x48, 0x48, 0x2, 0x10,
    0x2, 0x82, 0xbb, 0x9a, 0xa5, 0xa1, 0xc4, 0x2,
    0x55, 0xb, 0xb8, 0xc0, 0xb, 0xe, 0x20,

    /* U+66F4 "更" */
    0x3, 0x3f, 0xfe, 0x8, 0x83, 0xbf, 0xa1, 0xdf,
    0xc6, 0x8, 0x9e, 0xc4, 0x4f, 0x10, 0x1, 0xdf,
    0xa1, 0xdf, 0xa4, 0x3, 0x3b, 0xe8, 0x77, 0xe1,
    0x0, 0xce, 0xfa, 0x1d, 0xf8, 0x80, 0x33, 0xbe,
    0x87, 0x7e, 0x20, 0xf, 0xfe, 0x31, 0x3b, 0xe8,
    0x77, 0xef, 0x0, 0x94, 0x99, 0xdf, 0xf8, 0x3,
    0x2c, 0x81, 0xe8, 0x7, 0xfd, 0x35, 0x2a, 0x1,
    0xfe, 0x17, 0xcf, 0x75, 0x0, 0xf0, 0xb3, 0xbc,
    0xca, 0xee, 0x67, 0x7c, 0xc2, 0xee, 0x61, 0x0,
    0x89, 0x9d, 0xf3, 0x0,

    /* U+6708 "月" */
    0x0, 0x95, 0xdf, 0xf3, 0x0, 0x44, 0xef, 0xf8,
    0x40, 0x3f, 0xfa, 0x3c, 0xef, 0xfb, 0x0, 0x2e,
    0x77, 0xfd, 0x80, 0x1f, 0xfd, 0x1c, 0x77, 0xfd,
    0xa0, 0x16, 0x3b, 0xfe, 0xd0, 0x2, 0x20, 0x3,
    0xfe, 0xc3, 0x0, 0xff, 0x2d, 0x80, 0x7f, 0x8c,
    0xe0, 0xe, 0x27, 0x78, 0x4d, 0x80, 0x3c, 0x4e,
    0xf3, 0x0,

    /* U+6709 "有" */
    0x0, 0xf0, 0x80, 0x7f, 0xf0, 0x98, 0x3, 0xff,
    0x98, 0xce, 0xf6, 0xf3, 0xbf, 0xcc, 0xc, 0xef,
    0x54, 0xbb, 0xfc, 0xc0, 0x19, 0x98, 0x1, 0xff,
    0xc0, 0x39, 0x67, 0x7f, 0x68, 0x6, 0x14, 0x87,
    0x7f, 0xa8, 0x2, 0x29, 0x7d, 0x77, 0xfa, 0x80,
    0x24, 0x80, 0xd7, 0x7f, 0xa8, 0x2, 0x60, 0xf,
    0xfe, 0x2e, 0x3b, 0xfd, 0x40, 0x1e, 0x37, 0x7f,
    0xa8, 0x3, 0x92, 0xc0, 0x3f, 0xf8, 0x26, 0x60,
    0xc, 0x6e, 0xee, 0x0, 0xe7, 0x0, 0xe3, 0x77,
    0x48, 0x0,

    /* U+6821 "校" */
    0x0, 0x88, 0x3, 0x84, 0x3, 0xf9, 0x40, 0x38,
    0x90, 0x3, 0xff, 0x84, 0x64, 0x1, 0xff, 0x23,
    0xbc, 0x2e, 0xf8, 0x0, 0xaf, 0xe, 0xe4, 0x74,
    0x77, 0x32, 0xbb, 0x80, 0xa, 0xe0, 0xee, 0x0,
    0x20, 0x0, 0x54, 0x40, 0x30, 0x89, 0x80, 0xc,
    0xc0, 0x9, 0xe4, 0x3, 0x3b, 0x0, 0xaa, 0xc0,
    0x13, 0x4b, 0x80, 0x43, 0xec, 0xc4, 0x33, 0x0,
    0x42, 0x27, 0x0, 0x19, 0x80, 0xe, 0x20, 0x88,
    0x6, 0x60, 0x6, 0xb4, 0x0, 0xe3, 0x31, 0x0,
    0x80, 0x45, 0x60, 0x1f, 0x3e, 0xb0, 0x6, 0x23,
    0x0, 0xfa, 0x32, 0x0, 0x3f, 0xe2, 0x89, 0x39,
    0x83, 0x0, 0xfc, 0xc9, 0x2, 0x3, 0xd, 0x0,
    0x19, 0xc0, 0xc, 0xc0, 0xe, 0x58, 0x0,

    /* U+690D "植" */
    0x0, 0x88, 0x3, 0x84, 0x40, 0x1f, 0x94, 0x3,
    0x90, 0xc0, 0x3f, 0xe7, 0x7a, 0xa8, 0xef, 0x20,
    0x0, 0x45, 0xe2, 0xe, 0xf4, 0x41, 0xde, 0x40,
    0x3, 0x31, 0xd9, 0x0, 0x3f, 0xe7, 0x40, 0x74,
    0x2a, 0x7e, 0x77, 0xa0, 0x3, 0x2a, 0xc0, 0xe,
    0x79, 0x77, 0xbc, 0x3, 0xe, 0x90, 0x87, 0x3b,
    0xf7, 0x0, 0x46, 0x60, 0x70, 0x7, 0x3b, 0xf7,
    0x0, 0x56, 0x80, 0x1, 0x8, 0x77, 0xed, 0x0,
    0x1e, 0x80, 0x74, 0x3b, 0xf6, 0x80, 0x9, 0x40,
    0x3b, 0xdd, 0xfb, 0x80, 0x2, 0x1, 0xef, 0x77,
    0xee, 0x0, 0xff, 0xe5, 0xad, 0x63, 0xbf, 0x73,
    0x88,

    /* U+6A5F "機" */
    0x0, 0x84, 0x3, 0x84, 0x3, 0xf9, 0x80, 0x26,
    0x6, 0x0, 0x30, 0x7, 0xf2, 0x28, 0x8, 0x9,
    0x88, 0x7, 0xe3, 0x33, 0x18, 0xba, 0xc8, 0x4,
    0xf3, 0xf, 0x7f, 0x6a, 0x2b, 0xb9, 0xa0, 0x13,
    0xe2, 0xbd, 0x4e, 0xbb, 0xd5, 0x60, 0x40, 0x11,
    0x28, 0xc, 0xa7, 0x8a, 0xe8, 0x14, 0x0, 0x66,
    0x64, 0x83, 0xf3, 0xc, 0x8b, 0xf0, 0x0, 0x8f,
    0x8e, 0x61, 0x54, 0x80, 0xa8, 0xc8, 0x0, 0x54,
    0x5, 0x7d, 0x77, 0xa5, 0xd4, 0x54, 0x1, 0xe0,
    0x13, 0xa8, 0xbb, 0xa1, 0xdd, 0xea, 0x0, 0x90,
    0xd, 0xe8, 0xe0, 0x8b, 0x12, 0x1, 0x8, 0x7,
    0x13, 0x21, 0x55, 0x4, 0x3, 0xe6, 0x50, 0x16,
    0x7b, 0x70, 0x54, 0x0, 0xc8, 0x44, 0x6, 0x63,
    0xa0, 0xc7, 0xa0, 0x4, 0xe8, 0x80, 0x3, 0x20,
    0x1, 0x22, 0x80,

    /* U+6C23 "氣" */
    0x0, 0xc4, 0x1, 0xff, 0xc3, 0xa0, 0xf, 0xfe,
    0x13, 0x13, 0xbf, 0xf3, 0x0, 0x44, 0x14, 0xef,
    0xfc, 0xc0, 0x2, 0xa6, 0x77, 0xfe, 0x50, 0x9,
    0x20, 0x1d, 0xff, 0x94, 0x2, 0x65, 0x77, 0xff,
    0x0, 0x72, 0x21, 0xdc, 0xe, 0xe2, 0x77, 0x0,
    0x78, 0x54, 0x40, 0x24, 0x60, 0xf, 0xe6, 0x50,
    0x8, 0x4c, 0x3, 0xe5, 0x77, 0x1b, 0xcb, 0x93,
    0xb8, 0x3, 0xca, 0xee, 0x47, 0x95, 0x47, 0x70,
    0x7, 0xe2, 0x50, 0x1, 0x32, 0x0, 0x72, 0x0,
    0xd, 0x18, 0x2, 0x51, 0x40, 0x12, 0x12, 0x4,
    0x66, 0x0, 0x72, 0xb8, 0x35, 0x4a, 0x0,

    /* U+6C34 "水" */
    0x0, 0xf8, 0x40, 0x3f, 0xf8, 0x6c, 0x1, 0xff,
    0xe3, 0xf2, 0x0, 0x94, 0xc0, 0x25, 0x77, 0xac,
    0xfd, 0x40, 0x6, 0x70, 0x4, 0xae, 0xf6, 0x18,
    0x22, 0x9, 0x18, 0x3, 0xfe, 0x3d, 0x57, 0x0,
    0xfc, 0x88, 0x0, 0xa4, 0x3, 0xfd, 0x86, 0x1,
    0x91, 0x40, 0x3e, 0x79, 0x0, 0xe3, 0x15, 0x0,
    0xe6, 0x31, 0x0, 0xf2, 0xb, 0x0, 0x50, 0x48,
    0x1, 0xf9, 0x16, 0x4, 0x25, 0x0, 0x3f, 0xc7,
    0x0, 0x1, 0x0, 0x8d, 0xf8, 0x3, 0xe1, 0x0,
    0xe3, 0x79, 0x0, 0xfc,

    /* U+6CD5 "法" */
    0x0, 0xff, 0x8, 0x7, 0x85, 0xcc, 0x3, 0xcc,
    0x1, 0xe1, 0x76, 0x70, 0xf, 0xfe, 0x12, 0xb8,
    0x7, 0xff, 0x15, 0x5d, 0xe9, 0x77, 0x88, 0x0,
    0xc2, 0x1, 0x2b, 0xbd, 0x2e, 0xf1, 0x0, 0x19,
    0xd8, 0x3, 0xff, 0x84, 0xce, 0x4, 0x89, 0xad,
    0x13, 0x0, 0x61, 0x3, 0x66, 0xb2, 0x59, 0xb0,
    0x7, 0x28, 0x91, 0x5e, 0xa4, 0x58, 0x3, 0x18,
    0x80, 0x4e, 0xc0, 0x64, 0x1, 0xeb, 0x40, 0x1,
    0x90, 0x81, 0xa8, 0x7, 0x2d, 0x80, 0x56, 0xa0,
    0x13, 0x40, 0x6, 0xd3, 0x0, 0x67, 0xbb, 0xf0,
    0x10, 0x1, 0x24, 0x2, 0xf7, 0x7e, 0x68, 0x50,

    /* U+6E05 "清" */
    0x0, 0xff, 0x8, 0x7, 0x85, 0xc4, 0x3, 0xcc,
    0x1, 0xe1, 0x79, 0x35, 0x77, 0xd0, 0xef, 0x80,
    0x34, 0x12, 0xbb, 0xe8, 0x77, 0xc0, 0x1c, 0x24,
    0xef, 0xa5, 0xde, 0x30, 0x2, 0x80, 0x44, 0xef,
    0xa5, 0xde, 0x30, 0x2, 0xb2, 0x13, 0xbf, 0x73,
    0xbe, 0x20, 0x3, 0x21, 0x38, 0x80, 0x5c, 0x1,
    0x39, 0x0, 0x78, 0x5d, 0xfc, 0x1, 0xe1, 0x20,
    0xf, 0xfe, 0x13, 0x10, 0x5b, 0xbf, 0xac, 0x3,
    0x8, 0x5, 0x6e, 0xfe, 0xb0, 0xc, 0xce, 0x0,
    0xc7, 0x7f, 0x58, 0x4, 0x22, 0x0, 0xb5, 0xdf,
    0xd6, 0x1, 0x23, 0x0, 0x19, 0xc0, 0x31, 0xb7,
    0x80, 0x4a, 0x1, 0x30, 0x80, 0x63, 0x68, 0x0,
    0x0,

    /* U+6EAB "溫" */
    0x0, 0xff, 0xe2, 0x94, 0x10, 0x1, 0xdf, 0xe3,
    0x0, 0x8a, 0x14, 0xc0, 0xe, 0xe5, 0x53, 0xb9,
    0x0, 0x39, 0xcc, 0x3, 0x29, 0x80, 0x7f, 0xf0,
    0x47, 0x1c, 0x3, 0xce, 0x20, 0x18, 0x62, 0xd1,
    0xc0, 0x39, 0xd9, 0x0, 0x25, 0x90, 0x25, 0x10,
    0xe, 0x75, 0x0, 0x8d, 0xde, 0x56, 0x30, 0xe,
    0x10, 0x3, 0xbf, 0xc8, 0x1, 0xc4, 0x2e, 0xf5,
    0x3b, 0xa9, 0xe8, 0x3, 0xa8, 0x41, 0xdd, 0xae,
    0xed, 0x7d, 0x0, 0xc5, 0xc0, 0x1f, 0xfc, 0x2a,
    0x60, 0xf, 0xfe, 0x9, 0x68, 0x7, 0xff, 0x9,
    0x14, 0x5f, 0x5d, 0xda, 0xee, 0xd7, 0xd7, 0x10,

    /* U+6F86 "澆" */
    0x0, 0xff, 0x10, 0x7, 0x8a, 0x4, 0x3, 0xca,
    0x1, 0xe2, 0x86, 0x20, 0x57, 0x7a, 0x1d, 0xe4,
    0x0, 0xce, 0x40, 0xae, 0xf4, 0x3b, 0xc8, 0x1,
    0xe7, 0x7e, 0xc7, 0x7c, 0x40, 0xe4, 0x0, 0x77,
    0x13, 0xba, 0xdc, 0x9d, 0xc4, 0xe, 0x8a, 0xc,
    0xf4, 0xe6, 0xcf, 0x4e, 0xc0, 0x13, 0x28, 0x33,
    0xc3, 0x9b, 0x3c, 0x3b, 0x0, 0x78, 0x4e, 0xd8,
    0xd5, 0x56, 0xaa, 0x10, 0x8, 0xc5, 0xc3, 0x18,
    0xdd, 0xdc, 0xee, 0x10, 0x9, 0xc, 0x51, 0xed,
    0xd6, 0x15, 0x63, 0x0, 0x2a, 0x89, 0xdc, 0xda,
    0xee, 0xd7, 0x78, 0xc0, 0x1a, 0x40, 0x13, 0xb8,
    0x3, 0xc4, 0x7, 0x80, 0x11, 0x80, 0x80, 0x79,
    0x1, 0x10, 0x8, 0xec, 0xc0, 0xc, 0xcf, 0xa,
    0xe, 0x0, 0x57, 0x50, 0xc, 0xec, 0xf0, 0x60,

    /* U+6FD5 "濕" */
    0x0, 0xff, 0xe2, 0x8c, 0x18, 0x33, 0xbf, 0xd0,
    0x1, 0xc, 0x29, 0x8b, 0xbf, 0xde, 0x1, 0xcc,
    0x7e, 0xef, 0xf6, 0x80, 0x7d, 0xee, 0xff, 0x68,
    0x4, 0xe0, 0x10, 0xbb, 0xfd, 0xe0, 0x13, 0x41,
    0x83, 0x12, 0xbb, 0xc4, 0xd0, 0x1, 0xc, 0x18,
    0x11, 0x93, 0x1, 0x10, 0x54, 0x3, 0xec, 0x1d,
    0x50, 0xd0, 0xc1, 0x0, 0xe3, 0xe, 0x28, 0x70,
    0xf3, 0x90, 0xf, 0x20, 0x3e, 0x4, 0x8b, 0x60,
    0xe3, 0x80, 0x46, 0x60, 0xfa, 0x7c, 0x5c, 0xd7,
    0x91, 0x0, 0xad, 0x2, 0xc4, 0x91, 0x1c, 0xa6,
    0xcc, 0x0, 0x26, 0x0, 0x10, 0x80, 0x81, 0x18,
    0x15, 0x40, 0x1, 0x40, 0x66, 0x0, 0x7c, 0x44,
    0x0, 0x28, 0x1, 0x84, 0x0, 0xe0, 0x6, 0x0,
    0x38, 0x0,

    /* U+70C8 "烈" */
    0x0, 0xff, 0xe2, 0x33, 0xba, 0x5d, 0xe4, 0x0,
    0xce, 0x0, 0x67, 0x5f, 0x77, 0x91, 0xc0, 0x3f,
    0x53, 0x0, 0x7f, 0xf0, 0x14, 0x5d, 0xea, 0x0,
    0xfc, 0x9d, 0x2e, 0xe3, 0x90, 0xf, 0x8c, 0xad,
    0xcc, 0x30, 0xc0, 0x3e, 0x36, 0x7, 0x6a, 0xb0,
    0xf, 0xfe, 0x0, 0xe1, 0x80, 0x7f, 0xca, 0x2c,
    0x1, 0x30, 0x7, 0x92, 0x1d, 0x40, 0x30, 0x89,
    0xdd, 0xe0, 0x7, 0x82, 0x0, 0xf0, 0xba, 0xc0,
    0x0, 0xd8, 0x0, 0xa2, 0x0, 0x70, 0x0, 0xa8,
    0x0, 0x4c, 0x0, 0xea, 0x0, 0x11, 0x1, 0x81,
    0x3, 0xa8, 0x0, 0xc0, 0x27, 0x50, 0x2, 0xa8,

    /* U+7121 "無" */
    0x0, 0xc6, 0x1, 0xff, 0xc1, 0x40, 0xf, 0xfe,
    0x15, 0x23, 0xbf, 0xf1, 0x0, 0x23, 0x9d, 0xff,
    0xc4, 0x11, 0x48, 0x0, 0x40, 0x2, 0x0, 0x10,
    0x2, 0x92, 0x30, 0x1, 0x80, 0xc, 0x0, 0x60,
    0x12, 0xbc, 0x3b, 0xa1, 0xdd, 0xe, 0xe8, 0x74,
    0x4, 0x78, 0x77, 0x43, 0xba, 0x1d, 0xd0, 0xe8,
    0x1, 0xff, 0xd2, 0x17, 0x75, 0xbb, 0xad, 0xdd,
    0x4e, 0xeb, 0x76, 0x17, 0x76, 0x3b, 0xb1, 0xdd,
    0xae, 0xec, 0x76, 0x0, 0x21, 0x1, 0x90, 0x1,
    0xc0, 0xc, 0x20, 0x11, 0x90, 0xb, 0x80, 0x73,
    0x30, 0x0, 0x88, 0x0, 0x11, 0x80, 0x19, 0x40,
    0x2, 0x20, 0x43, 0x0, 0x98, 0x0, 0x2a, 0x0,
    0x61,

    /* U+71C8 "燈" */
    0x0, 0x88, 0x3, 0xff, 0x86, 0xa0, 0x6, 0x77,
    0x31, 0x98, 0x14, 0x3, 0xf3, 0x3a, 0x91, 0xa3,
    0xa0, 0x0, 0x48, 0x2, 0x28, 0x25, 0x40, 0x2,
    0x83, 0x80, 0xa8, 0x0, 0x9e, 0x24, 0x80, 0xf,
    0xc, 0xe0, 0x1c, 0xe8, 0x26, 0x4e, 0xf7, 0x80,
    0x7c, 0x66, 0x98, 0x77, 0xca, 0x90, 0x0, 0x40,
    0x3, 0x8c, 0x3b, 0xf9, 0xa4, 0x40, 0xc0, 0x2,
    0x60, 0x7, 0x7e, 0x21, 0x10, 0x0, 0x44, 0x1,
    0xff, 0xc2, 0x5d, 0x0, 0xb9, 0xdf, 0x80, 0x38,
    0xe5, 0xc0, 0x10, 0x8e, 0xf0, 0xb8, 0x6, 0xf2,
    0x45, 0x1, 0x40, 0x1, 0x0, 0x72, 0xd8, 0x1a,
    0x80, 0x8, 0x0, 0xac, 0x1, 0x9, 0x18, 0x1,
    0x1d, 0xc4, 0xee, 0xd7, 0x78, 0x5, 0xc0, 0x24,
    0x77, 0xea, 0x77, 0x80,

    /* U+7269 "物" */
    0x0, 0xc2, 0x1, 0x84, 0x3, 0xf1, 0x3, 0x0,
    0x46, 0xa0, 0x1f, 0x94, 0x3, 0x91, 0x0, 0x1f,
    0x11, 0x0, 0x3a, 0xd9, 0xd9, 0xde, 0x10, 0x4f,
    0x78, 0x73, 0x5f, 0x7e, 0x70, 0x51, 0x0, 0xd,
    0x3c, 0x39, 0xe9, 0x9b, 0xc4, 0x8, 0x4, 0x3c,
    0x3, 0x44, 0x82, 0xb0, 0x4, 0x20, 0xa, 0x0,
    0xd2, 0x20, 0x11, 0x98, 0x3, 0x10, 0x2, 0x9d,
    0x1, 0xd8, 0x2d, 0x0, 0x33, 0x3b, 0x23, 0xa9,
    0x8, 0x83, 0xc0, 0x39, 0xdc, 0xdc, 0x3, 0x6c,
    0xc, 0xa0, 0xf, 0x0, 0x8, 0x6, 0x49, 0x1,
    0xe2, 0x0, 0x78, 0x7, 0xca, 0x0, 0x99, 0x0,
    0x8, 0x80, 0x1f, 0xcf, 0x82, 0x0, 0x47, 0x0,
    0xfc, 0xa4, 0x82, 0xee, 0x12, 0x0, 0xe7, 0x0,
    0x2a, 0x80, 0x5d, 0xe0, 0x0,

    /* U+7387 "率" */
    0x0, 0xf8, 0x80, 0x3f, 0xf8, 0x8a, 0x1, 0xf9,
    0x9d, 0xfa, 0x79, 0xdf, 0xc0, 0x6, 0x77, 0xcd,
    0x96, 0xef, 0x99, 0xc0, 0x3, 0x4, 0x0, 0x97,
    0x8, 0x10, 0x54, 0x0, 0x86, 0x14, 0xf0, 0x5f,
    0xa4, 0x58, 0x54, 0x3, 0x9c, 0xf2, 0x43, 0x0,
    0xc, 0x80, 0x1e, 0x27, 0x17, 0x52, 0x91, 0x72,
    0x0, 0xc5, 0xe, 0xd9, 0xea, 0xe1, 0x4e, 0x8c,
    0x1, 0xc, 0x28, 0xfc, 0x2a, 0xa2, 0x45, 0x94,
    0xc0, 0x6, 0x1, 0x10, 0xb, 0x1, 0x8, 0x19,
    0x80, 0xe, 0xfe, 0x8f, 0x77, 0xf0, 0x1, 0xdf,
    0xd1, 0xee, 0xfe, 0x0, 0xff, 0xea, 0x80,

    /* U+74B0 "環" */
    0x0, 0xf4, 0x3c, 0x41, 0xe5, 0xdc, 0x80, 0x6f,
    0xae, 0xc0, 0x7, 0xcb, 0x7e, 0x76, 0x20, 0x37,
    0xa7, 0x60, 0xf, 0xfe, 0x2f, 0x39, 0xa3, 0x83,
    0xb2, 0x0, 0x79, 0x4, 0x3, 0xe4, 0x1, 0x6a,
    0x63, 0x47, 0x7f, 0xcc, 0x2, 0xe8, 0xe4, 0x9,
    0xe, 0xfd, 0x0, 0x10, 0xf0, 0x88, 0x6, 0x9d,
    0xfb, 0xc0, 0x3f, 0xf9, 0x8e, 0xaf, 0xdc, 0x77,
    0x8, 0x7, 0x90, 0x9, 0x3, 0xf5, 0x1c, 0x4c,
    0x0, 0xb8, 0xcc, 0x57, 0x87, 0x13, 0xa8, 0x63,
    0x3, 0x7b, 0x62, 0x47, 0xc0, 0x1, 0xc8, 0x80,
    0x46, 0x40, 0x10, 0x84, 0xbb, 0x8, 0x4b, 0x38,
    0x7, 0xef, 0x76, 0x20, 0x3, 0xb8, 0x0,

    /* U+7528 "用" */
    0x0, 0x88, 0x47, 0xf8, 0x80, 0x24, 0xb7, 0x7d,
    0x8e, 0xfa, 0x44, 0x2, 0xa6, 0x6d, 0x4c, 0xdb,
    0x40, 0x3f, 0xf8, 0xf0, 0xef, 0xa1, 0xdf, 0x50,
    0x6, 0x87, 0x7d, 0xe, 0xfa, 0x80, 0x3f, 0xf8,
    0xe2, 0x1, 0xff, 0xc1, 0x1b, 0x77, 0xd0, 0xef,
    0xa8, 0x2, 0x29, 0x77, 0xd0, 0xef, 0xa8, 0x3,
    0xff, 0xa8, 0xaa, 0x0, 0xff, 0xe0, 0xe9, 0x0,
    0x7c, 0x6e, 0xef, 0x10, 0x80, 0xf, 0x38, 0x1b,
    0xba, 0x40,

    /* U+7570 "異" */
    0x0, 0x23, 0xbe, 0xa7, 0x7e, 0x40, 0xc, 0x6e,
    0xfb, 0x5d, 0xf8, 0xc0, 0x3f, 0xf9, 0x2e, 0xfa,
    0x5d, 0xf8, 0x3, 0xce, 0xfa, 0x5d, 0xf8, 0x3,
    0x89, 0xdd, 0x2f, 0x8e, 0xe9, 0x77, 0x10, 0x6,
    0x57, 0x77, 0x3d, 0xbb, 0xb9, 0xdc, 0xa0, 0x19,
    0xde, 0x97, 0x7d, 0x2e, 0xf0, 0x6, 0x77, 0xa5,
    0xdf, 0x4b, 0xbc, 0x1, 0xff, 0xc7, 0x44, 0xd8,
    0x89, 0xb1, 0x13, 0x0, 0x19, 0xb4, 0x3b, 0x31,
    0xe1, 0x9b, 0x0, 0x8, 0x86, 0x88, 0x22, 0xca,
    0xa6, 0x22, 0x0, 0x11, 0xdc, 0xce, 0x20, 0x1,
    0x67, 0x74, 0x28, 0x1, 0x1d, 0x80, 0x3f, 0x1c,
    0x28, 0x0,

    /* U+78BA "確" */
    0x0, 0xff, 0x8, 0x7, 0x88, 0xb8, 0x3, 0x48,
    0x7, 0x9d, 0xde, 0xee, 0x37, 0x74, 0xab, 0xbc,
    0xa0, 0x5, 0x78, 0x55, 0xce, 0x3e, 0xef, 0x10,
    0x4, 0xee, 0x0, 0xc7, 0xa2, 0xa0, 0x1e, 0x22,
    0x0, 0x18, 0xe0, 0x5e, 0x11, 0xa, 0x1, 0x43,
    0xb9, 0x42, 0xb1, 0xdc, 0xce, 0xe0, 0x8, 0xcc,
    0xee, 0x28, 0xf3, 0x3b, 0xc, 0xc4, 0x0, 0xbb,
    0x0, 0x50, 0xfe, 0xee, 0x97, 0x71, 0x81, 0x70,
    0x7, 0xbd, 0xdd, 0x2e, 0xe3, 0x2, 0x60, 0xf,
    0xfe, 0x57, 0xbb, 0xa1, 0xdc, 0x60, 0x15, 0xbb,
    0x80, 0x2f, 0x77, 0x43, 0xb8, 0xc0, 0x2b, 0x77,
    0x80, 0x3f, 0xf8, 0x8, 0x1, 0xde, 0xee, 0xe7,
    0x78, 0x40,

    /* U+7A7A "空" */
    0x0, 0xf1, 0x0, 0x7f, 0xf0, 0x5c, 0x80, 0x3c,
    0x48, 0x9c, 0x32, 0x89, 0xc5, 0x4e, 0xfb, 0x9e,
    0x39, 0xdf, 0x2f, 0x99, 0xed, 0x33, 0x69, 0x9e,
    0x0, 0xe2, 0x30, 0xf, 0x8d, 0xc0, 0x3, 0x48,
    0x1, 0xf2, 0x2, 0x33, 0xc0, 0x4, 0xcd, 0xe0,
    0x56, 0x60, 0x6, 0x16, 0x6e, 0x3, 0x77, 0xe9,
    0x77, 0xc6, 0x0, 0x27, 0x7e, 0xe7, 0x7c, 0x60,
    0x1f, 0xfd, 0xf4, 0xbb, 0xf4, 0x5d, 0xf5, 0x0,

    /* U+7A97 "窗" */
    0x0, 0xf0, 0x80, 0x7f, 0xf0, 0x50, 0x80, 0x3d,
    0x2e, 0xf4, 0xd1, 0x46, 0xbb, 0xea, 0xe7, 0x7b,
    0xa9, 0xea, 0x8e, 0xfb, 0x54, 0x0, 0xc6, 0x1,
    0xf9, 0x41, 0x54, 0xe8, 0x90, 0x1b, 0x36, 0x22,
    0x2e, 0xb3, 0xf9, 0xb9, 0x88, 0xca, 0x0, 0x1e,
    0x77, 0x5b, 0xb9, 0x1d, 0xca, 0xc0, 0x1c, 0xe2,
    0x4e, 0x60, 0xa2, 0x1, 0xe6, 0xc8, 0x70, 0x51,
    0x10, 0x7, 0x1b, 0xe4, 0xc4, 0x19, 0x0, 0x3c,
    0x6c, 0x2e, 0x2, 0x20, 0xf, 0xc8, 0xee, 0x89,
    0x53, 0x0, 0xf1, 0xb3, 0x98, 0x1, 0xc8, 0x3,
    0xa9, 0x15, 0xdf, 0x9a, 0xc0, 0x0,

    /* U+7ACB "立" */
    0x0, 0xff, 0xe4, 0x38, 0x7, 0xff, 0x4, 0xc8,
    0x3, 0xff, 0x80, 0x80, 0x1f, 0x13, 0xbf, 0x95,
    0xdf, 0x88, 0x8e, 0xe6, 0x77, 0xf2, 0xbb, 0x88,
    0x2, 0x60, 0xf, 0x50, 0x7, 0x84, 0x40, 0x1d,
    0xe0, 0x1e, 0x44, 0x0, 0x65, 0x50, 0x7, 0x88,
    0x80, 0x18, 0x88, 0x1, 0xff, 0xc9, 0x10, 0x9,
    0x14, 0x3, 0xf2, 0x98, 0x0, 0xc8, 0x3, 0xf1,
    0x98, 0x4, 0x40, 0x1c, 0xef, 0xf4, 0xf3, 0xbf,
    0x0,

    /* U+7BB1 "箱" */
    0x0, 0x88, 0x3, 0xc2, 0x1, 0xf0, 0xa0, 0x7,
    0x21, 0x0, 0x7d, 0x1c, 0xef, 0x30, 0x7a, 0x3b,
    0xe0, 0x2, 0xec, 0x12, 0xbb, 0x2c, 0x39, 0xa3,
    0xb8, 0x4, 0xd0, 0x15, 0x40, 0x20, 0x60, 0x8a,
    0x40, 0x1, 0x60, 0x3, 0x38, 0x9, 0x3b, 0xc2,
    0xa6, 0x1, 0xc2, 0x1, 0xb, 0xbe, 0x65, 0x0,
    0x44, 0x26, 0x22, 0x30, 0xf, 0xe8, 0x87, 0xa4,
    0x40, 0xe9, 0xdf, 0x48, 0x80, 0x61, 0x13, 0x0,
    0x29, 0xdf, 0x48, 0x80, 0x4c, 0xcd, 0x56, 0x0,
    0xff, 0x8, 0xc0, 0x6a, 0x14, 0xef, 0xa4, 0x40,
    0x12, 0xe0, 0x11, 0x85, 0x3b, 0xe9, 0x10, 0x5,
    0x0, 0x7f, 0xf0, 0xc8, 0x3, 0xd4, 0xef, 0xa4,
    0x40,

    /* U+7DDA "線" */
    0x0, 0xc2, 0x1, 0xc2, 0x1, 0xf9, 0xcc, 0x3,
    0x98, 0x3, 0xf7, 0x90, 0x1, 0x1d, 0xd8, 0xee,
    0x80, 0xc, 0xf2, 0xa, 0x6, 0xee, 0xb7, 0x77,
    0x80, 0x44, 0x22, 0x66, 0x0, 0x7f, 0xd0, 0x4f,
    0xc6, 0x0, 0x77, 0xec, 0x0, 0xb9, 0xbe, 0x80,
    0x27, 0x7e, 0xc0, 0x9, 0x1e, 0xc5, 0x0, 0x5d,
    0xd1, 0x7, 0xd0, 0x8, 0x8c, 0x83, 0x81, 0x9d,
    0xd7, 0xcf, 0x42, 0x0, 0xe1, 0x70, 0x30, 0x77,
    0x43, 0xf8, 0x30, 0x5, 0xae, 0x81, 0x0, 0xee,
    0xe7, 0x18, 0x41, 0x0, 0x38, 0xa8, 0xa0, 0x0,
    0x8c, 0x2f, 0xc8, 0x2, 0x11, 0x1, 0x68, 0xa,
    0xa8, 0x0, 0xcc, 0x0, 0xbc, 0x2, 0xa5, 0x77,
    0x0, 0x42, 0xb0, 0x0, 0xb0, 0x70, 0x24, 0x60,
    0x7b, 0x10, 0x39, 0x0,

    /* U+7F3A "缺" */
    0x0, 0x10, 0x7, 0xc4, 0x1, 0xf5, 0x0, 0x7c,
    0xa0, 0x1f, 0x11, 0xa1, 0x98, 0x3, 0xfc, 0xbe,
    0xfe, 0xee, 0x27, 0x74, 0x3b, 0xc0, 0x16, 0xaa,
    0x62, 0x20, 0x9d, 0xd0, 0xee, 0x0, 0x86, 0xc0,
    0x3f, 0xf8, 0x42, 0x60, 0x1f, 0xfc, 0x37, 0x7a,
    0x5d, 0xc4, 0x1, 0xfc, 0xce, 0xe9, 0x76, 0x17,
    0x74, 0xbb, 0xad, 0xc4, 0x18, 0x3, 0x31, 0xbb,
    0xa5, 0xdd, 0x8e, 0x20, 0x1f, 0xe1, 0x7, 0x0,
    0xff, 0xe0, 0x2a, 0x1, 0x98, 0x3, 0xfe, 0x22,
    0x2, 0x58, 0x4, 0x8e, 0xee, 0x7e, 0x7, 0x60,
    0xa, 0x94, 0x0, 0x6e, 0xe9, 0x79, 0x75, 0x10,
    0x8, 0xb4, 0x3, 0xf3, 0x90, 0x7, 0x40, 0x0,

    /* U+7F85 "羅" */
    0x8, 0x77, 0xa1, 0xdd, 0xe, 0xf4, 0x0, 0x5e,
    0xef, 0x7b, 0xbb, 0x59, 0xdd, 0xe0, 0x1f, 0xfc,
    0x77, 0xa7, 0x7, 0x76, 0xb3, 0xb8, 0x3, 0x39,
    0x73, 0xbc, 0xdc, 0xe0, 0xee, 0x0, 0x90, 0x10,
    0xd4, 0x19, 0x80, 0x42, 0x1, 0x3c, 0x94, 0xc9,
    0x46, 0x1d, 0xd1, 0x2e, 0xc0, 0xfa, 0xbd, 0x67,
    0x30, 0xee, 0xa8, 0x76, 0x0, 0x1a, 0x38, 0xdc,
    0xe3, 0xba, 0x1d, 0xc6, 0x11, 0xe2, 0xec, 0x21,
    0x8e, 0xe8, 0x77, 0x18, 0x47, 0xb3, 0x12, 0x83,
    0x1d, 0xd0, 0xee, 0x30, 0x2, 0x83, 0x92, 0x8e,
    0x3b, 0xa1, 0xdc, 0x60, 0x8a, 0x22, 0x0, 0xff,
    0x88, 0xc1, 0x1, 0x83, 0x1d, 0xdc, 0xef, 0x0,

    /* U+8166 "腦" */
    0x0, 0xff, 0xe2, 0x8d, 0x3b, 0x98, 0x18, 0x41,
    0x4c, 0xd, 0x40, 0x2c, 0x77, 0x8, 0x80, 0x40,
    0x8c, 0x2d, 0x40, 0x3e, 0x66, 0x4, 0x38, 0x3c,
    0x80, 0x71, 0x80, 0x11, 0x42, 0x98, 0x15, 0x80,
    0x39, 0x4c, 0xc, 0xc2, 0x46, 0x62, 0x35, 0x0,
    0x8d, 0x9c, 0x0, 0xc8, 0x2, 0xc0, 0x86, 0x1,
    0xc8, 0x1, 0x2b, 0x31, 0x40, 0xc, 0x0, 0x30,
    0x2, 0xf1, 0xcb, 0xf2, 0xbb, 0xd0, 0x0, 0x13,
    0x86, 0xe0, 0xd3, 0xb7, 0x77, 0xbf, 0x80, 0x1d,
    0x60, 0xc0, 0x24, 0x66, 0x44, 0x80, 0x62, 0x30,
    0xf, 0x26, 0x8, 0x80, 0x30, 0x80, 0x79, 0x5a,
    0xa6, 0x4, 0x3, 0xfc, 0xee, 0x0, 0x41, 0x80,
    0xd, 0x1, 0xdc, 0x41, 0xca, 0xef, 0x97, 0x40,
    0xcc, 0xe, 0xe5, 0x3a, 0x77, 0xf5, 0x0,

    /* U+81EA "自" */
    0x0, 0xe1, 0x0, 0xff, 0x98, 0x3, 0xff, 0x8c,
    0x34, 0xef, 0x7b, 0xbf, 0x83, 0x1d, 0xe8, 0x77,
    0xe0, 0xf, 0xfe, 0x15, 0x3b, 0xff, 0x70, 0x53,
    0xbf, 0xf7, 0x0, 0x7f, 0xf3, 0x75, 0xdf, 0xfb,
    0x83, 0x5d, 0xff, 0xb8, 0x3, 0xff, 0x83, 0xae,
    0xff, 0xdc, 0x1a, 0xef, 0xfd, 0xc0,

    /* U+826F "良" */
    0x0, 0xe2, 0x0, 0xff, 0xe1, 0x20, 0x7, 0xea,
    0x77, 0x97, 0xdd, 0xe8, 0x10, 0xb, 0x5d, 0xf5,
    0xbb, 0xd8, 0x60, 0x1f, 0xfc, 0x5b, 0x77, 0xfd,
    0xe0, 0x1a, 0xdd, 0xff, 0x78, 0x7, 0xff, 0x1a,
    0xdd, 0xd5, 0xe, 0xfb, 0x40, 0x35, 0xbb, 0xab,
    0xdd, 0xf4, 0xa8, 0x7, 0xc6, 0x80, 0x4, 0x77,
    0x0, 0x7c, 0x84, 0xae, 0xf0, 0x7, 0xf3, 0x11,
    0xc, 0x3, 0xe4, 0x75, 0x7, 0x74, 0x20, 0x4,
    0x72, 0xef, 0x28, 0x0, 0xa0, 0x1d, 0xc0, 0x7c,
    0xe6, 0x1, 0xe4, 0x77, 0x0,

    /* U+8272 "色" */
    0x0, 0xf0, 0x80, 0x7f, 0xf0, 0x9c, 0xc0, 0x3f,
    0xf8, 0x25, 0x2a, 0xef, 0x50, 0x7, 0xe1, 0xae,
    0x77, 0x86, 0x0, 0x3f, 0x4c, 0x0, 0x46, 0x62,
    0x0, 0xf1, 0x42, 0xbb, 0xec, 0x27, 0x7c, 0x1,
    0x2c, 0x53, 0xbe, 0x87, 0x7c, 0x1, 0x9c, 0x3,
    0xff, 0xab, 0x4e, 0xfb, 0x1d, 0xf6, 0x80, 0x75,
    0x3b, 0xeb, 0x77, 0xdc, 0x1, 0xff, 0xc3, 0x41,
    0x0, 0xff, 0xe1, 0xa9, 0x80, 0x7f, 0xf0, 0x8c,
    0xc0, 0x10, 0xbb, 0xff, 0x40, 0x80,

    /* U+87A2 "螢" */
    0x0, 0xc4, 0x1, 0xe2, 0x0, 0xc4, 0x0, 0x50,
    0x11, 0x18, 0x1, 0x40, 0x6, 0x4, 0xc0, 0x14,
    0x8a, 0x1, 0x10, 0x20, 0xc0, 0x8, 0x56, 0x70,
    0xc, 0x56, 0x47, 0x20, 0x13, 0x56, 0x21, 0x80,
    0xae, 0xba, 0x10, 0x1, 0xc2, 0x1, 0xc0, 0xdd,
    0x90, 0x1d, 0x90, 0x0, 0x6e, 0xf2, 0x20, 0x19,
    0xde, 0x23, 0x0, 0x3b, 0xf0, 0x3b, 0xf8, 0x0,
    0x60, 0xef, 0xa5, 0xdf, 0x80, 0xc1, 0x0, 0xe,
    0xf4, 0xbb, 0xe0, 0x2, 0x0, 0x7f, 0xf1, 0xb9,
    0xde, 0x87, 0x7d, 0xa0, 0x1d, 0x2e, 0xf4, 0x3b,
    0xc5, 0x0, 0x1f, 0xfc, 0x1, 0x4a, 0x60, 0x1,
    0xbb, 0xf6, 0xbb, 0x22, 0x30, 0x54, 0xd, 0xdf,
    0xa9, 0xd9, 0x54, 0x8e, 0x80,

    /* U+8A8D "認" */
    0x0, 0x84, 0x3, 0xff, 0x87, 0x20, 0x13, 0x3b,
    0xaa, 0x1d, 0xc8, 0x1, 0xb4, 0x40, 0x8, 0xee,
    0xd8, 0x77, 0x10, 0x1, 0xdc, 0x4c, 0xe6, 0x4e,
    0x20, 0x18, 0xc0, 0xe, 0xfc, 0x60, 0xed, 0xc0,
    0x1, 0x10, 0x1, 0x1d, 0xf0, 0x4, 0x7a, 0x0,
    0x37, 0x0, 0x23, 0xbe, 0x0, 0xb1, 0x0, 0xe,
    0x40, 0x4, 0x66, 0xc0, 0x51, 0x0, 0x67, 0xd1,
    0x0, 0x23, 0x36, 0x7, 0x80, 0x26, 0x78, 0x0,
    0x99, 0xdf, 0x2, 0xa0, 0x28, 0x81, 0x88, 0x0,
    0x5d, 0xe0, 0x3, 0x98, 0x3b, 0x1, 0xb0, 0x7,
    0xc2, 0x20, 0x9, 0xc0, 0x3f, 0xce, 0xe0, 0xe,
    0x75, 0x20, 0xd7, 0x7b, 0x10, 0x40, 0x30, 0x88,
    0x88, 0x1a, 0xef, 0x59, 0x1, 0x3b, 0xd0, 0x80,
    0x0,

    /* U+8ACB "請" */
    0x0, 0x84, 0x3, 0xc4, 0x1, 0xf9, 0x80, 0x3c,
    0xa0, 0x1f, 0x84, 0x0, 0x6e, 0xf4, 0x3b, 0xe1,
    0x14, 0x43, 0xa2, 0x4, 0xef, 0x43, 0xbe, 0x11,
    0x44, 0x70, 0xbb, 0xd0, 0xef, 0x30, 0x1, 0x9d,
    0xe5, 0x7, 0x7a, 0x1d, 0xe6, 0x0, 0x33, 0xbc,
    0xa8, 0xef, 0x73, 0xbe, 0x10, 0x57, 0x79, 0x50,
    0x80, 0x1c, 0x0, 0xe6, 0x10, 0x57, 0x79, 0x40,
    0x9d, 0xfb, 0xc, 0x0, 0xef, 0x94, 0x39, 0xdf,
    0xa4, 0x3, 0x3b, 0xc4, 0x1c, 0xef, 0xd2, 0x1,
    0xff, 0xcd, 0xe7, 0x7e, 0x90, 0xb, 0x5d, 0xef,
    0xe, 0x77, 0xe9, 0x0, 0xb5, 0xde, 0x83, 0x40,
    0x8, 0x5f, 0xc, 0x0, 0xe0, 0x18, 0xcc, 0x1,
    0xb, 0xc8, 0x80,

    /* U+8B80 "讀" */
    0x0, 0x10, 0x7, 0xc6, 0x1, 0xf9, 0x80, 0x8,
    0xef, 0x6b, 0xbe, 0x0, 0x88, 0x2, 0x47, 0x7a,
    0x5d, 0xf0, 0x1, 0xdc, 0x2e, 0xe0, 0x88, 0xb2,
    0x22, 0x40, 0x3, 0xbf, 0x1f, 0xf8, 0x73, 0xc7,
    0xc8, 0x0, 0x6e, 0xf1, 0xa3, 0xbb, 0x9d, 0xdc,
    0xe6, 0x0, 0x37, 0x78, 0xc0, 0x3f, 0xe3, 0x66,
    0x8c, 0xce, 0xed, 0x77, 0x6b, 0x98, 0x0, 0xd9,
    0xa3, 0x4e, 0xd, 0x0, 0x68, 0x6, 0x34, 0x48,
    0x84, 0xc8, 0xbd, 0xc0, 0xb, 0x66, 0x94, 0x9,
    0xdf, 0xde, 0x0, 0xf2, 0x28, 0x0, 0x6a, 0xbe,
    0xf0, 0xf, 0x84, 0x80, 0x3d, 0xc0, 0xe, 0x77,
    0x80, 0x11, 0xe8, 0xec, 0x8, 0xc0, 0xe, 0x77,
    0x9a, 0x1a, 0xc, 0x5, 0xda, 0x4, 0x1c, 0x2,
    0x18, 0x70, 0xe, 0x58, 0x10,

    /* U+9001 "送" */
    0x0, 0xff, 0xe0, 0x88, 0x6, 0x80, 0xd, 0x0,
    0x19, 0x48, 0x3, 0x53, 0x0, 0x54, 0xa0, 0x16,
    0x98, 0x6, 0x25, 0x0, 0x89, 0x80, 0xd, 0x40,
    0x19, 0xdc, 0x92, 0xe, 0xe4, 0x7d, 0xe5, 0x76,
    0x0, 0x3b, 0x82, 0xc1, 0xdf, 0x54, 0x3b, 0x98,
    0x2, 0x32, 0x20, 0x7, 0xff, 0x0, 0x51, 0x41,
    0x1d, 0xe9, 0xa7, 0x7c, 0x41, 0xc0, 0xea, 0x8e,
    0xf5, 0x73, 0xbe, 0x20, 0xf7, 0x50, 0xe, 0xab,
    0x10, 0xf, 0x91, 0x0, 0x11, 0xe4, 0x31, 0x80,
    0x7b, 0x84, 0x0, 0x8a, 0xa0, 0x76, 0x60, 0x6,
    0x32, 0x2, 0x80, 0x60, 0x9, 0x55, 0x0, 0x15,
    0xc3, 0x8c, 0x20, 0x7, 0x1c, 0x80, 0x26, 0x44,
    0xea, 0xcc, 0x76, 0x6c, 0xec, 0x61, 0x2, 0x0,
    0x66, 0x9d, 0x9b, 0x3b, 0x8c,

    /* U+9010 "逐" */
    0x0, 0xff, 0xe3, 0x38, 0x7, 0xff, 0xd, 0x14,
    0x19, 0xde, 0x9d, 0x77, 0xc2, 0x0, 0x36, 0x6,
    0x77, 0x20, 0xeb, 0xbc, 0xa2, 0xe, 0xe4, 0x90,
    0x2, 0xa8, 0x3, 0x41, 0x80, 0x1d, 0xc1, 0x67,
    0xc, 0xcc, 0xa1, 0x78, 0x10, 0x8, 0xc8, 0x8d,
    0x6, 0xa3, 0x90, 0xe0, 0x18, 0x51, 0x41, 0x49,
    0xdc, 0xaa, 0x63, 0x0, 0xdc, 0xe, 0xa2, 0x8e,
    0x44, 0x48, 0x64, 0x0, 0xbd, 0xd4, 0x5, 0x81,
    0x10, 0xe0, 0xa2, 0x80, 0x19, 0x10, 0x0, 0x77,
    0x30, 0x78, 0x29, 0x88, 0x5, 0xc2, 0xcc, 0x73,
    0x0, 0x78, 0x1, 0xc4, 0x0, 0x66, 0x6, 0x60,
    0x2b, 0x43, 0x0, 0x7a, 0xe5, 0xc4, 0x0, 0xad,
    0x2, 0x1, 0xd3, 0x22, 0x74, 0x67, 0x73, 0x36,
    0x77, 0x10, 0x40, 0x80, 0x15, 0x9d, 0xcc, 0xd9,
    0xdc, 0x40,

    /* U+9031 "週" */
    0x1, 0x0, 0xff, 0xe2, 0x30, 0x0, 0x65, 0xdd,
    0x2e, 0xf4, 0x80, 0x42, 0x48, 0x5, 0xae, 0xee,
    0x77, 0xbc, 0x40, 0x24, 0x70, 0x1, 0x9d, 0x86,
    0x77, 0x80, 0x5, 0xdd, 0x48, 0x1, 0xff, 0xb,
    0xb8, 0x10, 0x10, 0xcd, 0x86, 0x77, 0x80, 0x66,
    0xa0, 0x78, 0x77, 0x73, 0xbd, 0x60, 0x11, 0x1,
    0x80, 0x25, 0x96, 0xd5, 0x4f, 0x60, 0x1, 0xd1,
    0x91, 0x11, 0xb3, 0xbd, 0x0, 0x18, 0x7d, 0xfc,
    0x8, 0x41, 0x56, 0xd0, 0xf, 0x84, 0x60, 0xe7,
    0x7a, 0xc0, 0x3f, 0xed, 0x77, 0xb0, 0x3, 0xcf,
    0xe6, 0x80, 0x80, 0x12, 0x37, 0x88, 0x0, 0x43,
    0x14, 0x80, 0x39, 0x1a, 0x40, 0x3, 0xe, 0x8e,
    0xce, 0xff, 0xa0, 0x86, 0x40, 0x2, 0xce, 0xff,
    0xa0, 0x80,

    /* U+904E "過" */
    0x0, 0xff, 0xe3, 0x40, 0x4, 0x30, 0xef, 0xa0,
    0x40, 0x35, 0x30, 0x5, 0xce, 0xfb, 0x4c, 0x3,
    0x12, 0x80, 0x71, 0xbb, 0xa0, 0x3, 0x3b, 0x92,
    0x40, 0x32, 0x3b, 0xa0, 0x3, 0x3b, 0x82, 0xc0,
    0x3f, 0xf8, 0x26, 0x44, 0x59, 0xd7, 0xc7, 0x77,
    0x53, 0x80, 0x5, 0x14, 0xa, 0x2d, 0xed, 0xdd,
    0x70, 0x1, 0x70, 0x3a, 0x80, 0x56, 0xee, 0xa0,
    0xe, 0xf7, 0x51, 0x0, 0xb1, 0xdd, 0xa0, 0x1f,
    0x22, 0x80, 0x7f, 0xf0, 0xb8, 0x40, 0x2b, 0x77,
    0x0, 0x7c, 0x66, 0x0, 0xda, 0xef, 0x98, 0x40,
    0x2b, 0x97, 0x60, 0x0, 0x80, 0x4e, 0xcc, 0x0,
    0x4c, 0x89, 0xd1, 0x9d, 0xcc, 0xd9, 0xdc, 0x61,
    0x2, 0x0, 0x56, 0x77, 0x33, 0x67, 0x71, 0x80,

    /* U+958B "開" */
    0x57, 0x7e, 0x1, 0x77, 0xe5, 0x27, 0x7c, 0x42,
    0x46, 0xef, 0x8b, 0x9d, 0xf7, 0x0, 0x39, 0xdf,
    0x77, 0x1d, 0xf7, 0x0, 0x39, 0xdf, 0x70, 0x7,
    0xff, 0xb, 0x9d, 0xf6, 0x89, 0x1b, 0xbe, 0xee,
    0x3b, 0x95, 0x54, 0x46, 0xab, 0x3b, 0xb8, 0x2,
    0x77, 0x73, 0xbb, 0xdd, 0xc0, 0x1e, 0x55, 0x5a,
    0xaf, 0x0, 0x71, 0xbb, 0xa5, 0xdf, 0x8c, 0x3,
    0x1b, 0xb4, 0x3b, 0xf1, 0x80, 0x79, 0xdc, 0x1,
    0xff, 0xf, 0x8, 0x7, 0xfd, 0x10, 0x0, 0xe3,
    0x88, 0x13, 0x80, 0x24, 0x3, 0x40, 0x1c, 0x41,
    0x40,

    /* U+95B1 "閱" */
    0x57, 0x7d, 0x0, 0x2e, 0xfc, 0xc4, 0xef, 0xb8,
    0x4d, 0x1d, 0xf0, 0xf3, 0xbe, 0xa0, 0x4, 0x3b,
    0xed, 0xe7, 0x7d, 0x40, 0x8, 0x77, 0xdb, 0xee,
    0xfb, 0x84, 0xd1, 0xdf, 0x77, 0xbb, 0xcd, 0xe0,
    0x20, 0xce, 0xf7, 0x0, 0x46, 0xce, 0x0, 0x77,
    0x20, 0x7, 0x2b, 0xf3, 0xbe, 0xe0, 0x50, 0xc,
    0xa9, 0xce, 0xfb, 0xd1, 0x40, 0x3d, 0xc6, 0x7b,
    0xc0, 0x3f, 0x6c, 0x3c, 0x3d, 0x80, 0x7e, 0x5c,
    0x4c, 0x43, 0x0, 0xf8, 0xa5, 0xc0, 0x30, 0xb0,
    0x6, 0x47, 0x80, 0x3, 0x31, 0xdc, 0xe, 0x2e,
    0x8, 0xa0, 0x10, 0xb3, 0xb3, 0x1d, 0x80,

    /* U+95DC "關" */
    0x57, 0x7e, 0x1, 0x77, 0xe6, 0x27, 0x7c, 0x22,
    0x23, 0x77, 0xc3, 0xce, 0xfa, 0x80, 0x1e, 0xef,
    0xb7, 0x9d, 0xf5, 0x0, 0x3d, 0xdf, 0x6f, 0x3b,
    0xec, 0x0, 0x6b, 0xbe, 0xee, 0x3b, 0xc1, 0x42,
    0x7c, 0xce, 0xf7, 0x0, 0x50, 0xb0, 0xa, 0x4a,
    0xa0, 0xe, 0x50, 0xfc, 0xf, 0xf9, 0x40, 0x39,
    0xca, 0x38, 0xb4, 0xba, 0x80, 0x39, 0xfd, 0xa1,
    0x36, 0xdf, 0xc0, 0x39, 0x48, 0xc4, 0xb4, 0xc8,
    0x80, 0x1e, 0xe7, 0x97, 0xe7, 0x76, 0x0, 0x7a,
    0x5c, 0xcd, 0xce, 0xe8, 0x0, 0xf0, 0xcd, 0x80,
    0x63, 0x67, 0x17, 0x0, 0xc, 0x90, 0x38, 0x4,
    0xce, 0xc0,

    /* U+964D "降" */
    0x0, 0xfc, 0x22, 0x0, 0xe5, 0x77, 0xa0, 0x2,
    0x91, 0x0, 0xe2, 0x77, 0xbc, 0x1, 0x4, 0xef,
    0x60, 0x7, 0x33, 0x1, 0xbb, 0xdd, 0xc7, 0x0,
    0x1c, 0x22, 0x44, 0x30, 0xb3, 0x1, 0x0, 0x33,
    0x28, 0x21, 0x3, 0xff, 0x30, 0x7, 0x35, 0x0,
    0xb3, 0x84, 0xc3, 0xb9, 0x0, 0x35, 0x29, 0x33,
    0x98, 0x3a, 0xbb, 0x0, 0x62, 0x21, 0xcc, 0x3c,
    0x4b, 0xbc, 0x1, 0xf7, 0x43, 0xc4, 0xbb, 0x94,
    0x2, 0x34, 0x0, 0xff, 0xe1, 0x3b, 0x84, 0x80,
    0x3f, 0xc6, 0x60, 0x2d, 0x77, 0x44, 0xbb, 0xc2,
    0x1, 0xc7, 0xe, 0xe8, 0x97, 0x78, 0x40, 0x3f,
    0xf8, 0x60,

    /* U+9663 "陣" */
    0x0, 0xfe, 0x20, 0xe, 0x57, 0x79, 0x40, 0x32,
    0x80, 0x71, 0x3b, 0x88, 0x5d, 0xf4, 0x3b, 0xe0,
    0xd, 0xa8, 0xef, 0xa1, 0xdf, 0x0, 0x45, 0xa0,
    0x68, 0x96, 0x22, 0x42, 0x1, 0x52, 0x85, 0xbb,
    0xc0, 0xef, 0x30, 0x5, 0x6c, 0x1e, 0x67, 0x61,
    0x9c, 0x1, 0x8c, 0x45, 0xce, 0xf4, 0x3b, 0xc0,
    0x1c, 0xc9, 0xce, 0xf4, 0x3b, 0xc0, 0x1c, 0x27,
    0xce, 0xf4, 0x3b, 0xc0, 0x19, 0x1d, 0x65, 0xde,
    0x87, 0x7c, 0x1, 0x3b, 0x18, 0x7, 0xff, 0x0,
    0xc5, 0x5d, 0xf4, 0x3b, 0xe1, 0x0, 0xca, 0xef,
    0xa1, 0xdf, 0x8, 0x7, 0xff, 0xd, 0xc0, 0x3f,
    0x38, 0x7, 0x0,

    /* U+9664 "除" */
    0x0, 0xfe, 0x10, 0xe, 0x57, 0x74, 0x28, 0x6,
    0xd1, 0x0, 0xc4, 0xee, 0xe4, 0x0, 0x9f, 0x98,
    0x3, 0xe1, 0x10, 0x1, 0xd4, 0x9d, 0xc2, 0x1,
    0x99, 0x80, 0x30, 0xa4, 0x0, 0x79, 0x50, 0xb,
    0xc4, 0x4d, 0x6a, 0xf4, 0xee, 0xd1, 0x20, 0x5,
    0x30, 0xb9, 0xbb, 0xb5, 0xdc, 0xa8, 0x40, 0x3,
    0x11, 0x0, 0x7f, 0xf0, 0x59, 0x8e, 0xfa, 0x5d,
    0xf0, 0x80, 0x42, 0x27, 0x7d, 0x2e, 0xf8, 0x40,
    0x9e, 0x5c, 0x10, 0x80, 0x25, 0x10, 0x8, 0x9e,
    0x44, 0x30, 0x80, 0x25, 0x90, 0xf, 0x9e, 0x80,
    0x3a, 0x5c, 0x3, 0x88, 0x48, 0x3, 0x84, 0x80,
    0x38, 0x98, 0x19, 0x9e, 0x1, 0x28, 0x38, 0x7,
    0x99, 0x90, 0x1, 0xc0,

    /* U+9670 "陰" */
    0x0, 0xfe, 0x20, 0xe, 0x57, 0x79, 0x40, 0x29,
    0x40, 0xe, 0x27, 0x71, 0x30, 0x1, 0xe8, 0xd4,
    0x3, 0xed, 0x30, 0x84, 0x35, 0x68, 0x0, 0xe2,
    0xd4, 0x8b, 0x47, 0x72, 0x54, 0x38, 0x5, 0x4a,
    0xd0, 0x6e, 0xf8, 0xa1, 0x40, 0x2b, 0x62, 0x47,
    0x7e, 0xd0, 0x20, 0x8, 0xc4, 0x48, 0xef, 0x92,
    0x0, 0x3c, 0xc8, 0x87, 0x7d, 0x24, 0xe0, 0x1c,
    0x26, 0x8e, 0xfa, 0x9d, 0xc0, 0x19, 0x60, 0x9d,
    0xea, 0x77, 0xe0, 0x9, 0x21, 0x1d, 0xc1, 0xe,
    0xca, 0xee, 0x0, 0x84, 0x2, 0x53, 0x20, 0x1a,
    0x10, 0xf, 0x98, 0x1d, 0x15, 0xbf, 0x0, 0x3c,
    0x5e, 0xe, 0xe4, 0x67, 0xc6, 0x7, 0x0, 0x8a,
    0x55, 0xc, 0x40, 0x2, 0xc0,

    /* U+96E2 "離" */
    0x0, 0xc4, 0x1, 0xc2, 0x1, 0xfc, 0xa0, 0x18,
    0x91, 0xc0, 0x39, 0x9d, 0xd9, 0xe, 0xe1, 0x55,
    0x33, 0x80, 0x67, 0x44, 0x5c, 0xa1, 0x8f, 0x11,
    0x89, 0x10, 0x2, 0x62, 0x88, 0x19, 0x89, 0xd9,
    0x94, 0xcc, 0x10, 0x8, 0xc0, 0x48, 0x2a, 0x51,
    0x16, 0x88, 0x10, 0x9, 0xe2, 0x1, 0xfa, 0x1,
    0xfd, 0xa5, 0x6e, 0xbc, 0xb6, 0xee, 0x97, 0x60,
    0x2, 0xc3, 0xe3, 0xb9, 0x82, 0xdd, 0xd2, 0xec,
    0x0, 0xb7, 0x9a, 0x77, 0x68, 0x7, 0xf4, 0x3f,
    0xe1, 0xbd, 0x5, 0xbb, 0xa1, 0xdc, 0x1, 0x84,
    0x4c, 0xc0, 0x5, 0xbb, 0xa1, 0xdc, 0x1, 0x1d,
    0xba, 0x78, 0x7, 0xfc, 0x78, 0xed, 0x0, 0xd,
    0x44, 0x5a, 0x20, 0x40, 0x38, 0x5f, 0x80, 0xdd,
    0xde, 0xee, 0x10,

    /* U+96E8 "雨" */
    0x11, 0xff, 0xe1, 0x2, 0xbb, 0xfb, 0x1d, 0xfc,
    0x48, 0xcd, 0xea, 0x66, 0xf1, 0x0, 0x7f, 0xf1,
    0x2d, 0xdf, 0xa1, 0xdf, 0xa4, 0x1, 0x8c, 0xef,
    0xa1, 0xde, 0x67, 0xe0, 0xc, 0xe6, 0x1, 0xc8,
    0xc0, 0x1c, 0x2e, 0xcc, 0x0, 0xb, 0xbc, 0x1,
    0xf2, 0xb8, 0x0, 0xdc, 0xc0, 0x3f, 0x8c, 0x0,
    0x20, 0x1f, 0xe7, 0x70, 0x0, 0x9c, 0xc0, 0x3c,
    0x70, 0xca, 0x0, 0x17, 0x78, 0x3, 0xd0, 0x20,
    0x1c, 0x8c, 0x1, 0xc6, 0x1, 0xf3, 0x31, 0xc8,
    0x0, 0xe0, 0x1c, 0xe0, 0x6, 0x77, 0x28, 0x0,

    /* U+96EA "雪" */
    0x7, 0x7e, 0xc7, 0x7e, 0x40, 0x3, 0xbf, 0x5b,
    0xbf, 0x20, 0x33, 0xbf, 0x43, 0xbf, 0x98, 0x5c,
    0x51, 0xdd, 0xe, 0xf2, 0x8b, 0x88, 0x1, 0x81,
    0xc8, 0x0, 0x6e, 0xe6, 0x0, 0x18, 0x0, 0xd0,
    0x40, 0xe, 0x6a, 0x0, 0x34, 0x18, 0x83, 0x98,
    0x1, 0x19, 0x8e, 0x48, 0x3, 0x10, 0x40, 0x60,
    0x1, 0x33, 0x90, 0x4, 0xce, 0xf3, 0x3b, 0xea,
    0x0, 0xcc, 0xef, 0xfb, 0x40, 0x4, 0xef, 0xfe,
    0x87, 0x52, 0x77, 0xff, 0x43, 0xa8, 0x7, 0xff,
    0x11, 0x5d, 0xff, 0x78, 0x0,

    /* U+96F2 "雲" */
    0x0, 0x2b, 0xbe, 0x9a, 0x77, 0xca, 0x1, 0x95,
    0xdf, 0x57, 0x3b, 0xe5, 0x0, 0x9d, 0xfd, 0x1e,
    0xef, 0xd0, 0x1, 0x39, 0x11, 0xdd, 0x1e, 0xee,
    0x40, 0x7f, 0x0, 0xca, 0x8c, 0x40, 0x3, 0x60,
    0x70, 0xc, 0xa0, 0x1, 0x56, 0x0, 0x8c, 0xc0,
    0x5, 0x0, 0x10, 0xb4, 0x3a, 0x0, 0xd, 0x19,
    0xc8, 0x80, 0x19, 0xe1, 0x0, 0xd0, 0x5, 0x9c,
    0xc0, 0x39, 0x9d, 0xff, 0x84, 0x3, 0xb, 0xbf,
    0xf8, 0x3, 0x3b, 0xeb, 0xa7, 0x7a, 0x1d, 0xf0,
    0x1, 0xde, 0x4c, 0xa7, 0x7a, 0xc1, 0xde, 0x0,
    0xc6, 0x8e, 0x1, 0x8, 0x8e, 0xc0, 0x38, 0xf8,
    0x1d, 0xfc, 0x1f, 0x0, 0x18, 0xf5, 0xdf, 0x99,
    0x51, 0x10, 0x0,

    /* U+96F7 "雷" */
    0x7, 0x7e, 0xa7, 0x7e, 0x40, 0x3, 0xbf, 0x6b,
    0xbf, 0x20, 0x23, 0xbf, 0x43, 0xbf, 0x90, 0xdc,
    0xdd, 0xe8, 0x77, 0xc6, 0xe6, 0x0, 0x56, 0x72,
    0x0, 0x23, 0xbc, 0x0, 0x10, 0x16, 0x61, 0x80,
    0x19, 0x8e, 0x60, 0x2c, 0x30, 0xe8, 0x1, 0x91,
    0xdc, 0x2c, 0x3, 0x2c, 0x80, 0xa2, 0x68, 0xcc,
    0x10, 0x1, 0xcb, 0xbd, 0x2e, 0xfa, 0x50, 0x2,
    0xc6, 0x6b, 0x19, 0xb5, 0x80, 0x6f, 0x77, 0xa1,
    0xdf, 0x48, 0x6, 0xf7, 0x7a, 0x1d, 0xf4, 0x80,
    0x7f, 0xf1, 0xbd, 0xde, 0xe7, 0x7d, 0x20, 0x0,

    /* U+96F9 "雹" */
    0x0, 0x3b, 0xf5, 0xbb, 0xf2, 0x0, 0x67, 0x7e,
    0xc7, 0x7e, 0x40, 0x9, 0xdf, 0xd2, 0xef, 0xe6,
    0x0, 0x9c, 0x40, 0x5a, 0x5d, 0x88, 0x0, 0xc2,
    0x0, 0x20, 0x67, 0x52, 0x0, 0x13, 0xbc, 0x4,
    0x0, 0x52, 0x89, 0x62, 0x0, 0xb, 0xba, 0x1,
    0x40, 0x22, 0x81, 0x51, 0x60, 0x25, 0x78, 0x10,
    0xe, 0x9f, 0x77, 0x33, 0xbf, 0x40, 0x6, 0x8e,
    0x0, 0xf3, 0xbd, 0xc0, 0x13, 0xc0, 0x3b, 0xf0,
    0x4, 0x46, 0x1, 0x38, 0x78, 0x8f, 0x78, 0x1,
    0xdc, 0x1, 0xc2, 0xef, 0xdc, 0x2e, 0x4, 0x80,
    0x1b, 0x99, 0xbc, 0x2e, 0xa1, 0xa0, 0x18, 0xe1,
    0xdf, 0xf4, 0x70, 0x0,

    /* U+96FB "電" */
    0x7, 0x7e, 0xa7, 0x7e, 0x40, 0x9, 0xdf, 0xb5,
    0xdf, 0x90, 0x0, 0xae, 0xfd, 0xe, 0xfd, 0x8,
    0x4, 0xe2, 0x6e, 0xe8, 0x77, 0x94, 0x28, 0x80,
    0x26, 0x63, 0x90, 0x0, 0xdd, 0xe0, 0x8, 0xc0,
    0x2, 0x40, 0x13, 0x13, 0x81, 0xa8, 0x20, 0xbb,
    0x39, 0x10, 0x15, 0x19, 0xc0, 0xc0, 0x2f, 0x25,
    0x7f, 0x77, 0x31, 0x81, 0x0, 0x45, 0x8e, 0xf6,
    0xbb, 0xf2, 0x0, 0x6f, 0x77, 0xa1, 0xdf, 0xb8,
    0x3, 0x7b, 0xbd, 0xe, 0xfd, 0xc0, 0x1b, 0x9d,
    0xe9, 0x77, 0xe1, 0x40, 0x0, 0xcb, 0xbd, 0x2e,
    0xfc, 0xc6, 0x0, 0x23, 0x0, 0x8e, 0x1d, 0xf8,
    0x0,

    /* U+9700 "需" */
    0x6, 0x77, 0xd3, 0xe, 0xf9, 0x80, 0xc, 0xef,
    0xb6, 0xdd, 0xf3, 0x1, 0xbb, 0xf4, 0x4b, 0xbf,
    0x22, 0x1c, 0x95, 0xdd, 0x12, 0xef, 0x13, 0xe0,
    0x1, 0x59, 0xcc, 0x0, 0x4c, 0xc7, 0x0, 0x10,
    0x1, 0x14, 0x40, 0x2, 0xac, 0x41, 0xca, 0x50,
    0xec, 0x60, 0x24, 0xef, 0xb, 0x2a, 0xbc, 0xd,
    0xb6, 0x98, 0xc0, 0xc, 0xc5, 0x77, 0xee, 0x87,
    0x7e, 0x60, 0x47, 0x7a, 0xad, 0xe6, 0x1d, 0xd2,
    0x0, 0x37, 0x7b, 0x71, 0xf6, 0xdd, 0xdc, 0x1,
    0xff, 0xdb, 0x16, 0xe0, 0x3, 0x80, 0x4e, 0x0,
    0x43, 0x16, 0x90,

    /* U+9727 "霧" */
    0x1, 0x77, 0xea, 0x77, 0xe6, 0x0, 0x85, 0xdf,
    0xb5, 0xdf, 0x98, 0x2, 0x77, 0x4b, 0xbd, 0x2e,
    0xfa, 0x5d, 0xc0, 0x13, 0xd8, 0x82, 0xcb, 0xa0,
    0x85, 0x38, 0x7, 0x88, 0x58, 0x0, 0xc2, 0x44,
    0x0, 0xce, 0x48, 0xee, 0x43, 0x7, 0x67, 0x70,
    0x38, 0x0, 0xd4, 0x51, 0xb5, 0x3, 0x99, 0x46,
    0xdc, 0x0, 0x6c, 0x6e, 0x1e, 0x30, 0x8e, 0xe3,
    0xe7, 0x0, 0x8, 0xe, 0x29, 0x94, 0x42, 0x70,
    0x14, 0x2, 0x44, 0x79, 0xbd, 0x23, 0xbb, 0xb4,
    0x99, 0x80, 0x5, 0x42, 0x85, 0xc5, 0x0, 0x43,
    0x8, 0x98, 0x0, 0x31, 0x0, 0x3, 0x93, 0xb4,
    0x3b, 0x80, 0x34, 0xc8, 0x3, 0xd2, 0xe0, 0x1e,
    0x83, 0x7f, 0x0, 0x3b, 0xa4, 0x5d, 0xc2, 0x1,
    0x8d, 0xe0, 0x0, 0xee, 0x11, 0x3b, 0x98, 0x0,

    /* U+9810 "預" */
    0x6, 0x77, 0xe6, 0x77, 0xa5, 0xde, 0x10, 0x67,
    0x78, 0x91, 0x9d, 0xc9, 0xae, 0xf0, 0x80, 0xa8,
    0x19, 0xc0, 0x12, 0xa0, 0x7, 0xb, 0x5a, 0x30,
    0x2, 0xdf, 0xdd, 0xf0, 0x4, 0x77, 0xe4, 0x0,
    0xc7, 0x97, 0x78, 0x0, 0x2e, 0xe9, 0x9, 0x91,
    0x63, 0xbf, 0x78, 0xb, 0xbb, 0x2a, 0xf8, 0xb1,
    0xdf, 0xbc, 0x3, 0xc2, 0x1, 0xff, 0xc3, 0x46,
    0xc, 0x77, 0xef, 0x0, 0xf2, 0x88, 0x63, 0xbf,
    0x78, 0x7, 0xff, 0x39, 0xde, 0x87, 0x40, 0xf,
    0xe3, 0xf7, 0x76, 0x1, 0x80, 0xd, 0xf0, 0xc0,
    0xe0, 0x20, 0x0, 0x8f, 0x4, 0x6, 0xf2, 0x20,
    0x30, 0x80, 0x1d, 0x4,

    /* U+98A8 "風" */
    0x0, 0x1e, 0x3b, 0xfe, 0xa3, 0x0, 0xe8, 0x33,
    0xf9, 0x64, 0x3, 0xe6, 0x6b, 0x59, 0xa3, 0x17,
    0x0, 0xf1, 0x15, 0xc4, 0x50, 0x80, 0x7e, 0x67,
    0x74, 0x3b, 0xcc, 0x1, 0xf3, 0x8b, 0xba, 0x1d,
    0xe1, 0x31, 0x0, 0xce, 0x1, 0xff, 0xc3, 0x12,
    0x0, 0xfc, 0x26, 0x1, 0x88, 0x51, 0xdd, 0xe,
    0xf2, 0x0, 0x80, 0x78, 0xdd, 0xd0, 0xee, 0x13,
    0x0, 0xf0, 0x80, 0x7c, 0x90, 0x1, 0x28, 0x33,
    0xa3, 0xbd, 0xae, 0xe4, 0x2, 0x1, 0x0, 0x8,
    0x91, 0xde, 0xa7, 0x73, 0x43, 0x2c, 0x38, 0x38,
    0x7, 0xf9, 0xa, 0x48,

    /* U+9AD8 "高" */
    0x0, 0xf0, 0x80, 0x7f, 0xf0, 0x50, 0x40, 0x3c,
    0xef, 0xed, 0xd3, 0xbf, 0xff, 0x2, 0x31, 0xdf,
    0xc0, 0x3, 0x87, 0x7f, 0x41, 0x80, 0x67, 0xb7,
    0x7f, 0x53, 0x0, 0x75, 0x3b, 0xfa, 0x80, 0x39,
    0x25, 0xdf, 0xd0, 0xa0, 0x2, 0x77, 0xff, 0xa4,
    0x99, 0x1d, 0xff, 0xd4, 0xc0, 0x13, 0x43, 0xbe,
    0x92, 0x0, 0xfa, 0x5d, 0xf6, 0x88, 0x7, 0x86,
    0x1d, 0xf6, 0x80, 0x7c, 0x50, 0xef, 0xa4, 0xc0,
    0x3c, 0xa2, 0x1, 0xe5, 0xb6,

    /* U+9B06 "鬆" */
    0x0, 0xff, 0xe0, 0x90, 0x6, 0x67, 0x7e, 0x0,
    0x91, 0xc0, 0x3b, 0xc0, 0x31, 0x3, 0x34, 0xe4,
    0x20, 0x17, 0x2a, 0xe4, 0x6, 0x61, 0xb3, 0x4,
    0x2, 0xf7, 0x7c, 0xa0, 0x8e, 0xf3, 0x8, 0x1,
    0xca, 0x8, 0x98, 0x68, 0x87, 0x60, 0x64, 0x0,
    0x39, 0xca, 0x11, 0xf2, 0x12, 0xbb, 0x99, 0x40,
    0x7, 0xee, 0xc9, 0x56, 0xe, 0x0, 0x70, 0xc,
    0x6c, 0x64, 0x20, 0x41, 0xa8, 0x89, 0x0, 0xcc,
    0xf1, 0x7, 0x70, 0x35, 0x9, 0xe2, 0x80, 0x4c,
    0xfc, 0x2c, 0xec, 0x44, 0x60, 0x40, 0x60, 0x9,
    0x16, 0x64, 0x2a, 0x8a, 0x82, 0x25, 0x50, 0x0,
    0xc4, 0xc2, 0x14, 0xc4, 0xc8, 0x64, 0xc, 0x0,
    0xca, 0x1, 0x20, 0x42, 0xa3, 0x4, 0x0, 0x4a,
    0x1, 0xcd, 0xee, 0xcc, 0x8d, 0x10
};


/*---------------------
 *  GLYPH DESCRIPTION
 *--------------------*/

static const lv_font_fmt_txt_glyph_dsc_t glyph_dsc[] = {
    {.bitmap_index = 0, .adv_w = 0, .box_w = 0, .box_h = 0, .ofs_x = 0, .ofs_y = 0} /* id = 0 reserved */,
    {.bitmap_index = 0, .adv_w = 56, .box_w = 0, .box_h = 0, .ofs_x = 0, .ofs_y = 0},
    {.bitmap_index = 0, .adv_w = 70, .box_w = 2, .box_h = 12, .ofs_x = 1, .ofs_y = 0},
    {.bitmap_index = 10, .adv_w = 96, .box_w = 4, .box_h = 4, .ofs_x = 1, .ofs_y = 9},
    {.bitmap_index = 18, .adv_w = 133, .box_w = 8, .box_h = 12, .ofs_x = 0, .ofs_y = 0},
    {.bitmap_index = 62, .adv_w = 133, .box_w = 7, .box_h = 16, .ofs_x = 1, .ofs_y = -2},
    {.bitmap_index = 106, .adv_w = 225, .box_w = 14, .box_h = 12, .ofs_x = 0, .ofs_y = 0},
    {.bitmap_index = 185, .adv_w = 159, .box_w = 10, .box_h = 12, .ofs_x = 0, .ofs_y = 0},
    {.bitmap_index = 238, .adv_w = 59, .box_w = 2, .box_h = 4, .ofs_x = 1, .ofs_y = 9},
    {.bitmap_index = 243, .adv_w = 77, .box_w = 4, .box_h = 18, .ofs_x = 1, .ofs_y = -4},
    {.bitmap_index = 274, .adv_w = 77, .box_w = 4, .box_h = 18, .ofs_x = 0, .ofs_y = -4},
    {.bitmap_index = 307, .adv_w = 109, .box_w = 5, .box_h = 5, .ofs_x = 1, .ofs_y = 8},
    {.bitmap_index = 321, .adv_w = 133, .box_w = 8, .box_h = 9, .ofs_x = 0, .ofs_y = 2},
    {.bitmap_index = 344, .adv_w = 59, .box_w = 3, .box_h = 5, .ofs_x = 0, .ofs_y = -3},
    {.bitmap_index = 352, .adv_w = 83, .box_w = 5, .box_h = 1, .ofs_x = 0, .ofs_y = 4},
    {.bitmap_index = 355, .adv_w = 59, .box_w = 2, .box_h = 2, .ofs_x = 1, .ofs_y = 0},
    {.bitmap_index = 357, .adv_w = 101, .box_w = 7, .box_h = 16, .ofs_x = 0, .ofs_y = -3},
    {.bitmap_index = 395, .adv_w = 133, .box_w = 8, .box_h = 12, .ofs_x = 0, .ofs_y = 0},
    {.bitmap_index = 436, .adv_w = 133, .box_w = 7, .box_h = 12, .ofs_x = 1, .ofs_y = 0},
    {.bitmap_index = 451, .adv_w = 133, .box_w = 8, .box_h = 12, .ofs_x = 0, .ofs_y = 0},
    {.bitmap_index = 486, .adv_w = 133, .box_w = 8, .box_h = 12, .ofs_x = 0, .ofs_y = 0},
    {.bitmap_index = 525, .adv_w = 133, .box_w = 8, .box_h = 12, .ofs_x = 0, .ofs_y = 0},
    {.bitmap_index = 558, .adv_w = 133, .box_w = 8, .box_h = 12, .ofs_x = 0, .ofs_y = 0},
    {.bitmap_index = 599, .adv_w = 133, .box_w = 8, .box_h = 12, .ofs_x = 0, .ofs_y = 0},
    {.bitmap_index = 643, .adv_w = 133, .box_w = 8, .box_h = 12, .ofs_x = 0, .ofs_y = 0},
    {.bitmap_index = 676, .adv_w = 133, .box_w = 8, .box_h = 12, .ofs_x = 0, .ofs_y = 0},
    {.bitmap_index = 722, .adv_w = 133, .box_w = 8, .box_h = 12, .ofs_x = 0, .ofs_y = 0},
    {.bitmap_index = 766, .adv_w = 59, .box_w = 2, .box_h = 9, .ofs_x = 1, .ofs_y = 0},
    {.bitmap_index = 773, .adv_w = 59, .box_w = 3, .box_h = 12, .ofs_x = 0, .ofs_y = -3},
    {.bitmap_index = 788, .adv_w = 133, .box_w = 8, .box_h = 8, .ofs_x = 0, .ofs_y = 2},
    {.bitmap_index = 816, .adv_w = 133, .box_w = 8, .box_h = 5, .ofs_x = 0, .ofs_y = 4},
    {.bitmap_index = 827, .adv_w = 133, .box_w = 8, .box_h = 8, .ofs_x = 0, .ofs_y = 2},
    {.bitmap_index = 855, .adv_w = 111, .box_w = 7, .box_h = 12, .ofs_x = 0, .ofs_y = 0},
    {.bitmap_index = 888, .adv_w = 227, .box_w = 14, .box_h = 15, .ofs_x = 0, .ofs_y = -3},
    {.bitmap_index = 979, .adv_w = 147, .box_w = 10, .box_h = 12, .ofs_x = 0, .ofs_y = 0},
    {.bitmap_index = 1023, .adv_w = 162, .box_w = 9, .box_h = 12, .ofs_x = 1, .ofs_y = 0},
    {.bitmap_index = 1067, .adv_w = 158, .box_w = 10, .box_h = 12, .ofs_x = 0, .ofs_y = 0},
    {.bitmap_index = 1102, .adv_w = 169, .box_w = 9, .box_h = 12, .ofs_x = 1, .ofs_y = 0},
    {.bitmap_index = 1141, .adv_w = 144, .box_w = 8, .box_h = 12, .ofs_x = 1, .ofs_y = 0},
    {.bitmap_index = 1161, .adv_w = 133, .box_w = 7, .box_h = 12, .ofs_x = 1, .ofs_y = 0},
    {.bitmap_index = 1178, .adv_w = 169, .box_w = 10, .box_h = 12, .ofs_x = 0, .ofs_y = 0},
    {.bitmap_index = 1222, .adv_w = 179, .box_w = 9, .box_h = 12, .ofs_x = 1, .ofs_y = 0},
    {.bitmap_index = 1238, .adv_w = 66, .box_w = 2, .box_h = 12, .ofs_x = 1, .ofs_y = 0},
    {.bitmap_index = 1243, .adv_w = 129, .box_w = 7, .box_h = 12, .ofs_x = 0, .ofs_y = 0},
    {.bitmap_index = 1257, .adv_w = 155, .box_w = 9, .box_h = 12, .ofs_x = 1, .ofs_y = 0},
    {.bitmap_index = 1297, .adv_w = 130, .box_w = 7, .box_h = 12, .ofs_x = 1, .ofs_y = 0},
    {.bitmap_index = 1304, .adv_w = 197, .box_w = 10, .box_h = 12, .ofs_x = 1, .ofs_y = 0},
    {.bitmap_index = 1347, .adv_w = 178, .box_w = 9, .box_h = 12, .ofs_x = 1, .ofs_y = 0},
    {.bitmap_index = 1383, .adv_w = 183, .box_w = 11, .box_h = 12, .ofs_x = 0, .ofs_y = 0},
    {.bitmap_index = 1434, .adv_w = 153, .box_w = 8, .box_h = 12, .ofs_x = 1, .ofs_y = 0},
    {.bitmap_index = 1464, .adv_w = 183, .box_w = 11, .box_h = 15, .ofs_x = 0, .ofs_y = -3},
    {.bitmap_index = 1528, .adv_w = 151, .box_w = 8, .box_h = 12, .ofs_x = 1, .ofs_y = 0},
    {.bitmap_index = 1566, .adv_w = 146, .box_w = 9, .box_h = 12, .ofs_x = 0, .ofs_y = 0},
    {.bitmap_index = 1609, .adv_w = 147, .box_w = 9, .box_h = 12, .ofs_x = 0, .ofs_y = 0},
    {.bitmap_index = 1624, .adv_w = 178, .box_w = 9, .box_h = 12, .ofs_x = 1, .ofs_y = 0},
    {.bitmap_index = 1647, .adv_w = 136, .box_w = 9, .box_h = 12, .ofs_x = 0, .ofs_y = 0},
    {.bitmap_index = 1691, .adv_w = 216, .box_w = 13, .box_h = 12, .ofs_x = 0, .ofs_y = 0},
    {.bitmap_index = 1758, .adv_w = 133, .box_w = 8, .box_h = 12, .ofs_x = 0, .ofs_y = 0},
    {.bitmap_index = 1802, .adv_w = 123, .box_w = 8, .box_h = 12, .ofs_x = 0, .ofs_y = 0},
    {.bitmap_index = 1832, .adv_w = 152, .box_w = 9, .box_h = 12, .ofs_x = 0, .ofs_y = 0},
    {.bitmap_index = 1869, .adv_w = 77, .box_w = 4, .box_h = 16, .ofs_x = 1, .ofs_y = -3},
    {.bitmap_index = 1879, .adv_w = 101, .box_w = 7, .box_h = 16, .ofs_x = 0, .ofs_y = -3},
    {.bitmap_index = 1915, .adv_w = 77, .box_w = 4, .box_h = 16, .ofs_x = 0, .ofs_y = -3},
    {.bitmap_index = 1924, .adv_w = 133, .box_w = 7, .box_h = 7, .ofs_x = 1, .ofs_y = 5},
    {.bitmap_index = 1946, .adv_w = 141, .box_w = 9, .box_h = 1, .ofs_x = 0, .ofs_y = -2},
    {.bitmap_index = 1949, .adv_w = 150, .box_w = 4, .box_h = 4, .ofs_x = 2, .ofs_y = 10},
    {.bitmap_index = 1957, .adv_w = 137, .box_w = 7, .box_h = 9, .ofs_x = 1, .ofs_y = 0},
    {.bitmap_index = 1988, .adv_w = 152, .box_w = 8, .box_h = 14, .ofs_x = 1, .ofs_y = 0},
    {.bitmap_index = 2027, .adv_w = 126, .box_w = 8, .box_h = 9, .ofs_x = 0, .ofs_y = 0},
    {.bitmap_index = 2052, .adv_w = 152, .box_w = 8, .box_h = 14, .ofs_x = 0, .ofs_y = 0},
    {.bitmap_index = 2087, .adv_w = 135, .box_w = 8, .box_h = 9, .ofs_x = 0, .ofs_y = 0},
    {.bitmap_index = 2116, .adv_w = 71, .box_w = 5, .box_h = 14, .ofs_x = 0, .ofs_y = 0},
    {.bitmap_index = 2134, .adv_w = 136, .box_w = 9, .box_h = 13, .ofs_x = 0, .ofs_y = -4},
    {.bitmap_index = 2188, .adv_w = 147, .box_w = 7, .box_h = 13, .ofs_x = 1, .ofs_y = 0},
    {.bitmap_index = 2206, .adv_w = 63, .box_w = 2, .box_h = 12, .ofs_x = 1, .ofs_y = 0},
    {.bitmap_index = 2214, .adv_w = 63, .box_w = 4, .box_h = 16, .ofs_x = -1, .ofs_y = -4},
    {.bitmap_index = 2231, .adv_w = 128, .box_w = 7, .box_h = 13, .ofs_x = 1, .ofs_y = 0},
    {.bitmap_index = 2261, .adv_w = 65, .box_w = 3, .box_h = 14, .ofs_x = 1, .ofs_y = 0},
    {.bitmap_index = 2270, .adv_w = 228, .box_w = 12, .box_h = 9, .ofs_x = 1, .ofs_y = 0},
    {.bitmap_index = 2296, .adv_w = 148, .box_w = 7, .box_h = 9, .ofs_x = 1, .ofs_y = 0},
    {.bitmap_index = 2311, .adv_w = 150, .box_w = 9, .box_h = 9, .ofs_x = 0, .ofs_y = 0},
    {.bitmap_index = 2345, .adv_w = 152, .box_w = 8, .box_h = 13, .ofs_x = 1, .ofs_y = -4},
    {.bitmap_index = 2382, .adv_w = 152, .box_w = 8, .box_h = 13, .ofs_x = 0, .ofs_y = -4},
    {.bitmap_index = 2418, .adv_w = 87, .box_w = 5, .box_h = 9, .ofs_x = 1, .ofs_y = 0},
    {.bitmap_index = 2430, .adv_w = 113, .box_w = 7, .box_h = 9, .ofs_x = 0, .ofs_y = 0},
    {.bitmap_index = 2460, .adv_w = 86, .box_w = 6, .box_h = 12, .ofs_x = 0, .ofs_y = 0},
    {.bitmap_index = 2482, .adv_w = 148, .box_w = 7, .box_h = 9, .ofs_x = 1, .ofs_y = 0},
    {.bitmap_index = 2499, .adv_w = 119, .box_w = 8, .box_h = 9, .ofs_x = 0, .ofs_y = 0},
    {.bitmap_index = 2530, .adv_w = 190, .box_w = 12, .box_h = 9, .ofs_x = 0, .ofs_y = 0},
    {.bitmap_index = 2579, .adv_w = 111, .box_w = 7, .box_h = 9, .ofs_x = 0, .ofs_y = 0},
    {.bitmap_index = 2609, .adv_w = 120, .box_w = 8, .box_h = 13, .ofs_x = 0, .ofs_y = -4},
    {.bitmap_index = 2653, .adv_w = 112, .box_w = 7, .box_h = 9, .ofs_x = 0, .ofs_y = 0},
    {.bitmap_index = 2679, .adv_w = 77, .box_w = 5, .box_h = 16, .ofs_x = 0, .ofs_y = -3},
    {.bitmap_index = 2706, .adv_w = 62, .box_w = 2, .box_h = 19, .ofs_x = 1, .ofs_y = -5},
    {.bitmap_index = 2712, .adv_w = 77, .box_w = 5, .box_h = 16, .ofs_x = 0, .ofs_y = -3},
    {.bitmap_index = 2740, .adv_w = 133, .box_w = 8, .box_h = 3, .ofs_x = 0, .ofs_y = 5},
    {.bitmap_index = 2752, .adv_w = 86, .box_w = 5, .box_h = 5, .ofs_x = 0, .ofs_y = 8},
    {.bitmap_index = 2765, .adv_w = 256, .box_w = 4, .box_h = 3, .ofs_x = 6, .ofs_y = 5},
    {.bitmap_index = 2772, .adv_w = 133, .box_w = 9, .box_h = 12, .ofs_x = 0, .ofs_y = 0},
    {.bitmap_index = 2818, .adv_w = 256, .box_w = 16, .box_h = 1, .ofs_x = 0, .ofs_y = 6},
    {.bitmap_index = 2823, .adv_w = 256, .box_w = 14, .box_h = 12, .ofs_x = 1, .ofs_y = 0},
    {.bitmap_index = 2848, .adv_w = 256, .box_w = 14, .box_h = 15, .ofs_x = 1, .ofs_y = -1},
    {.bitmap_index = 2888, .adv_w = 256, .box_w = 16, .box_h = 11, .ofs_x = 0, .ofs_y = 0},
    {.bitmap_index = 2907, .adv_w = 256, .box_w = 16, .box_h = 13, .ofs_x = 0, .ofs_y = -1},
    {.bitmap_index = 2968, .adv_w = 256, .box_w = 14, .box_h = 16, .ofs_x = 1, .ofs_y = -2},
    {.bitmap_index = 3041, .adv_w = 256, .box_w = 16, .box_h = 15, .ofs_x = 0, .ofs_y = -1},
    {.bitmap_index = 3121, .adv_w = 256, .box_w = 16, .box_h = 15, .ofs_x = 0, .ofs_y = -1},
    {.bitmap_index = 3186, .adv_w = 256, .box_w = 15, .box_h = 16, .ofs_x = 0, .ofs_y = -2},
    {.bitmap_index = 3275, .adv_w = 256, .box_w = 16, .box_h = 16, .ofs_x = 0, .ofs_y = -2},
    {.bitmap_index = 3359, .adv_w = 256, .box_w = 13, .box_h = 14, .ofs_x = 2, .ofs_y = -1},
    {.bitmap_index = 3420, .adv_w = 256, .box_w = 16, .box_h = 14, .ofs_x = 0, .ofs_y = -1},
    {.bitmap_index = 3490, .adv_w = 256, .box_w = 16, .box_h = 16, .ofs_x = 0, .ofs_y = -2},
    {.bitmap_index = 3562, .adv_w = 256, .box_w = 16, .box_h = 16, .ofs_x = 0, .ofs_y = -2},
    {.bitmap_index = 3655, .adv_w = 256, .box_w = 15, .box_h = 16, .ofs_x = 1, .ofs_y = -2},
    {.bitmap_index = 3745, .adv_w = 256, .box_w = 13, .box_h = 15, .ofs_x = 2, .ofs_y = -1},
    {.bitmap_index = 3790, .adv_w = 256, .box_w = 15, .box_h = 16, .ofs_x = 0, .ofs_y = -2},
    {.bitmap_index = 3887, .adv_w = 256, .box_w = 15, .box_h = 16, .ofs_x = 0, .ofs_y = -2},
    {.bitmap_index = 3962, .adv_w = 256, .box_w = 15, .box_h = 16, .ofs_x = 0, .ofs_y = -2},
    {.bitmap_index = 4066, .adv_w = 256, .box_w = 15, .box_h = 16, .ofs_x = 0, .ofs_y = -2},
    {.bitmap_index = 4173, .adv_w = 256, .box_w = 14, .box_h = 14, .ofs_x = 1, .ofs_y = -1},
    {.bitmap_index = 4233, .adv_w = 256, .box_w = 14, .box_h = 13, .ofs_x = 1, .ofs_y = -1},
    {.bitmap_index = 4291, .adv_w = 256, .box_w = 15, .box_h = 15, .ofs_x = 0, .ofs_y = -1},
    {.bitmap_index = 4322, .adv_w = 256, .box_w = 15, .box_h = 16, .ofs_x = 0, .ofs_y = -2},
    {.bitmap_index = 4398, .adv_w = 256, .box_w = 16, .box_h = 16, .ofs_x = 0, .ofs_y = -2},
    {.bitmap_index = 4500, .adv_w = 256, .box_w = 16, .box_h = 16, .ofs_x = 0, .ofs_y = -2},
    {.bitmap_index = 4602, .adv_w = 256, .box_w = 16, .box_h = 14, .ofs_x = 0, .ofs_y = -1},
    {.bitmap_index = 4700, .adv_w = 256, .box_w = 16, .box_h = 15, .ofs_x = 0, .ofs_y = -1},
    {.bitmap_index = 4803, .adv_w = 256, .box_w = 15, .box_h = 16, .ofs_x = 1, .ofs_y = -2},
    {.bitmap_index = 4886, .adv_w = 256, .box_w = 14, .box_h = 16, .ofs_x = 1, .ofs_y = -2},
    {.bitmap_index = 4976, .adv_w = 256, .box_w = 16, .box_h = 16, .ofs_x = 0, .ofs_y = -2},
    {.bitmap_index = 5077, .adv_w = 256, .box_w = 16, .box_h = 16, .ofs_x = 0, .ofs_y = -2},
    {.bitmap_index = 5158, .adv_w = 256, .box_w = 16, .box_h = 14, .ofs_x = 0, .ofs_y = -2},
    {.bitmap_index = 5229, .adv_w = 256, .box_w = 16, .box_h = 16, .ofs_x = 0, .ofs_y = -2},
    {.bitmap_index = 5322, .adv_w = 256, .box_w = 16, .box_h = 16, .ofs_x = 0, .ofs_y = -2},
    {.bitmap_index = 5413, .adv_w = 256, .box_w = 16, .box_h = 15, .ofs_x = 0, .ofs_y = -1},
    {.bitmap_index = 5494, .adv_w = 256, .box_w = 16, .box_h = 15, .ofs_x = 0, .ofs_y = -2},
    {.bitmap_index = 5577, .adv_w = 256, .box_w = 15, .box_h = 12, .ofs_x = 0, .ofs_y = 0},
    {.bitmap_index = 5599, .adv_w = 256, .box_w = 14, .box_h = 13, .ofs_x = 1, .ofs_y = -1},
    {.bitmap_index = 5645, .adv_w = 256, .box_w = 14, .box_h = 15, .ofs_x = 1, .ofs_y = -1},
    {.bitmap_index = 5718, .adv_w = 256, .box_w = 16, .box_h = 15, .ofs_x = 0, .ofs_y = -1},
    {.bitmap_index = 5814, .adv_w = 256, .box_w = 16, .box_h = 16, .ofs_x = 0, .ofs_y = -2},
    {.bitmap_index = 5904, .adv_w = 256, .box_w = 16, .box_h = 16, .ofs_x = 0, .ofs_y = -2},
    {.bitmap_index = 5998, .adv_w = 256, .box_w = 16, .box_h = 16, .ofs_x = 0, .ofs_y = -2},
    {.bitmap_index = 6091, .adv_w = 256, .box_w = 16, .box_h = 16, .ofs_x = 0, .ofs_y = -2},
    {.bitmap_index = 6184, .adv_w = 256, .box_w = 16, .box_h = 16, .ofs_x = 0, .ofs_y = -2},
    {.bitmap_index = 6287, .adv_w = 256, .box_w = 16, .box_h = 16, .ofs_x = 0, .ofs_y = -2},
    {.bitmap_index = 6381, .adv_w = 256, .box_w = 10, .box_h = 13, .ofs_x = 3, .ofs_y = -1},
    {.bitmap_index = 6405, .adv_w = 256, .box_w = 15, .box_h = 15, .ofs_x = 1, .ofs_y = -1},
    {.bitmap_index = 6482, .adv_w = 256, .box_w = 15, .box_h = 16, .ofs_x = 1, .ofs_y = -2},
    {.bitmap_index = 6574, .adv_w = 256, .box_w = 15, .box_h = 16, .ofs_x = 1, .ofs_y = -2},
    {.bitmap_index = 6677, .adv_w = 256, .box_w = 15, .box_h = 15, .ofs_x = 0, .ofs_y = -2},
    {.bitmap_index = 6753, .adv_w = 256, .box_w = 13, .box_h = 15, .ofs_x = 0, .ofs_y = -2},
    {.bitmap_index = 6803, .adv_w = 256, .box_w = 15, .box_h = 16, .ofs_x = 0, .ofs_y = -2},
    {.bitmap_index = 6877, .adv_w = 256, .box_w = 16, .box_h = 16, .ofs_x = 0, .ofs_y = -2},
    {.bitmap_index = 6980, .adv_w = 256, .box_w = 16, .box_h = 15, .ofs_x = 0, .ofs_y = -1},
    {.bitmap_index = 7069, .adv_w = 256, .box_w = 16, .box_h = 16, .ofs_x = 0, .ofs_y = -2},
    {.bitmap_index = 7184, .adv_w = 256, .box_w = 16, .box_h = 15, .ofs_x = 0, .ofs_y = -1},
    {.bitmap_index = 7271, .adv_w = 256, .box_w = 16, .box_h = 16, .ofs_x = 0, .ofs_y = -2},
    {.bitmap_index = 7347, .adv_w = 256, .box_w = 16, .box_h = 15, .ofs_x = 0, .ofs_y = -1},
    {.bitmap_index = 7435, .adv_w = 256, .box_w = 16, .box_h = 16, .ofs_x = 0, .ofs_y = -2},
    {.bitmap_index = 7532, .adv_w = 256, .box_w = 16, .box_h = 15, .ofs_x = 0, .ofs_y = -1},
    {.bitmap_index = 7620, .adv_w = 256, .box_w = 16, .box_h = 16, .ofs_x = 0, .ofs_y = -2},
    {.bitmap_index = 7732, .adv_w = 256, .box_w = 16, .box_h = 16, .ofs_x = 0, .ofs_y = -2},
    {.bitmap_index = 7838, .adv_w = 256, .box_w = 15, .box_h = 15, .ofs_x = 0, .ofs_y = -1},
    {.bitmap_index = 7926, .adv_w = 256, .box_w = 15, .box_h = 16, .ofs_x = 0, .ofs_y = -2},
    {.bitmap_index = 8023, .adv_w = 256, .box_w = 16, .box_h = 16, .ofs_x = 0, .ofs_y = -2},
    {.bitmap_index = 8131, .adv_w = 256, .box_w = 16, .box_h = 16, .ofs_x = 0, .ofs_y = -2},
    {.bitmap_index = 8240, .adv_w = 256, .box_w = 16, .box_h = 15, .ofs_x = 0, .ofs_y = -1},
    {.bitmap_index = 8327, .adv_w = 256, .box_w = 16, .box_h = 15, .ofs_x = 0, .ofs_y = -2},
    {.bitmap_index = 8422, .adv_w = 256, .box_w = 15, .box_h = 15, .ofs_x = 0, .ofs_y = -2},
    {.bitmap_index = 8488, .adv_w = 256, .box_w = 16, .box_h = 15, .ofs_x = 0, .ofs_y = -2},
    {.bitmap_index = 8578, .adv_w = 256, .box_w = 16, .box_h = 15, .ofs_x = 0, .ofs_y = -1},
    {.bitmap_index = 8676, .adv_w = 256, .box_w = 14, .box_h = 15, .ofs_x = 1, .ofs_y = -1},
    {.bitmap_index = 8740, .adv_w = 256, .box_w = 14, .box_h = 15, .ofs_x = 1, .ofs_y = -1},
    {.bitmap_index = 8826, .adv_w = 256, .box_w = 14, .box_h = 15, .ofs_x = 1, .ofs_y = -1},
    {.bitmap_index = 8891, .adv_w = 256, .box_w = 16, .box_h = 15, .ofs_x = 0, .ofs_y = -1},
    {.bitmap_index = 8988, .adv_w = 256, .box_w = 16, .box_h = 15, .ofs_x = 0, .ofs_y = -1},
    {.bitmap_index = 9096, .adv_w = 256, .box_w = 16, .box_h = 16, .ofs_x = 0, .ofs_y = -2},
    {.bitmap_index = 9192, .adv_w = 256, .box_w = 15, .box_h = 14, .ofs_x = 1, .ofs_y = -1},
    {.bitmap_index = 9288, .adv_w = 256, .box_w = 16, .box_h = 16, .ofs_x = 0, .ofs_y = -2},
    {.bitmap_index = 9399, .adv_w = 256, .box_w = 12, .box_h = 15, .ofs_x = 2, .ofs_y = -1},
    {.bitmap_index = 9445, .adv_w = 256, .box_w = 14, .box_h = 16, .ofs_x = 2, .ofs_y = -2},
    {.bitmap_index = 9522, .adv_w = 256, .box_w = 16, .box_h = 15, .ofs_x = 0, .ofs_y = -1},
    {.bitmap_index = 9592, .adv_w = 256, .box_w = 15, .box_h = 16, .ofs_x = 0, .ofs_y = -2},
    {.bitmap_index = 9693, .adv_w = 256, .box_w = 16, .box_h = 15, .ofs_x = 0, .ofs_y = -1},
    {.bitmap_index = 9798, .adv_w = 256, .box_w = 16, .box_h = 16, .ofs_x = 0, .ofs_y = -2},
    {.bitmap_index = 9897, .adv_w = 256, .box_w = 16, .box_h = 16, .ofs_x = 0, .ofs_y = -2},
    {.bitmap_index = 10006, .adv_w = 256, .box_w = 16, .box_h = 16, .ofs_x = 0, .ofs_y = -2},
    {.bitmap_index = 10115, .adv_w = 256, .box_w = 16, .box_h = 16, .ofs_x = 0, .ofs_y = -2},
    {.bitmap_index = 10229, .adv_w = 256, .box_w = 16, .box_h = 16, .ofs_x = 0, .ofs_y = -2},
    {.bitmap_index = 10335, .adv_w = 256, .box_w = 16, .box_h = 16, .ofs_x = 0, .ofs_y = -2},
    {.bitmap_index = 10439, .adv_w = 256, .box_w = 14, .box_h = 15, .ofs_x = 1, .ofs_y = -2},
    {.bitmap_index = 10520, .adv_w = 256, .box_w = 14, .box_h = 15, .ofs_x = 1, .ofs_y = -2},
    {.bitmap_index = 10607, .adv_w = 256, .box_w = 14, .box_h = 15, .ofs_x = 1, .ofs_y = -2},
    {.bitmap_index = 10697, .adv_w = 256, .box_w = 15, .box_h = 15, .ofs_x = 1, .ofs_y = -1},
    {.bitmap_index = 10787, .adv_w = 256, .box_w = 15, .box_h = 16, .ofs_x = 1, .ofs_y = -2},
    {.bitmap_index = 10878, .adv_w = 256, .box_w = 15, .box_h = 16, .ofs_x = 1, .ofs_y = -2},
    {.bitmap_index = 10978, .adv_w = 256, .box_w = 15, .box_h = 16, .ofs_x = 1, .ofs_y = -2},
    {.bitmap_index = 11079, .adv_w = 256, .box_w = 16, .box_h = 15, .ofs_x = 0, .ofs_y = -1},
    {.bitmap_index = 11186, .adv_w = 256, .box_w = 15, .box_h = 15, .ofs_x = 1, .ofs_y = -2},
    {.bitmap_index = 11266, .adv_w = 256, .box_w = 14, .box_h = 14, .ofs_x = 1, .ofs_y = -1},
    {.bitmap_index = 11343, .adv_w = 256, .box_w = 16, .box_h = 15, .ofs_x = 0, .ofs_y = -2},
    {.bitmap_index = 11442, .adv_w = 256, .box_w = 14, .box_h = 14, .ofs_x = 1, .ofs_y = -1},
    {.bitmap_index = 11522, .adv_w = 256, .box_w = 16, .box_h = 14, .ofs_x = 0, .ofs_y = -1},
    {.bitmap_index = 11614, .adv_w = 256, .box_w = 15, .box_h = 14, .ofs_x = 1, .ofs_y = -1},
    {.bitmap_index = 11703, .adv_w = 256, .box_w = 14, .box_h = 15, .ofs_x = 1, .ofs_y = -2},
    {.bitmap_index = 11786, .adv_w = 256, .box_w = 16, .box_h = 15, .ofs_x = 0, .ofs_y = -2},
    {.bitmap_index = 11898, .adv_w = 256, .box_w = 16, .box_h = 15, .ofs_x = 0, .ofs_y = -2},
    {.bitmap_index = 11990, .adv_w = 256, .box_w = 16, .box_h = 14, .ofs_x = 0, .ofs_y = -2},
    {.bitmap_index = 12074, .adv_w = 256, .box_w = 14, .box_h = 15, .ofs_x = 1, .ofs_y = -1},
    {.bitmap_index = 12143, .adv_w = 256, .box_w = 16, .box_h = 15, .ofs_x = 0, .ofs_y = -1}
};

/*---------------------
 *  CHARACTER MAPPING
 *--------------------*/

static const uint16_t unicode_list_1[] = {
    0x0, 0x7, 0x1ffc, 0x4d50, 0x4d59, 0x4d7d, 0x4ddc, 0x4de4,
    0x4dfe, 0x4e1a, 0x4eac, 0x4f9f, 0x4fac, 0x50b7, 0x50b8, 0x50bd,
    0x5100, 0x5107, 0x514a, 0x51d7, 0x51ef, 0x5222, 0x5225, 0x52c3,
    0x562b, 0x566f, 0x5697, 0x5781, 0x57d3, 0x5823, 0x5834, 0x5866,
    0x586a, 0x586c, 0x5877, 0x5879, 0x588e, 0x58cd, 0x5af4, 0x5b9b,
    0x5d35, 0x5d42, 0x5d88, 0x5da5, 0x5df6, 0x5e87, 0x62e2, 0x62eb,
    0x648e, 0x6500, 0x6535, 0x6592, 0x65c4, 0x65e6, 0x6644, 0x6658,
    0x6659, 0x6771, 0x685d, 0x69af, 0x6b73, 0x6b84, 0x6c25, 0x6d55,
    0x6dfb, 0x6ed6, 0x6f25, 0x7018, 0x7071, 0x7118, 0x71b9, 0x72d7,
    0x7400, 0x7478, 0x74c0, 0x780a, 0x79ca, 0x79e7, 0x7a1b, 0x7b01,
    0x7d2a, 0x7e8a, 0x7ed5, 0x80b6, 0x813a, 0x81bf, 0x81c2, 0x86f2,
    0x89dd, 0x8a1b, 0x8ad0, 0x8f51, 0x8f60, 0x8f81, 0x8f9e, 0x94db,
    0x9501, 0x952c, 0x959d, 0x95b3, 0x95b4, 0x95c0, 0x9632, 0x9638,
    0x963a, 0x9642, 0x9647, 0x9649, 0x964b, 0x9650, 0x9677, 0x9760,
    0x97f8, 0x9a28, 0x9a56
};

/*Collect the unicode lists and glyph_id offsets*/
static const lv_font_fmt_txt_cmap_t cmaps[] =
{
    {
        .range_start = 32, .range_length = 95, .glyph_id_start = 1,
        .unicode_list = NULL, .glyph_id_ofs_list = NULL, .list_length = 0, .type = LV_FONT_FMT_TXT_CMAP_FORMAT0_TINY
    },
    {
        .range_start = 176, .range_length = 39511, .glyph_id_start = 96,
        .unicode_list = unicode_list_1, .glyph_id_ofs_list = NULL, .list_length = 115, .type = LV_FONT_FMT_TXT_CMAP_SPARSE_TINY
    }
};

/*-----------------
 *    KERNING
 *----------------*/


/*Map glyph_ids to kern left classes*/
static const uint8_t kern_left_class_mapping[] =
{
    0, 0, 0, 1, 0, 0, 0, 0,
    1, 2, 0, 0, 0, 3, 4, 3,
    5, 0, 0, 0, 0, 0, 0, 0,
    0, 0, 0, 6, 6, 0, 0, 0,
    0, 0, 7, 8, 9, 10, 11, 12,
    13, 0, 0, 14, 15, 16, 0, 0,
    10, 17, 10, 18, 19, 20, 21, 22,
    23, 24, 25, 26, 2, 27, 0, 0,
    0, 0, 28, 29, 30, 0, 31, 32,
    33, 34, 0, 0, 35, 36, 34, 34,
    29, 29, 37, 38, 39, 40, 37, 41,
    42, 43, 44, 45, 2, 0, 0, 0,
    0, 0, 0, 0, 0, 0, 0, 0,
    0, 0, 0, 0, 0, 0, 0, 0,
    0, 0, 0, 0, 0, 0, 0, 0,
    0, 0, 0, 0, 0, 0, 0, 0,
    0, 0, 0, 0, 0, 0, 0, 0,
    0, 0, 0, 0, 0, 0, 0, 0,
    0, 0, 0, 0, 0, 0, 0, 0,
    0, 0, 0, 0, 0, 0, 0, 0,
    0, 0, 0, 0, 0, 0, 0, 0,
    0, 0, 0, 0, 0, 0, 0, 0,
    0, 0, 0, 0, 0, 0, 0, 0,
    0, 0, 0, 0, 0, 0, 0, 0,
    0, 0, 0, 0, 0, 0, 0, 0,
    0, 0, 0, 0, 0, 0, 0, 0,
    0, 0, 0
};

/*Map glyph_ids to kern right classes*/
static const uint8_t kern_right_class_mapping[] =
{
    0, 0, 1, 2, 0, 0, 0, 0,
    2, 0, 3, 4, 0, 5, 6, 5,
    7, 0, 0, 0, 0, 0, 0, 0,
    0, 0, 0, 8, 8, 0, 0, 0,
    9, 0, 10, 0, 11, 0, 0, 0,
    11, 0, 0, 12, 0, 0, 0, 0,
    11, 0, 11, 0, 13, 14, 15, 16,
    17, 18, 19, 20, 0, 21, 3, 0,
    0, 0, 22, 0, 23, 23, 23, 24,
    25, 0, 26, 27, 0, 0, 28, 28,
    23, 28, 23, 28, 29, 30, 31, 32,
    33, 34, 35, 36, 0, 0, 3, 0,
    0, 0, 0, 0, 0, 0, 0, 0,
    0, 0, 0, 0, 0, 0, 0, 0,
    0, 0, 0, 0, 0, 0, 0, 0,
    0, 0, 0, 0, 0, 0, 0, 0,
    0, 0, 0, 0, 0, 0, 0, 0,
    0, 0, 0, 0, 0, 0, 0, 0,
    0, 0, 0, 0, 0, 0, 0, 0,
    0, 0, 0, 0, 0, 0, 0, 0,
    0, 0, 0, 0, 0, 0, 0, 0,
    0, 0, 0, 0, 0, 0, 0, 0,
    0, 0, 0, 0, 0, 0, 0, 0,
    0, 0, 0, 0, 0, 0, 0, 0,
    0, 0, 0, 0, 0, 0, 0, 0,
    0, 0, 0, 0, 0, 0, 0, 0,
    0, 0, 0
};

/*Kern values between classes*/
static const int8_t kern_class_values[] =
{
    0, 0, 0, 0, -28, 0, 0, 0,
    0, -12, 0, -23, -3, 0, 0, 0,
    0, -3, 0, 0, 0, 0, -11, 0,
    0, 0, 0, 0, -6, 0, 0, 0,
    0, 0, 0, 0, 0, 0, 0, 0,
    0, 0, 0, 0, 0, 0, 0, -6,
    0, 0, 0, 0, 0, 0, 0, 0,
    0, 0, 0, 0, 0, 0, 23, 0,
    0, 0, 0, 0, 0, 0, 0, 0,
    0, -20, 0, -32, 0, 0, 0, 0,
    0, 0, 0, 0, 0, -28, -4, -16,
    -8, 0, -22, 0, 0, 0, -3, 0,
    0, 0, 5, 0, 0, -9, 0, -4,
    -3, 0, -6, 0, 0, 0, 0, 0,
    0, 0, 0, 0, 0, 0, 0, -6,
    -3, -11, 0, -5, -3, -6, -16, -6,
    0, 0, 0, 0, 0, 0, 0, 0,
    0, -8, 0, 0, 0, -3, 0, 0,
    0, 0, 0, 0, 0, 0, 0, 0,
    0, -11, -3, -23, 0, 0, 0, 0,
    0, 0, 0, 0, 0, -6, -12, 0,
    -3, 11, 11, 0, 0, 5, -6, 0,
    0, 0, 0, 0, 0, 0, 0, -18,
    0, 0, 0, 0, 0, 0, 0, 0,
    0, 0, 0, 0, 0, 0, -5, 0,
    0, 0, 0, 0, 0, 0, 1, 0,
    0, 0, 0, 0, 0, 0, 0, 0,
    0, -12, 0, -29, 0, 0, 0, 0,
    -5, -3, -3, 0, 0, -12, -5, -3,
    0, 3, -3, -3, -11, 8, 0, -3,
    0, 0, 0, 0, 8, -3, -3, 0,
    0, 0, 0, 0, 0, 0, 0, -8,
    0, 0, 0, 0, 0, 0, 0, -4,
    -3, -6, 0, 0, 0, 0, -3, 0,
    0, 0, 0, 0, 0, 0, 0, 0,
    0, -3, 0, -3, -3, -3, -3, 0,
    0, 0, 0, 0, 0, -5, 0, 0,
    0, 0, -6, -3, -6, -6, -3, 0,
    0, 0, 0, -3, 0, 0, 0, 0,
    -6, 0, 0, 0, 0, -6, -3, -3,
    -3, 0, -3, 0, 0, 0, 0, -12,
    0, 0, -6, 0, 0, -3, 0, -8,
    0, -6, 0, -3, -3, -3, -6, -6,
    0, 0, 0, 0, 0, 0, 0, 0,
    0, 0, 0, 0, 0, -3, 0, 0,
    0, 0, 0, 0, 0, 0, 0, 0,
    0, 0, 0, 0, 0, 0, 0, 0,
    0, 0, 0, 0, 0, 0, -3, 0,
    0, 0, 0, 0, 0, -6, 0, -3,
    0, -6, -3, 0, 0, 0, 0, 0,
    -16, 0, -24, 0, 0, -10, -3, -40,
    -4, 0, 0, 3, 3, -6, 4, -8,
    0, -8, -3, 0, -6, 0, 0, -6,
    -4, -3, -4, -3, -2, -5, -2, -4,
    0, 0, 0, -9, 0, 0, 0, 0,
    0, 0, 0, 0, 0, -6, 0, -3,
    0, 0, 0, 0, 0, 0, 0, 0,
    0, 0, 0, 0, 0, 0, 0, 0,
    0, 0, 0, 0, 0, 0, 0, 0,
    -6, 0, 0, 0, 0, 0, 0, -11,
    0, 0, 0, 0, 0, 0, 0, 0,
    0, 0, 0, 0, 0, 0, 0, 0,
    0, 0, 0, 0, 0, 0, 0, 0,
    0, -3, 0, -11, 0, -4, 0, 0,
    0, -3, -4, 0, 0, -3, -3, -2,
    -3, 0, -2, 0, 0, 0, 0, 0,
    0, 0, -3, 0, 0, -5, -5, -3,
    -2, -2, -3, -3, 0, -14, 0, -39,
    0, -17, 0, 0, -5, 3, -5, 0,
    -5, -34, -6, -21, -15, 0, -19, 0,
    -23, 0, -3, -3, 0, 0, 0, 0,
    0, -4, -3, -6, -8, 0, -6, 0,
    0, 0, 0, 0, -27, -11, -27, 0,
    0, -14, 0, -42, -3, -9, 0, 0,
    0, -6, -3, -28, 0, -14, -7, 0,
    -12, 0, 0, 0, -3, 0, 0, 0,
    0, -3, 0, -6, 0, 0, 0, -3,
    0, -9, 0, 0, 0, 0, 0, -6,
    -4, -3, 0, 5, 3, 0, 3, -3,
    0, 0, -3, 0, 0, 0, 0, 0,
    0, 0, 0, 0, 0, 0, 0, 0,
    0, 0, 0, -6, 0, 3, 0, 0,
    0, 0, 0, -3, -3, -6, 0, 0,
    0, 0, -3, 0, 0, 0, 0, 0,
    0, 0, 0, 0, 0, -6, 0, 0,
    0, 0, 0, 3, 0, 0, 0, 0,
    -28, -23, -30, -6, 0, -11, -6, -37,
    -14, 0, 0, 0, 0, -6, -3, -17,
    0, -23, -16, -6, -23, 0, 0, -14,
    -16, -6, -14, -11, -12, -14, -11, -24,
    0, 0, 0, 0, -2, 0, -12, 0,
    0, -6, 0, -11, -3, 0, 0, 0,
    0, -3, -3, 0, 0, 0, 0, 0,
    -3, 0, 0, 0, 0, 0, 0, 0,
    0, 0, 0, 0, 0, 0, 0, 0,
    -16, -5, -17, 0, 0, -3, -3, -23,
    -3, 0, -3, 3, 0, 0, 0, -5,
    0, -3, -3, 0, -6, 0, 0, -6,
    -2, 0, -8, -2, -2, -3, -2, -8,
    0, 0, 0, 0, -8, -3, -13, 0,
    0, 0, -3, -22, -3, 0, 0, 0,
    0, 0, 0, -3, 0, -6, 0, 0,
    -6, 0, 0, 0, 0, 0, 0, 0,
    0, 0, 0, -3, 0, -3, 0, -3,
    0, -6, 0, 0, 0, 3, -3, 3,
    -3, -6, -3, 0, 0, 0, 0, 0,
    0, -3, 0, -2, 0, 0, 0, 0,
    0, -2, -3, -2, -3, -3, -2, -3,
    0, 0, 0, 0, -21, -16, -23, -5,
    0, -3, -3, -28, -4, -3, -3, 0,
    0, 0, 0, -8, 0, -17, -9, 0,
    -17, 0, 0, -11, -9, -3, -8, -3,
    -6, -8, -3, -11, 0, 0, 0, 0,
    0, -12, 0, 0, 0, -3, -6, -11,
    -8, 0, -3, -3, -3, 0, -3, -6,
    0, -6, -8, -6, -5, 0, 0, 0,
    0, -3, -8, -6, -6, -6, -6, 0,
    0, 0, 0, 0, 0, 0, 0, 0,
    0, 0, 0, 0, 0, -28, -11, -17,
    -11, 0, -23, 0, 0, 0, 0, 0,
    11, 0, 23, 0, 0, 0, 0, -6,
    -3, 0, 6, 0, 0, 0, 0, -17,
    0, 0, 0, 0, 1, 0, 0, 0,
    0, -6, 0, -2, 0, 0, -6, 0,
    0, 0, 0, 0, 0, 0, 0, 0,
    0, -3, 0, 0, 0, 0, 0, 0,
    0, -11, 0, -11, -3, 3, 0, 0,
    1, 0, 0, 0, 0, -16, 0, -5,
    0, 0, -11, 0, -5, -5, 0, 0,
    0, 0, 0, 0, 0, -3, 0, 0,
    0, -3, 0, 0, 0, 0, 0, 0,
    0, -3, 0, 0, 0, 0, 0, 0,
    0, -6, 0, -3, 0, 0, -6, 0,
    0, -3, -5, 0, -3, 0, 0, 0,
    0, -3, 0, 3, 3, 5, 3, 0,
    0, 0, 0, -12, 0, 3, 0, 0,
    0, 0, 0, -6, -6, -6, 0, -2,
    -3, 0, -5, 0, -3, -5, 0, 0,
    -3, 0, 0, 0, 0, -3, 0, 4,
    4, 0, 4, 2, 6, 11, 17, 0,
    -11, -3, -6, 0, 8, 0, 0, 0,
    0, 14, 0, 20, 14, 11, 20, 0,
    24, -6, -3, 0, -5, 0, -3, 0,
    0, 0, 0, 6, 0, 0, 0, -3,
    0, 0, 6, -11, 0, 0, 18, 0,
    -8, 0, 0, 0, 0, -5, 0, 0,
    0, 0, -3, 0, 0, -4, -3, 0,
    0, 0, 8, 0, 0, 0, 0, 0,
    0, 0, 7, -3, 0, 0, 0, -12,
    0, 0, 0, 0, 0, 0, 0, 0,
    0, -6, 0, -3, 0, 0, -2, 0,
    0, 0, 0, 0, 0, 0, 0, 0,
    0, 0, 0, 0, 0, 0, 0, 0,
    0, 0, 0, -6, 6, -4, 0, 6,
    1, 0, 0, 0, 0, -6, 0, 0,
    0, 0, -2, 0, 0, -3, -3, 0,
    -3, 0, -3, 0, 0, -3, -3, 0,
    0, 0, 0, 0, 0, 0, 0, 0,
    0, 0, 0, 0, 0, 0, 0, 0,
    0, 0, 0, 0, 0, 0, 0, 0,
    0, 0, 0, 0, 0, 0, 2, 0,
    0, 0, 0, 0, 0, 0, 0, 0,
    0, 0, 0, -9, 0, 0, 0, 0,
    0, 0, 0, 0, 0, -6, 0, -3,
    0, 0, -8, 0, 0, 0, 0, 0,
    0, 0, 0, 0, 0, 0, 0, 0,
    0, 0, 0, 0, 0, 0, 0, 0,
    -9, -6, -12, 11, 0, -3, 0, -12,
    0, 0, 0, 0, 0, 0, 0, -3,
    6, -6, -3, 0, -3, 0, 0, 0,
    0, 0, 0, 11, 8, 0, 11, 0,
    0, 0, 0, -18, 0, 3, 0, 0,
    0, 0, 0, 0, 0, -6, 0, -3,
    0, 0, -6, 0, 0, 0, 0, 0,
    0, 0, 0, 0, 0, -6, 0, 0,
    0, 0, 0, 0, 0, 0, 0, 0,
    6, -5, 6, 6, -5, 0, 0, 0,
    0, -3, 0, 0, 0, 0, 0, 0,
    0, -6, -3, 0, -3, 0, 0, 0,
    -3, -6, 0, 0, 0, -6, 0, 0,
    0, 0, 0, -3, -4, 0, -6, 0,
    0, -3, 0, -11, 0, -6, 0, -2,
    0, 0, -3, -3, 0, -6, 0, 0,
    0, 0, -3, 0, 0, 0, 0, 0,
    0, 0, 0, -6, 0, 0, 0, -3,
    -2, 0, -3, 0, 0, 0, 0, -8,
    0, -6, 0, -2, 0, -3, -6, 0,
    0, -3, 0, 0, 0, 0, -3, 0,
    0, 0, 0, 0, 0, 0, 0, -3,
    -3, 0, 0, -7, 0, -3, 0, 0,
    0, 0, -3, 0, 0, -11, 0, -3,
    0, -3, -8, 0, 0, -3, -3, 0,
    0, 0, 0, 0, 0, -6, 0, 0,
    0, 0, 3, 0, 0, 0, 0, 0,
    -4, 0, -6, 0, 0, 0, 0, -11,
    0, -6, 0, 0, 0, 0, 0, 0,
    0, -6, 0, 0, 0, 0, -3, 0,
    0, 0, 0, 0, 0, -3, 0, -6,
    0, 0, 0, 0, 0, -2, 0, 0,
    0, 0, 0, 0, 0, -8, 0, 0,
    0, 0, -11, 0, 0, -8, -3, 0,
    -3, 0, 0, 0, 0, 0, -3, 0,
    0, 0, 0, 0
};


/*Collect the kern class' data in one place*/
static const lv_font_fmt_txt_kern_classes_t kern_classes =
{
    .class_pair_values   = kern_class_values,
    .left_class_mapping  = kern_left_class_mapping,
    .right_class_mapping = kern_right_class_mapping,
    .left_class_cnt      = 45,
    .right_class_cnt     = 36,
};

/*--------------------
 *  ALL CUSTOM DATA
 *--------------------*/

#if LVGL_VERSION_MAJOR == 8
/*Store all the custom data of the font*/
static  lv_font_fmt_txt_glyph_cache_t cache;
#endif

#if LVGL_VERSION_MAJOR >= 8
static const lv_font_fmt_txt_dsc_t font_dsc = {
#else
static lv_font_fmt_txt_dsc_t font_dsc = {
#endif
    .glyph_bitmap = glyph_bitmap,
    .glyph_dsc = glyph_dsc,
    .cmaps = cmaps,
    .kern_dsc = &kern_classes,
    .kern_scale = 16,
    .cmap_num = 2,
    .bpp = 4,
    .kern_classes = 1,
    .bitmap_format = 1,
#if LVGL_VERSION_MAJOR == 8
    .cache = &cache
#endif
};



/*-----------------
 *  PUBLIC FONT
 *----------------*/

/*Initialize a public general font descriptor*/
#if LVGL_VERSION_MAJOR >= 8
const lv_font_t font_noto_16 = {
#else
lv_font_t font_noto_16 = {
#endif
    .get_glyph_dsc = lv_font_get_glyph_dsc_fmt_txt,    /*Function pointer to get glyph's data*/
    .get_glyph_bitmap = lv_font_get_bitmap_fmt_txt,    /*Function pointer to get glyph's bitmap*/
    .line_height = 19,          /*The maximum line height required by the font*/
    .base_line = 5,             /*Baseline measured from the bottom of the line*/
#if !(LVGL_VERSION_MAJOR == 6 && LVGL_VERSION_MINOR == 0)
    .subpx = LV_FONT_SUBPX_NONE,
#endif
#if LV_VERSION_CHECK(7, 4, 0) || LVGL_VERSION_MAJOR >= 8
    .underline_position = -2,
    .underline_thickness = 1,
#endif
    .dsc = &font_dsc,          /*The custom font data. Will be accessed by `get_glyph_bitmap/dsc` */
#if LV_VERSION_CHECK(8, 2, 0) || LVGL_VERSION_MAJOR >= 9
    .fallback = NULL,
#endif
    .user_data = NULL,
};



#endif /*#if FONT_NOTO_16*/

